# Converted from HGS (Mercury 3D Engine)
# Model: Wuerfel
o Wuerfel

# Submesh 0: 827 vertices
v -0.631190 0.712470 0.771971
vn -0.112922 0.488332 0.865321
vt 0.645242 0.322434
v -0.631190 0.771971 0.712470
vn -0.069812 0.854929 0.514025
vt 0.630513 0.347876
v -0.671830 0.771971 0.701581
vn -0.265450 0.847435 0.459773
vt 0.617757 0.342390
v -0.701581 0.712470 -0.753110
vn -0.437991 0.482342 -0.758624
vt 0.597637 0.312931
v -0.671830 0.771971 -0.701581
vn -0.265450 0.847435 -0.459773
vt 0.603028 0.342390
v -0.631190 0.771971 -0.712470
vn -0.069812 0.854929 -0.514025
vt 0.590272 0.347876
v -0.631190 0.712470 -0.771971
vn -0.112922 0.488332 -0.865321
vt 0.575543 0.322434
v 0.793750 0.315533 -0.315595
vn 1.000000 -0.000000 0.000000
vt 0.171875 0.343732
v 0.793750 0.315538 0.000000
vn 1.000000 -0.000000 0.000000
vt 0.125000 0.343733
v 0.793750 -0.000010 0.000000
vn 1.000000 0.000000 -0.000000
vt 0.125000 0.249997
v 0.793750 -0.000010 -0.315595
vn 1.000000 0.000000 -0.000000
vt 0.171875 0.249997
v 0.793750 0.631190 0.000000
vn 0.991445 0.130526 0.000000
vt 0.125000 0.437500
v 0.793750 0.631190 0.315595
vn 0.991445 0.130526 0.000000
vt 0.078125 0.437500
v 0.793750 0.315543 0.315595
vn 1.000000 -0.000000 0.000000
vt 0.078125 0.343734
v 0.793750 -0.000010 0.315595
vn 1.000000 0.000000 0.000000
vt 0.078125 0.249997
v 0.793750 -0.315647 0.315595
vn 1.000000 0.000000 0.000000
vt 0.078125 0.156235
v 0.793750 -0.315652 0.000000
vn 1.000000 0.000000 -0.000000
vt 0.125000 0.156233
v 0.793750 -0.315657 -0.315595
vn 1.000000 0.000000 0.000000
vt 0.171875 0.156232
v 0.793750 0.631190 -0.315595
vn 0.991445 0.130526 0.000000
vt 0.171875 0.437500
v 0.793750 0.631190 -0.631190
vn 0.983441 0.128148 -0.128148
vt 0.218750 0.437500
v 0.793750 0.315528 -0.631190
vn 0.991445 -0.000000 -0.130526
vt 0.218750 0.343730
v 0.793750 -0.000010 -0.631190
vn 0.991445 0.000000 -0.130526
vt 0.218750 0.249997
v 0.793750 -0.315662 -0.631190
vn 0.991445 0.000000 -0.130526
vt 0.218750 0.156230
v 0.793750 -0.631190 -0.631190
vn 0.983441 -0.128148 -0.128148
vt 0.218750 0.062500
v 0.793750 -0.631190 -0.315595
vn 0.991445 -0.130526 -0.000000
vt 0.171875 0.062500
v 0.793750 -0.631190 0.000000
vn 0.991445 -0.130526 -0.000000
vt 0.125000 0.062500
v 0.793750 -0.631190 0.315595
vn 0.991445 -0.130526 -0.000000
vt 0.078125 0.062500
v 0.793750 -0.631190 0.631190
vn 0.983441 -0.128148 0.128148
vt 0.031250 0.062500
v 0.793750 -0.315642 0.631190
vn 0.991445 0.000000 0.130526
vt 0.031250 0.156236
v 0.793750 -0.000010 0.631190
vn 0.991445 0.000000 0.130526
vt 0.031250 0.249997
v 0.793750 0.315548 0.631190
vn 0.991445 -0.000000 0.130526
vt 0.031250 0.343736
v 0.793750 0.631190 0.631190
vn 0.983441 0.128148 0.128148
vt 0.031250 0.437500
v -0.793750 -0.000010 -0.000000
vn -1.000000 0.000000 -0.000000
vt 0.375000 0.749997
v -0.793750 -0.000010 -0.315595
vn -1.000000 0.000000 -0.000000
vt 0.328125 0.749997
v -0.793750 -0.315615 -0.315595
vn -1.000000 -0.000000 0.000000
vt 0.328125 0.656244
v -0.793750 -0.315610 -0.000000
vn -1.000000 -0.000000 0.000000
vt 0.375000 0.656246
v -0.793750 0.315575 -0.315595
vn -1.000000 0.000000 -0.000000
vt 0.328125 0.843744
v -0.793750 0.315570 -0.631190
vn -0.991445 0.000000 -0.130526
vt 0.281250 0.843743
v -0.793750 -0.000010 -0.631190
vn -0.991445 0.000000 -0.130526
vt 0.281250 0.749997
v -0.793750 0.315580 -0.000000
vn -1.000000 0.000000 -0.000000
vt 0.375000 0.843746
v -0.793750 0.315585 0.315595
vn -1.000000 0.000000 -0.000000
vt 0.421875 0.843747
v -0.793750 -0.000010 0.315595
vn -1.000000 0.000000 -0.000000
vt 0.421875 0.749997
v -0.793750 -0.315605 0.315595
vn -1.000000 -0.000000 0.000000
vt 0.421875 0.656247
v -0.793750 -0.315620 -0.631190
vn -0.991445 -0.000000 -0.130526
vt 0.281250 0.656243
v -0.793750 -0.631190 -0.631190
vn -0.983441 -0.128148 -0.128148
vt 0.281250 0.562500
v -0.793750 -0.631190 -0.315595
vn -0.991445 -0.130526 -0.000000
vt 0.328125 0.562500
v -0.793750 -0.631190 -0.000000
vn -0.991445 -0.130526 0.000000
vt 0.375000 0.562500
v -0.793750 -0.631190 0.315595
vn -0.991445 -0.130526 0.000000
vt 0.421875 0.562500
v -0.793750 -0.631190 0.631190
vn -0.983441 -0.128148 0.128148
vt 0.468750 0.562500
v -0.793750 -0.315600 0.631190
vn -0.991445 -0.000000 0.130526
vt 0.468750 0.656249
v -0.793750 -0.000010 0.631190
vn -0.991445 0.000000 0.130526
vt 0.468750 0.749997
v -0.793750 0.315590 0.631190
vn -0.991445 0.000000 0.130526
vt 0.468750 0.843748
v -0.793750 0.631190 0.631190
vn -0.983441 0.128148 0.128148
vt 0.468750 0.937500
v -0.793750 0.631190 0.315595
vn -0.991445 0.130526 -0.000000
vt 0.421875 0.937500
v -0.793750 0.631190 -0.000000
vn -0.991445 0.130526 -0.000000
vt 0.375000 0.937500
v -0.793750 0.631190 -0.315595
vn -0.991445 0.130526 -0.000000
vt 0.328125 0.937500
v -0.793750 0.631190 -0.631190
vn -0.983441 0.128148 -0.128148
vt 0.281250 0.937500
v 0.712470 -0.315638 0.771971
vn 0.500000 0.000000 0.866026
vt 0.592289 0.188172
v 0.631190 -0.315635 0.793750
vn 0.130526 0.000000 0.991445
vt 0.560231 0.188172
v 0.631190 -0.631190 0.793750
vn 0.128148 -0.128148 0.983441
vt 0.560231 0.162888
v 0.712470 -0.000010 0.771971
vn 0.500000 0.000000 0.866026
vt 0.592289 0.213455
v -0.712470 -0.000010 0.771971
vn -0.500000 0.000000 0.866025
vt 0.629308 0.213455
v -0.631190 -0.000010 0.793750
vn -0.130526 0.000000 0.991445
vt 0.661367 0.213455
v -0.631190 0.315588 0.793750
vn -0.130526 0.000000 0.991445
vt 0.661367 0.238740
v -0.712470 -0.315600 0.771971
vn -0.500000 -0.000000 0.866026
vt 0.629308 0.188172
v -0.771971 -0.000010 0.712470
vn -0.866025 0.000000 0.500000
vt 0.592289 0.213455
v -0.712470 0.315590 0.771971
vn -0.500000 0.000000 0.866026
vt 0.629308 0.238740
v -0.771971 -0.315599 0.712470
vn -0.866025 -0.000000 0.500000
vt 0.592289 0.188172
v -0.793750 -0.000010 0.631190
vn -0.991445 0.000000 0.130526
vt 0.560231 0.213455
v -0.771971 0.315591 0.712470
vn -0.866025 0.000000 0.500000
vt 0.592289 0.238740
v -0.793750 -0.315600 0.631190
vn -0.991445 -0.000000 0.130526
vt 0.560231 0.188172
v -0.712470 0.631190 0.771971
vn -0.495898 0.127827 0.858921
vt 0.629308 0.264024
v -0.771971 0.631190 0.712470
vn -0.858921 0.127826 0.495898
vt 0.592289 0.264024
v -0.771971 -0.631190 0.712470
vn -0.858921 -0.127826 0.495898
vt 0.592289 0.162888
v -0.712470 -0.631190 0.771971
vn -0.495898 -0.127827 0.858921
vt 0.629308 0.162888
v -0.631190 0.631190 0.793750
vn -0.128148 0.128148 0.983441
vt 0.661367 0.264024
v -0.712470 0.631190 0.771971
vn -0.495898 0.127827 0.858921
vt 0.629308 0.264024
v -0.793750 -0.631190 0.631190
vn -0.983441 -0.128148 0.128148
vt 0.560231 0.162888
v -0.771971 -0.631190 0.712470
vn -0.858921 -0.127826 0.495898
vt 0.592289 0.162888
v -0.631190 -0.315602 0.793750
vn -0.130526 -0.000000 0.991445
vt 0.661367 0.188172
v -0.712470 -0.315600 0.771971
vn -0.500000 -0.000000 0.866026
vt 0.629308 0.188172
v -0.712470 -0.631190 0.771971
vn -0.495898 -0.127827 0.858921
vt 0.629308 0.162888
v -0.631190 -0.000010 0.793750
vn -0.130526 0.000000 0.991445
vt 0.661367 0.213455
v -0.712470 -0.315600 0.771971
vn -0.500000 -0.000000 0.866026
vt 0.629308 0.188172
v -0.771971 -0.315599 0.712470
vn -0.866025 -0.000000 0.500000
vt 0.592289 0.188172
v -0.771971 -0.631190 0.712470
vn -0.858921 -0.127826 0.495898
vt 0.592289 0.162888
v -0.712470 -0.000010 0.771971
vn -0.500000 0.000000 0.866025
vt 0.629308 0.213455
v -0.631190 0.315588 0.793750
vn -0.130526 0.000000 0.991445
vt 0.661367 0.238740
v -0.712470 0.315590 0.771971
vn -0.500000 0.000000 0.866026
vt 0.629308 0.238740
v -0.631190 0.631190 0.793750
vn -0.128148 0.128148 0.983441
vt 0.661367 0.264024
v -0.771971 -0.315599 0.712470
vn -0.866025 -0.000000 0.500000
vt 0.592289 0.188172
v -0.793750 -0.315600 0.631190
vn -0.991445 -0.000000 0.130526
vt 0.560231 0.188172
v -0.793750 -0.631190 0.631190
vn -0.983441 -0.128148 0.128148
vt 0.560231 0.162888
v -0.771971 -0.000010 0.712470
vn -0.866025 0.000000 0.500000
vt 0.592289 0.213455
v -0.712470 0.315590 0.771971
vn -0.500000 0.000000 0.866026
vt 0.629308 0.238740
v -0.771971 0.315591 0.712470
vn -0.866025 0.000000 0.500000
vt 0.592289 0.238740
v -0.712470 0.631190 0.771971
vn -0.495898 0.127827 0.858921
vt 0.629308 0.264024
v -0.771971 -0.000010 -0.712470
vn -0.866025 0.000000 -0.500000
vt 0.629308 0.213455
v -0.793750 -0.000010 -0.631190
vn -0.991445 0.000000 -0.130526
vt 0.661367 0.213455
v -0.793750 0.315570 -0.631190
vn -0.991445 0.000000 -0.130526
vt 0.661367 0.238740
v -0.771971 -0.315622 -0.712470
vn -0.866025 -0.000000 -0.500000
vt 0.629308 0.188172
v -0.712470 -0.000010 -0.771971
vn -0.500000 0.000000 -0.866026
vt 0.592289 0.213455
v -0.771971 0.315568 -0.712470
vn -0.866025 0.000000 -0.500000
vt 0.629308 0.238740
v -0.712470 -0.315624 -0.771971
vn -0.500000 -0.000000 -0.866026
vt 0.592289 0.188172
v -0.631190 -0.000010 -0.793750
vn -0.130526 0.000000 -0.991445
vt 0.560231 0.213455
v -0.712470 0.315566 -0.771971
vn -0.500000 0.000000 -0.866026
vt 0.592289 0.238740
v -0.631190 -0.315627 -0.793750
vn -0.130526 0.000000 -0.991445
vt 0.560231 0.188172
v -0.771971 0.631190 -0.712470
vn -0.858921 0.127826 -0.495898
vt 0.629308 0.264024
v -0.712470 0.631190 -0.771971
vn -0.495898 0.127827 -0.858921
vt 0.592289 0.264024
v -0.712470 -0.631190 -0.771971
vn -0.495898 -0.127827 -0.858921
vt 0.592289 0.162888
v -0.771971 -0.631190 -0.712470
vn -0.858921 -0.127826 -0.495898
vt 0.629308 0.162888
v -0.793750 0.631190 -0.631190
vn -0.983441 0.128148 -0.128148
vt 0.661367 0.264024
v -0.771971 0.631190 -0.712470
vn -0.858921 0.127826 -0.495898
vt 0.629308 0.264024
v -0.631190 -0.631190 -0.793750
vn -0.128148 -0.128148 -0.983441
vt 0.560231 0.162888
v -0.712470 -0.631190 -0.771971
vn -0.495898 -0.127827 -0.858921
vt 0.592289 0.162888
v -0.793750 -0.315620 -0.631190
vn -0.991445 -0.000000 -0.130526
vt 0.661367 0.188172
v -0.771971 -0.315622 -0.712470
vn -0.866025 -0.000000 -0.500000
vt 0.629308 0.188172
v -0.771971 -0.631190 -0.712470
vn -0.858921 -0.127826 -0.495898
vt 0.629308 0.162888
v -0.793750 -0.000010 -0.631190
vn -0.991445 0.000000 -0.130526
vt 0.661367 0.213455
v -0.771971 -0.315622 -0.712470
vn -0.866025 -0.000000 -0.500000
vt 0.629308 0.188172
v -0.712470 -0.315624 -0.771971
vn -0.500000 -0.000000 -0.866026
vt 0.592289 0.188172
v -0.712470 -0.631190 -0.771971
vn -0.495898 -0.127827 -0.858921
vt 0.592289 0.162888
v -0.771971 -0.000010 -0.712470
vn -0.866025 0.000000 -0.500000
vt 0.629308 0.213455
v 0.631190 -0.712470 0.771971
vn 0.112922 -0.488332 0.865321
vt 0.610822 0.121321
v 0.631190 -0.631190 0.793750
vn 0.128148 -0.128148 0.983441
vt 0.610822 0.153347
v 0.315595 -0.631190 0.793750
vn 0.000000 -0.130526 0.991445
vt 0.585563 0.153347
v 0.315595 -0.712470 0.771971
vn 0.000000 -0.500000 0.866025
vt 0.585563 0.121321
v 0.631190 -0.771971 0.712470
vn 0.069812 -0.854929 0.514025
vt 0.610822 0.084340
v 0.315595 -0.771971 0.712470
vn 0.000000 -0.866025 0.500000
vt 0.585563 0.084339
v 0.631190 -0.793750 0.631190
vn 0.108729 -0.988107 0.108729
vt 0.610822 0.052313
v 0.315595 -0.793750 0.631190
vn 0.000000 -0.991445 0.130526
vt 0.585563 0.052313
v -0.701581 0.771971 -0.671830
vn -0.459773 0.847435 -0.265450
vt 0.617757 0.342390
v -0.753110 0.712470 -0.701581
vn -0.758624 0.482342 -0.437992
vt 0.623148 0.312931
v -0.771971 0.712470 -0.631190
vn -0.865321 0.488332 -0.112921
vt 0.645242 0.322434
v -0.771971 0.712470 -0.631190
vn -0.865321 0.488332 -0.112921
vt 0.645242 0.322434
v -0.712470 0.771971 -0.631190
vn -0.514025 0.854929 -0.069812
vt 0.630513 0.347876
v 0.315595 0.793750 -0.631190
vn 0.000000 0.991445 -0.130526
vt 0.585563 0.153347
v 0.631190 0.793750 -0.631190
vn 0.108730 0.988107 -0.108730
vt 0.560305 0.153347
v 0.631190 0.771971 -0.712470
vn 0.069812 0.854929 -0.514025
vt 0.560305 0.121321
v 0.000000 0.793750 -0.631190
vn 0.000000 0.991445 -0.130526
vt 0.610822 0.153347
v 0.000000 0.771971 -0.712470
vn 0.000000 0.866025 -0.500000
vt 0.610822 0.121321
v -0.315595 0.771971 -0.712470
vn 0.000000 0.866025 -0.500000
vt 0.636081 0.121321
v 0.315595 0.771971 -0.712470
vn 0.000000 0.866025 -0.500000
vt 0.585563 0.121321
v 0.631190 0.712470 -0.771971
vn 0.112922 0.488332 -0.865321
vt 0.560305 0.084339
v 0.315595 0.712470 -0.771971
vn 0.000000 0.500000 -0.866025
vt 0.585563 0.084339
v 0.631190 0.631190 -0.793750
vn 0.128148 0.128148 -0.983441
vt 0.560305 0.052313
v 0.315595 0.631190 -0.793750
vn -0.000000 0.130526 -0.991445
vt 0.585563 0.052313
v 0.000000 0.631190 -0.793750
vn 0.000000 0.130526 -0.991445
vt 0.610822 0.052313
v 0.000000 0.712470 -0.771971
vn 0.000000 0.500000 -0.866025
vt 0.610822 0.084340
v -0.315595 0.631190 -0.793750
vn -0.000000 0.130526 -0.991445
vt 0.636081 0.052313
v -0.315595 0.712470 -0.771971
vn -0.000000 0.500001 -0.866025
vt 0.636081 0.084340
v -0.631190 0.631190 -0.793750
vn -0.128148 0.128148 -0.983441
vt 0.661339 0.052313
v -0.631190 0.712470 -0.771971
vn -0.112922 0.488332 -0.865321
vt 0.661339 0.084340
v -0.631190 0.771971 -0.712470
vn -0.069812 0.854929 -0.514025
vt 0.661339 0.121321
v -0.315595 0.793750 -0.631190
vn 0.000000 0.991445 -0.130527
vt 0.636081 0.153347
v -0.631190 0.793750 -0.631190
vn -0.108730 0.988107 -0.108730
vt 0.661339 0.153347
v 0.631190 0.793750 -0.631190
vn 0.108730 0.988107 -0.108730
vt 0.610393 0.368161
v 0.671830 0.771971 -0.701581
vn 0.265450 0.847435 -0.459773
vt 0.617757 0.342390
v 0.631190 0.771971 -0.712470
vn 0.069812 0.854929 -0.514025
vt 0.630513 0.347876
v 0.631190 0.771971 0.712470
vn 0.069812 0.854929 0.514025
vt 0.610822 0.121321
v 0.631190 0.793750 0.631190
vn 0.108730 0.988107 0.108730
vt 0.610822 0.153347
v 0.315595 0.793750 0.631190
vn 0.000000 0.991445 0.130526
vt 0.585563 0.153347
v 0.315595 0.771971 0.712470
vn 0.000000 0.866025 0.500000
vt 0.585563 0.121321
v 0.631190 0.712470 0.771971
vn 0.112921 0.488332 0.865321
vt 0.610822 0.084340
v 0.315595 0.712470 0.771971
vn 0.000000 0.500000 0.866025
vt 0.585563 0.084339
v 0.631190 0.631190 0.793750
vn 0.128148 0.128148 0.983441
vt 0.610822 0.052313
v 0.315595 0.631190 0.793750
vn 0.000000 0.130526 0.991445
vt 0.585563 0.052313
v 0.631190 0.793750 -0.631190
vn 0.108730 0.988107 -0.108730
vt 0.610393 0.368161
v 0.712470 0.771971 -0.631190
vn 0.514025 0.854929 -0.069812
vt 0.590272 0.347876
v 0.701581 0.771971 -0.671830
vn 0.459772 0.847435 -0.265450
vt 0.603028 0.342390
v 0.771971 -0.712470 -0.315595
vn 0.866025 -0.500000 -0.000000
vt 0.636081 0.121321
v 0.793750 -0.631190 -0.315595
vn 0.991445 -0.130526 -0.000000
vt 0.636081 0.153347
v 0.793750 -0.631190 0.000000
vn 0.991445 -0.130526 -0.000000
vt 0.610822 0.153347
v 0.771971 -0.712470 0.000000
vn 0.866025 -0.500000 -0.000000
vt 0.610822 0.121321
v 0.712470 -0.771971 -0.315595
vn 0.500000 -0.866025 -0.000000
vt 0.636081 0.084340
v 0.712470 -0.771971 0.000000
vn 0.500000 -0.866025 -0.000000
vt 0.610822 0.084340
v 0.631190 -0.793750 -0.315595
vn 0.130526 -0.991445 -0.000000
vt 0.636081 0.052313
v 0.631190 -0.793750 -0.000000
vn 0.130526 -0.991445 -0.000000
vt 0.610822 0.052313
v 0.631190 0.793750 0.631190
vn 0.108730 0.988107 0.108730
vt 0.610393 0.368161
v 0.701581 0.771971 0.671830
vn 0.459773 0.847435 0.265450
vt 0.617757 0.342390
v 0.712470 0.771971 0.631190
vn 0.514025 0.854929 0.069812
vt 0.630513 0.347876
v 0.712470 0.771971 -0.315595
vn 0.500000 0.866025 -0.000000
vt 0.636081 0.121321
v 0.631190 0.793750 -0.315595
vn 0.130526 0.991445 -0.000000
vt 0.636081 0.153347
v 0.631190 0.793750 -0.000000
vn 0.130526 0.991445 -0.000000
vt 0.610822 0.153347
v 0.712470 0.771971 0.000000
vn 0.500000 0.866025 -0.000000
vt 0.610822 0.121321
v 0.771971 0.712470 -0.315595
vn 0.866025 0.500000 -0.000000
vt 0.636081 0.084340
v 0.771971 0.712470 0.000000
vn 0.866025 0.500000 -0.000000
vt 0.610822 0.084340
v 0.793750 0.631190 -0.315595
vn 0.991445 0.130526 0.000000
vt 0.636081 0.052313
v 0.793750 0.631190 0.000000
vn 0.991445 0.130526 0.000000
vt 0.610822 0.052313
v 0.631190 0.793750 0.631190
vn 0.108730 0.988107 0.108730
vt 0.610393 0.368161
v 0.631190 0.771971 0.712470
vn 0.069812 0.854929 0.514025
vt 0.590272 0.347876
v 0.671830 0.771971 0.701581
vn 0.265450 0.847435 0.459773
vt 0.603028 0.342390
v 0.315595 -0.771971 -0.712470
vn 0.000000 -0.866025 -0.500000
vt 0.585563 0.084339
v 0.315595 -0.793750 -0.631190
vn 0.000000 -0.991445 -0.130526
vt 0.585563 0.052313
v 0.000000 -0.793750 -0.631190
vn 0.000000 -0.991445 -0.130526
vt 0.610822 0.052313
v 0.631190 -0.793750 -0.631190
vn 0.108729 -0.988107 -0.108729
vt 0.560305 0.052313
v 0.631190 -0.771971 -0.712470
vn 0.069812 -0.854929 -0.514025
vt 0.560305 0.084339
v 0.315595 -0.712470 -0.771971
vn 0.000000 -0.500000 -0.866025
vt 0.585563 0.121321
v 0.631190 -0.712470 -0.771971
vn 0.112921 -0.488332 -0.865321
vt 0.560305 0.121321
v 0.000000 -0.771971 -0.712470
vn 0.000000 -0.866025 -0.500000
vt 0.610822 0.084340
v -0.315595 -0.793750 -0.631190
vn 0.000000 -0.991445 -0.130526
vt 0.636081 0.052313
v 0.315595 -0.631190 -0.793750
vn 0.000000 -0.130526 -0.991445
vt 0.585563 0.153347
v 0.631190 -0.631190 -0.793750
vn 0.128148 -0.128148 -0.983441
vt 0.560305 0.153347
v 0.000000 -0.712470 -0.771971
vn 0.000000 -0.500000 -0.866025
vt 0.610822 0.121321
v -0.315595 -0.771971 -0.712470
vn 0.000000 -0.866025 -0.500000
vt 0.636081 0.084340
v -0.631190 -0.793750 -0.631190
vn -0.108729 -0.988107 -0.108729
vt 0.661339 0.052313
v -0.631190 -0.771971 -0.712470
vn -0.069812 -0.854929 -0.514025
vt 0.661339 0.084340
v -0.315595 -0.712470 -0.771971
vn 0.000000 -0.500000 -0.866025
vt 0.636081 0.121321
v -0.631190 -0.712470 -0.771971
vn -0.112922 -0.488332 -0.865321
vt 0.661339 0.121321
v -0.315595 -0.631190 -0.793750
vn 0.000000 -0.130526 -0.991445
vt 0.636081 0.153347
v -0.631190 -0.631190 -0.793750
vn -0.128148 -0.128148 -0.983441
vt 0.661339 0.153347
v 0.000000 -0.631190 -0.793750
vn 0.000000 -0.130526 -0.991445
vt 0.610822 0.153347
v 0.701581 -0.712470 -0.753110
vn 0.437992 -0.482342 -0.758624
vt 0.623104 0.433144
v 0.712470 -0.631190 -0.771971
vn 0.495898 -0.127826 -0.858921
vt 0.625043 0.457955
v 0.771971 -0.631190 -0.712470
vn 0.858921 -0.127826 -0.495898
vt 0.596099 0.457955
v 0.753110 -0.712470 -0.701581
vn 0.758624 -0.482342 -0.437992
vt 0.598038 0.433144
v 0.671830 -0.771971 -0.701581
vn 0.265450 -0.847435 -0.459773
vt 0.617807 0.404201
v 0.701581 -0.771971 -0.671830
vn 0.459773 -0.847435 -0.265450
vt 0.603335 0.404201
v 0.631190 -0.793750 -0.631190
vn 0.108729 -0.988107 -0.108729
vt 0.610571 0.378881
v 0.753110 -0.712470 -0.701581
vn 0.758624 -0.482342 -0.437992
vt 0.598038 0.433144
v 0.771971 -0.631190 -0.712470
vn 0.858921 -0.127826 -0.495898
vt 0.596099 0.457955
v 0.793750 -0.631190 -0.631190
vn 0.983441 -0.128148 -0.128148
vt 0.571033 0.447175
v 0.771971 -0.712470 -0.631190
vn 0.865321 -0.488332 -0.112921
vt 0.576330 0.423808
v 0.631190 -0.793750 0.631190
vn 0.108729 -0.988107 0.108729
vt 0.560305 0.052313
v 0.631190 -0.793750 0.315595
vn 0.130526 -0.991445 -0.000000
vt 0.585563 0.052313
v 0.712470 -0.771971 0.315595
vn 0.500000 -0.866025 -0.000000
vt 0.585563 0.084339
v 0.712470 -0.771971 0.631190
vn 0.514025 -0.854929 0.069812
vt 0.560305 0.084339
v 0.771971 -0.712470 0.315595
vn 0.866025 -0.500000 -0.000000
vt 0.585563 0.121321
v 0.771971 -0.712470 0.631190
vn 0.865321 -0.488332 0.112921
vt 0.560305 0.121321
v 0.793750 -0.631190 0.315595
vn 0.991445 -0.130526 -0.000000
vt 0.585563 0.153347
v 0.793750 -0.631190 0.631190
vn 0.983441 -0.128148 0.128148
vt 0.560305 0.153347
v 0.771971 -0.712470 0.631190
vn 0.865321 -0.488332 0.112921
vt 0.644811 0.423808
v 0.793750 -0.631190 0.631190
vn 0.983441 -0.128148 0.128148
vt 0.650108 0.447175
v 0.771971 -0.631190 0.712470
vn 0.858921 -0.127826 0.495898
vt 0.625043 0.457955
v 0.753110 -0.712470 0.701581
vn 0.758624 -0.482342 0.437992
vt 0.623104 0.433144
v 0.753110 -0.712470 0.701581
vn 0.758624 -0.482342 0.437992
vt 0.623104 0.433144
v 0.771971 -0.631190 0.712470
vn 0.858921 -0.127826 0.495898
vt 0.625043 0.457955
v 0.712470 -0.631190 0.771971
vn 0.495898 -0.127826 0.858921
vt 0.596099 0.457955
v 0.701581 -0.712470 0.753110
vn 0.437991 -0.482342 0.758624
vt 0.598038 0.433144
v 0.701581 -0.771971 0.671830
vn 0.459772 -0.847435 0.265450
vt 0.617807 0.404201
v 0.671830 -0.771971 0.701581
vn 0.265450 -0.847435 0.459773
vt 0.603335 0.404201
v 0.631190 -0.793750 0.631190
vn 0.108729 -0.988107 0.108729
vt 0.610571 0.378881
v 0.701581 -0.712470 0.753110
vn 0.437991 -0.482342 0.758624
vt 0.598038 0.433144
v 0.712470 -0.631190 0.771971
vn 0.495898 -0.127826 0.858921
vt 0.596099 0.457955
v 0.631190 -0.631190 0.793750
vn 0.128148 -0.128148 0.983441
vt 0.571033 0.447175
v 0.631190 -0.712470 0.771971
vn 0.112922 -0.488332 0.865321
vt 0.576330 0.423808
v -0.631190 -0.793750 0.631190
vn -0.108729 -0.988107 0.108729
vt 0.560305 0.052313
v -0.315595 -0.793750 0.631190
vn 0.000000 -0.991445 0.130526
vt 0.585563 0.052313
v -0.315595 -0.771971 0.712470
vn 0.000000 -0.866025 0.500000
vt 0.585563 0.084339
v -0.631190 -0.771971 0.712470
vn -0.069812 -0.854929 0.514025
vt 0.560305 0.084339
v -0.315595 -0.712470 0.771971
vn 0.000000 -0.500000 0.866025
vt 0.585563 0.121321
v -0.631190 -0.712470 0.771971
vn -0.112921 -0.488332 0.865321
vt 0.560305 0.121321
v -0.315595 -0.631190 0.793750
vn 0.000000 -0.130526 0.991445
vt 0.585563 0.153347
v -0.631190 -0.631190 0.793750
vn -0.128148 -0.128148 0.983441
vt 0.560305 0.153347
v -0.701581 -0.712470 0.753110
vn -0.437992 -0.482342 0.758624
vt 0.623104 0.433144
v -0.712470 -0.631190 0.771971
vn -0.495898 -0.127827 0.858921
vt 0.625043 0.457955
v -0.771971 -0.631190 0.712470
vn -0.858921 -0.127826 0.495898
vt 0.596099 0.457955
v -0.753110 -0.712470 0.701581
vn -0.758624 -0.482342 0.437992
vt 0.598038 0.433144
v -0.671830 -0.771971 0.701581
vn -0.265450 -0.847435 0.459773
vt 0.617807 0.404201
v -0.701581 -0.771971 0.671830
vn -0.459773 -0.847435 0.265450
vt 0.603335 0.404201
v -0.631190 -0.793750 0.631190
vn -0.108729 -0.988107 0.108729
vt 0.610571 0.378881
v -0.753110 -0.712470 0.701581
vn -0.758624 -0.482342 0.437992
vt 0.598038 0.433144
v -0.771971 -0.631190 0.712470
vn -0.858921 -0.127826 0.495898
vt 0.596099 0.457955
v -0.793750 -0.631190 0.631190
vn -0.983441 -0.128148 0.128148
vt 0.571033 0.447175
v -0.771971 -0.712470 0.631190
vn -0.865321 -0.488332 0.112921
vt 0.576330 0.423808
v -0.771971 -0.712470 -0.631190
vn -0.865321 -0.488332 -0.112921
vt 0.644811 0.423808
v -0.793750 -0.631190 -0.631190
vn -0.983441 -0.128148 -0.128148
vt 0.650108 0.447175
v -0.771971 -0.631190 -0.712470
vn -0.858921 -0.127826 -0.495898
vt 0.625043 0.457955
v -0.753110 -0.712470 -0.701581
vn -0.758624 -0.482342 -0.437992
vt 0.623104 0.433144
v -0.753110 -0.712470 -0.701581
vn -0.758624 -0.482342 -0.437992
vt 0.623104 0.433144
v -0.771971 -0.631190 -0.712470
vn -0.858921 -0.127826 -0.495898
vt 0.625043 0.457955
v -0.712470 -0.631190 -0.771971
vn -0.495898 -0.127827 -0.858921
vt 0.596099 0.457955
v -0.701581 -0.712470 -0.753110
vn -0.437991 -0.482342 -0.758624
vt 0.598038 0.433144
v -0.701581 -0.771971 -0.671830
vn -0.459772 -0.847435 -0.265450
vt 0.617807 0.404201
v -0.671830 -0.771971 -0.701581
vn -0.265450 -0.847435 -0.459773
vt 0.603335 0.404201
v -0.631190 -0.793750 -0.631190
vn -0.108729 -0.988107 -0.108729
vt 0.610571 0.378881
v -0.701581 -0.712470 -0.753110
vn -0.437991 -0.482342 -0.758624
vt 0.598038 0.433144
v -0.712470 -0.631190 -0.771971
vn -0.495898 -0.127827 -0.858921
vt 0.596099 0.457955
v -0.631190 -0.631190 -0.793750
vn -0.128148 -0.128148 -0.983441
vt 0.571033 0.447175
v -0.631190 -0.712470 -0.771971
vn -0.112922 -0.488332 -0.865321
vt 0.576330 0.423808
v 0.771971 0.315549 0.712470
vn 0.866026 -0.000000 0.500000
vt 0.629308 0.238740
v 0.712470 0.315552 0.771971
vn 0.500000 -0.000000 0.866026
vt 0.592289 0.238740
v 0.712470 -0.000010 0.771971
vn 0.500000 0.000000 0.866026
vt 0.592289 0.213455
v 0.771971 0.631190 0.712470
vn 0.858921 0.127826 0.495898
vt 0.629308 0.264024
v 0.712470 0.315552 0.771971
vn 0.500000 -0.000000 0.866026
vt 0.592289 0.238740
v 0.631190 0.315554 0.793750
vn 0.130526 -0.000000 0.991445
vt 0.560231 0.238740
v 0.631190 -0.000010 0.793750
vn 0.130526 0.000000 0.991445
vt 0.560231 0.213455
v 0.712470 0.631190 0.771971
vn 0.495898 0.127826 0.858921
vt 0.592289 0.264024
v -0.771971 0.315591 0.712470
vn -0.866025 0.000000 0.500000
vt 0.592289 0.238740
v -0.793750 0.315590 0.631190
vn -0.991445 0.000000 0.130526
vt 0.560231 0.238740
v -0.793750 -0.000010 0.631190
vn -0.991445 0.000000 0.130526
vt 0.560231 0.213455
v -0.771971 0.631190 0.712470
vn -0.858921 0.127826 0.495898
vt 0.592289 0.264024
v -0.793750 0.315570 -0.631190
vn -0.991445 0.000000 -0.130526
vt 0.661367 0.238740
v -0.771971 0.315568 -0.712470
vn -0.866025 0.000000 -0.500000
vt 0.629308 0.238740
v -0.771971 -0.000010 -0.712470
vn -0.866025 0.000000 -0.500000
vt 0.629308 0.213455
v -0.793750 0.631190 -0.631190
vn -0.983441 0.128148 -0.128148
vt 0.661367 0.264024
v -0.771971 0.315568 -0.712470
vn -0.866025 0.000000 -0.500000
vt 0.629308 0.238740
v -0.712470 0.315566 -0.771971
vn -0.500000 0.000000 -0.866026
vt 0.592289 0.238740
v -0.712470 -0.000010 -0.771971
vn -0.500000 0.000000 -0.866026
vt 0.592289 0.213455
v -0.771971 0.631190 -0.712470
vn -0.858921 0.127826 -0.495898
vt 0.629308 0.264024
v -0.712470 0.315566 -0.771971
vn -0.500000 0.000000 -0.866026
vt 0.592289 0.238740
v -0.631190 0.315563 -0.793750
vn -0.130526 0.000000 -0.991445
vt 0.560231 0.238740
v -0.631190 -0.000010 -0.793750
vn -0.130526 0.000000 -0.991445
vt 0.560231 0.213455
v -0.712470 0.631190 -0.771971
vn -0.495898 0.127827 -0.858921
vt 0.592289 0.264024
v 0.771971 0.631190 -0.712470
vn 0.858921 0.127826 -0.495898
vt 0.595663 0.287679
v 0.753110 0.712470 -0.701581
vn 0.758624 0.482342 -0.437992
vt 0.597637 0.312931
v 0.771971 0.712470 -0.631190
vn 0.865321 0.488332 -0.112921
vt 0.575543 0.322434
v 0.793750 0.631190 -0.631190
vn 0.983441 0.128148 -0.128148
vt 0.570151 0.298651
v 0.712470 0.631190 0.771971
vn 0.495898 0.127826 0.858921
vt 0.595663 0.287679
v 0.701581 0.712470 0.753110
vn 0.437991 0.482342 0.758624
vt 0.597637 0.312931
v 0.631190 0.712470 0.771971
vn 0.112921 0.488332 0.865321
vt 0.575543 0.322434
v 0.631190 0.631190 0.793750
vn 0.128148 0.128148 0.983441
vt 0.570151 0.298651
v -0.771971 0.631190 0.712470
vn -0.858921 0.127826 0.495898
vt 0.595663 0.287679
v -0.753110 0.712470 0.701581
vn -0.758624 0.482342 0.437992
vt 0.597637 0.312931
v -0.771971 0.712470 0.631190
vn -0.865321 0.488332 0.112921
vt 0.575543 0.322434
v -0.793750 0.631190 0.631190
vn -0.983441 0.128148 0.128148
vt 0.570151 0.298651
v -0.712470 0.631190 -0.771971
vn -0.495898 0.127827 -0.858921
vt 0.595663 0.287679
v -0.701581 0.712470 -0.753110
vn -0.437991 0.482342 -0.758624
vt 0.597637 0.312931
v -0.631190 0.712470 -0.771971
vn -0.112922 0.488332 -0.865321
vt 0.575543 0.322434
v -0.631190 0.631190 -0.793750
vn -0.128148 0.128148 -0.983441
vt 0.570151 0.298651
v 0.753110 0.712470 -0.701581
vn 0.758624 0.482342 -0.437992
vt 0.597637 0.312931
v 0.701581 0.771971 -0.671830
vn 0.459772 0.847435 -0.265450
vt 0.603028 0.342390
v 0.712470 0.771971 -0.631190
vn 0.514025 0.854929 -0.069812
vt 0.590272 0.347876
v 0.771971 0.712470 -0.631190
vn 0.865321 0.488332 -0.112921
vt 0.575543 0.322434
v 0.793750 0.631190 0.631190
vn 0.983441 0.128148 0.128148
vt 0.560305 0.052313
v 0.793750 0.631190 0.315595
vn 0.991445 0.130526 0.000000
vt 0.585563 0.052313
v 0.771971 0.712470 0.315595
vn 0.866025 0.500000 -0.000000
vt 0.585563 0.084339
v 0.771971 0.712470 0.631190
vn 0.865321 0.488332 0.112921
vt 0.560305 0.084339
v 0.712470 0.771971 0.315595
vn 0.500000 0.866025 -0.000000
vt 0.585563 0.121321
v 0.712470 0.771971 0.631190
vn 0.514025 0.854929 0.069812
vt 0.560305 0.121321
v 0.631190 0.793750 0.315595
vn 0.130526 0.991445 -0.000000
vt 0.585563 0.153347
v 0.631190 0.793750 0.631190
vn 0.108730 0.988107 0.108730
vt 0.560305 0.153347
v 0.701581 0.712470 0.753110
vn 0.437991 0.482342 0.758624
vt 0.597637 0.312931
v 0.671830 0.771971 0.701581
vn 0.265450 0.847435 0.459773
vt 0.603028 0.342390
v 0.631190 0.771971 0.712470
vn 0.069812 0.854929 0.514025
vt 0.590272 0.347876
v 0.631190 0.712470 0.771971
vn 0.112921 0.488332 0.865321
vt 0.575543 0.322434
v -0.631190 0.631190 0.793750
vn -0.128148 0.128148 0.983441
vt 0.560305 0.052313
v -0.315595 0.631190 0.793750
vn 0.000000 0.130526 0.991445
vt 0.585563 0.052313
v -0.315595 0.712470 0.771971
vn 0.000000 0.500000 0.866025
vt 0.585563 0.084339
v -0.631190 0.712470 0.771971
vn -0.112922 0.488332 0.865321
vt 0.560305 0.084339
v -0.315595 0.771971 0.712470
vn 0.000000 0.866025 0.500000
vt 0.585563 0.121321
v -0.631190 0.771971 0.712470
vn -0.069812 0.854929 0.514025
vt 0.560305 0.121321
v -0.315595 0.793750 0.631190
vn 0.000000 0.991445 0.130526
vt 0.585563 0.153347
v -0.631190 0.793750 0.631190
vn -0.108730 0.988107 0.108730
vt 0.560305 0.153347
v -0.631190 -0.315627 -0.793750
vn -0.130526 0.000000 -0.991445
vt 0.560231 0.188172
v -0.712470 -0.315624 -0.771971
vn -0.500000 -0.000000 -0.866026
vt 0.592289 0.188172
v -0.712470 -0.000010 -0.771971
vn -0.500000 0.000000 -0.866026
vt 0.592289 0.213455
v -0.631190 -0.631190 -0.793750
vn -0.128148 -0.128148 -0.983441
vt 0.560231 0.162888
v 0.315595 0.631190 -0.793750
vn -0.000000 0.130526 -0.991445
vt 0.828125 0.937500
v 0.631190 0.631190 -0.793750
vn 0.128148 0.128148 -0.983441
vt 0.781250 0.937500
v 0.631190 0.315530 -0.793750
vn 0.130526 -0.000000 -0.991445
vt 0.781250 0.843731
v 0.315595 0.315538 -0.793750
vn 0.000000 -0.000000 -1.000000
vt 0.828125 0.843733
v 0.631190 -0.000010 -0.793750
vn 0.130526 0.000000 -0.991445
vt 0.781250 0.749997
v 0.000000 0.631190 -0.793750
vn 0.000000 0.130526 -0.991445
vt 0.875000 0.937500
v 0.315595 0.315538 -0.793750
vn 0.000000 -0.000000 -1.000000
vt 0.828125 0.843733
v -0.631190 -0.631190 -0.793750
vn -0.128148 -0.128148 -0.983441
vt 0.968750 0.562500
v -0.631190 -0.315627 -0.793750
vn -0.130526 0.000000 -0.991445
vt 0.968750 0.656241
v -0.315595 -0.315635 -0.793750
vn 0.000000 -0.000000 -1.000000
vt 0.921875 0.656238
v -0.315595 -0.631190 -0.793750
vn 0.000000 -0.130526 -0.991445
vt 0.921875 0.562500
v 0.000000 -0.315643 -0.793750
vn 0.000000 -0.000000 -1.000000
vt 0.875000 0.656236
v 0.000000 -0.631190 -0.793750
vn 0.000000 -0.130526 -0.991445
vt 0.875000 0.562500
v 0.315595 -0.315652 -0.793750
vn -0.000000 -0.000000 -1.000000
vt 0.828125 0.656233
v 0.315595 -0.631190 -0.793750
vn 0.000000 -0.130526 -0.991445
vt 0.828125 0.562500
v 0.631190 -0.631190 -0.793750
vn 0.128148 -0.128148 -0.983441
vt 0.781250 0.562500
v 0.631190 -0.315660 -0.793750
vn 0.130526 0.000000 -0.991445
vt 0.781250 0.656231
v 0.315595 -0.000010 -0.793750
vn 0.000000 0.000000 -1.000000
vt 0.828125 0.749997
v 0.000000 0.315547 -0.793750
vn 0.000000 0.000000 -1.000000
vt 0.875000 0.843736
v -0.315595 0.631190 -0.793750
vn -0.000000 0.130526 -0.991445
vt 0.921875 0.937500
v -0.315595 0.315555 -0.793750
vn 0.000000 -0.000000 -1.000000
vt 0.921875 0.843738
v -0.631190 0.631190 -0.793750
vn -0.128148 0.128148 -0.983441
vt 0.968750 0.937500
v -0.631190 0.315563 -0.793750
vn -0.130526 0.000000 -0.991445
vt 0.968750 0.843741
v -0.315595 -0.000010 -0.793750
vn 0.000000 -0.000000 -1.000000
vt 0.921875 0.749997
v -0.631190 -0.000010 -0.793750
vn -0.130526 0.000000 -0.991445
vt 0.968750 0.749997
v 0.000000 -0.000010 -0.793750
vn 0.000000 -0.000000 -1.000000
vt 0.875000 0.749997
v -0.631190 0.793750 0.631190
vn -0.108730 0.988107 0.108730
vt 0.610393 0.368161
v -0.671830 0.771971 0.701581
vn -0.265450 0.847435 0.459773
vt 0.617757 0.342390
v -0.631190 0.771971 0.712470
vn -0.069812 0.854929 0.514025
vt 0.630513 0.347876
v 0.712470 0.315528 -0.771971
vn 0.500000 -0.000000 -0.866025
vt 0.629308 0.238740
v 0.631190 0.315530 -0.793750
vn 0.130526 -0.000000 -0.991445
vt 0.661367 0.238740
v 0.631190 0.631190 -0.793750
vn 0.128148 0.128148 -0.983441
vt 0.661367 0.264024
v 0.712470 -0.000010 -0.771971
vn 0.500000 -0.000000 -0.866026
vt 0.629308 0.213455
v 0.771971 0.315527 -0.712470
vn 0.866026 -0.000000 -0.500000
vt 0.592289 0.238740
v 0.712470 0.315528 -0.771971
vn 0.500000 -0.000000 -0.866025
vt 0.629308 0.238740
v 0.712470 0.631190 -0.771971
vn 0.495898 0.127826 -0.858921
vt 0.629308 0.264024
v 0.771971 -0.000010 -0.712470
vn 0.866026 0.000000 -0.500000
vt 0.592289 0.213455
v 0.793750 0.315528 -0.631190
vn 0.991445 -0.000000 -0.130526
vt 0.560231 0.238740
v 0.771971 0.315527 -0.712470
vn 0.866026 -0.000000 -0.500000
vt 0.592289 0.238740
v 0.771971 0.631190 -0.712470
vn 0.858921 0.127826 -0.495898
vt 0.592289 0.264024
v 0.793750 -0.000010 -0.631190
vn 0.991445 0.000000 -0.130526
vt 0.560231 0.213455
v 0.771971 0.315549 0.712470
vn 0.866026 -0.000000 0.500000
vt 0.629308 0.238740
v 0.793750 0.315548 0.631190
vn 0.991445 -0.000000 0.130526
vt 0.661367 0.238740
v 0.793750 0.631190 0.631190
vn 0.983441 0.128148 0.128148
vt 0.661367 0.264024
v 0.771971 -0.000010 0.712470
vn 0.866026 0.000000 0.500000
vt 0.629308 0.213455
v 0.000000 -0.000010 0.793750
vn 0.000000 -0.000000 1.000000
vt 0.625000 0.749997
v -0.315595 -0.000010 0.793750
vn 0.000000 -0.000000 1.000000
vt 0.578125 0.749997
v -0.315595 -0.315610 0.793750
vn -0.000000 -0.000000 1.000000
vt 0.578125 0.656246
v 0.000000 -0.315618 0.793750
vn -0.000000 -0.000000 1.000000
vt 0.625000 0.656243
v 0.000000 0.631190 0.793750
vn -0.000000 0.130526 0.991445
vt 0.625000 0.937500
v -0.315595 0.631190 0.793750
vn 0.000000 0.130526 0.991445
vt 0.578125 0.937500
v -0.315595 0.315580 0.793750
vn -0.000000 0.000000 1.000000
vt 0.578125 0.843745
v 0.000000 0.315571 0.793750
vn 0.000000 -0.000000 1.000000
vt 0.625000 0.843743
v 0.315595 0.315563 0.793750
vn 0.000000 -0.000000 1.000000
vt 0.671875 0.843740
v 0.315595 -0.000010 0.793750
vn 0.000000 0.000000 1.000000
vt 0.671875 0.749997
v 0.315595 -0.315627 0.793750
vn 0.000000 0.000000 1.000000
vt 0.671875 0.656241
v 0.315595 0.631190 0.793750
vn 0.000000 0.130526 0.991445
vt 0.671875 0.937500
v 0.631190 0.631190 0.793750
vn 0.128148 0.128148 0.983441
vt 0.718750 0.937500
v 0.631190 0.315554 0.793750
vn 0.130526 -0.000000 0.991445
vt 0.718750 0.843738
v 0.631190 -0.000010 0.793750
vn 0.130526 0.000000 0.991445
vt 0.718750 0.749997
v 0.631190 -0.315635 0.793750
vn 0.130526 0.000000 0.991445
vt 0.718750 0.656238
v 0.631190 -0.631190 0.793750
vn 0.128148 -0.128148 0.983441
vt 0.718750 0.562500
v 0.315595 -0.631190 0.793750
vn 0.000000 -0.130526 0.991445
vt 0.671875 0.562500
v 0.000000 -0.631190 0.793750
vn -0.000000 -0.130526 0.991445
vt 0.625000 0.562500
v -0.315595 -0.631190 0.793750
vn 0.000000 -0.130526 0.991445
vt 0.578125 0.562500
v -0.631190 -0.631190 0.793750
vn -0.128148 -0.128148 0.983441
vt 0.531250 0.562500
v -0.631190 -0.315602 0.793750
vn -0.130526 -0.000000 0.991445
vt 0.531250 0.656248
v -0.631190 -0.000010 0.793750
vn -0.130526 0.000000 0.991445
vt 0.531250 0.749997
v -0.631190 0.315588 0.793750
vn -0.130526 0.000000 0.991445
vt 0.531250 0.843748
v -0.631190 0.631190 0.793750
vn -0.128148 0.128148 0.983441
vt 0.531250 0.937500
v -0.631190 0.793750 0.631190
vn -0.108730 0.988107 0.108730
vt 0.610393 0.368161
v -0.712470 0.771971 0.631190
vn -0.514025 0.854929 0.069812
vt 0.590272 0.347876
v -0.701581 0.771971 0.671830
vn -0.459772 0.847435 0.265450
vt 0.603028 0.342390
v 0.712470 -0.000010 -0.771971
vn 0.500000 -0.000000 -0.866026
vt 0.629308 0.213455
v 0.631190 -0.000010 -0.793750
vn 0.130526 0.000000 -0.991445
vt 0.661367 0.213455
v 0.631190 0.315530 -0.793750
vn 0.130526 -0.000000 -0.991445
vt 0.661367 0.238740
v 0.712470 -0.315662 -0.771971
vn 0.500000 0.000000 -0.866025
vt 0.629308 0.188172
v 0.771971 -0.000010 -0.712470
vn 0.866026 0.000000 -0.500000
vt 0.592289 0.213455
v 0.712470 0.315528 -0.771971
vn 0.500000 -0.000000 -0.866025
vt 0.629308 0.238740
v 0.771971 -0.315663 -0.712470
vn 0.866025 0.000000 -0.500000
vt 0.592289 0.188172
v 0.793750 -0.000010 -0.631190
vn 0.991445 0.000000 -0.130526
vt 0.560231 0.213455
v 0.771971 0.315527 -0.712470
vn 0.866026 -0.000000 -0.500000
vt 0.592289 0.238740
v 0.793750 -0.315662 -0.631190
vn 0.991445 0.000000 -0.130526
vt 0.560231 0.188172
v 0.712470 0.631190 -0.771971
vn 0.495898 0.127826 -0.858921
vt 0.629308 0.264024
v 0.771971 0.631190 -0.712470
vn 0.858921 0.127826 -0.495898
vt 0.592289 0.264024
v 0.771971 -0.631190 -0.712470
vn 0.858921 -0.127826 -0.495898
vt 0.592289 0.162888
v 0.712470 -0.631190 -0.771971
vn 0.495898 -0.127826 -0.858921
vt 0.629308 0.162888
v 0.631190 0.631190 -0.793750
vn 0.128148 0.128148 -0.983441
vt 0.661367 0.264024
v 0.712470 0.631190 -0.771971
vn 0.495898 0.127826 -0.858921
vt 0.629308 0.264024
v 0.793750 -0.631190 -0.631190
vn 0.983441 -0.128148 -0.128148
vt 0.560231 0.162888
v 0.771971 -0.631190 -0.712470
vn 0.858921 -0.127826 -0.495898
vt 0.592289 0.162888
v 0.631190 -0.315660 -0.793750
vn 0.130526 0.000000 -0.991445
vt 0.661367 0.188172
v 0.712470 -0.315662 -0.771971
vn 0.500000 0.000000 -0.866025
vt 0.629308 0.188172
v 0.712470 -0.631190 -0.771971
vn 0.495898 -0.127826 -0.858921
vt 0.629308 0.162888
v 0.631190 -0.000010 -0.793750
vn 0.130526 0.000000 -0.991445
vt 0.661367 0.213455
v 0.712470 -0.315662 -0.771971
vn 0.500000 0.000000 -0.866025
vt 0.629308 0.188172
v 0.771971 -0.315663 -0.712470
vn 0.866025 0.000000 -0.500000
vt 0.592289 0.188172
v 0.771971 -0.631190 -0.712470
vn 0.858921 -0.127826 -0.495898
vt 0.592289 0.162888
v 0.712470 -0.000010 -0.771971
vn 0.500000 -0.000000 -0.866026
vt 0.629308 0.213455
v 0.771971 -0.315663 -0.712470
vn 0.866025 0.000000 -0.500000
vt 0.592289 0.188172
v 0.793750 -0.315662 -0.631190
vn 0.991445 0.000000 -0.130526
vt 0.560231 0.188172
v 0.793750 -0.631190 -0.631190
vn 0.983441 -0.128148 -0.128148
vt 0.560231 0.162888
v 0.771971 -0.000010 -0.712470
vn 0.866026 0.000000 -0.500000
vt 0.592289 0.213455
v 0.771971 -0.000010 0.712470
vn 0.866026 0.000000 0.500000
vt 0.629308 0.213455
v 0.793750 -0.000010 0.631190
vn 0.991445 0.000000 0.130526
vt 0.661367 0.213455
v 0.793750 0.315548 0.631190
vn 0.991445 -0.000000 0.130526
vt 0.661367 0.238740
v 0.771971 -0.315640 0.712470
vn 0.866026 0.000000 0.500000
vt 0.629308 0.188172
v 0.712470 -0.000010 0.771971
vn 0.500000 0.000000 0.866026
vt 0.592289 0.213455
v 0.771971 0.315549 0.712470
vn 0.866026 -0.000000 0.500000
vt 0.629308 0.238740
v 0.712470 -0.315638 0.771971
vn 0.500000 0.000000 0.866026
vt 0.592289 0.188172
v 0.631190 -0.000010 0.793750
vn 0.130526 0.000000 0.991445
vt 0.560231 0.213455
v 0.712470 0.315552 0.771971
vn 0.500000 -0.000000 0.866026
vt 0.592289 0.238740
v 0.631190 -0.315635 0.793750
vn 0.130526 0.000000 0.991445
vt 0.560231 0.188172
v 0.771971 0.631190 0.712470
vn 0.858921 0.127826 0.495898
vt 0.629308 0.264024
v 0.712470 0.631190 0.771971
vn 0.495898 0.127826 0.858921
vt 0.592289 0.264024
v 0.712470 -0.631190 0.771971
vn 0.495898 -0.127826 0.858921
vt 0.592289 0.162888
v 0.771971 -0.631190 0.712470
vn 0.858921 -0.127826 0.495898
vt 0.629308 0.162888
v 0.793750 0.631190 0.631190
vn 0.983441 0.128148 0.128148
vt 0.661367 0.264024
v 0.771971 0.631190 0.712470
vn 0.858921 0.127826 0.495898
vt 0.629308 0.264024
v 0.631190 -0.631190 0.793750
vn 0.128148 -0.128148 0.983441
vt 0.560231 0.162888
v 0.712470 -0.631190 0.771971
vn 0.495898 -0.127826 0.858921
vt 0.592289 0.162888
v 0.793750 -0.315642 0.631190
vn 0.991445 0.000000 0.130526
vt 0.661367 0.188172
v 0.771971 -0.315640 0.712470
vn 0.866026 0.000000 0.500000
vt 0.629308 0.188172
v 0.771971 -0.631190 0.712470
vn 0.858921 -0.127826 0.495898
vt 0.629308 0.162888
v 0.793750 -0.000010 0.631190
vn 0.991445 0.000000 0.130526
vt 0.661367 0.213455
v 0.771971 -0.315640 0.712470
vn 0.866026 0.000000 0.500000
vt 0.629308 0.188172
v 0.712470 -0.315638 0.771971
vn 0.500000 0.000000 0.866026
vt 0.592289 0.188172
v 0.712470 -0.631190 0.771971
vn 0.495898 -0.127826 0.858921
vt 0.592289 0.162888
v 0.771971 -0.000010 0.712470
vn 0.866026 0.000000 0.500000
vt 0.629308 0.213455
v -0.753110 0.712470 0.701581
vn -0.758624 0.482342 0.437992
vt 0.597637 0.312931
v -0.701581 0.771971 0.671830
vn -0.459772 0.847435 0.265450
vt 0.603028 0.342390
v -0.712470 0.771971 0.631190
vn -0.514025 0.854929 0.069812
vt 0.590272 0.347876
v -0.771971 0.712470 0.631190
vn -0.865321 0.488332 0.112921
vt 0.575543 0.322434
v -0.712470 -0.771971 0.315595
vn -0.500000 -0.866025 -0.000000
vt 0.636081 0.084340
v -0.771971 -0.712470 0.315595
vn -0.866025 -0.500000 -0.000000
vt 0.636081 0.121321
v -0.771971 -0.712470 -0.000000
vn -0.866025 -0.500000 -0.000000
vt 0.610822 0.121321
v -0.712470 -0.771971 -0.000000
vn -0.500000 -0.866025 -0.000000
vt 0.610822 0.084340
v -0.771971 -0.712470 -0.315595
vn -0.866025 -0.500000 -0.000000
vt 0.585563 0.121321
v -0.712470 -0.771971 -0.315595
vn -0.500000 -0.866025 -0.000000
vt 0.585563 0.084339
v -0.771971 -0.712470 0.631190
vn -0.865321 -0.488332 0.112921
vt 0.661339 0.121321
v -0.793750 -0.631190 0.631190
vn -0.983441 -0.128148 0.128148
vt 0.661339 0.153347
v -0.793750 -0.631190 0.315595
vn -0.991445 -0.130526 0.000000
vt 0.636081 0.153347
v -0.793750 -0.631190 -0.000000
vn -0.991445 -0.130526 0.000000
vt 0.610822 0.153347
v -0.793750 -0.631190 -0.315595
vn -0.991445 -0.130526 -0.000000
vt 0.585563 0.153347
v -0.771971 -0.712470 -0.631190
vn -0.865321 -0.488332 -0.112921
vt 0.560305 0.121321
v -0.712470 -0.771971 -0.631190
vn -0.514025 -0.854929 -0.069812
vt 0.560305 0.084339
v -0.631190 -0.793750 -0.631190
vn -0.108729 -0.988107 -0.108729
vt 0.560305 0.052313
v -0.631190 -0.793750 -0.315595
vn -0.130526 -0.991445 -0.000000
vt 0.585563 0.052313
v -0.631190 -0.793750 -0.000000
vn -0.130526 -0.991445 -0.000000
vt 0.610822 0.052313
v -0.631190 -0.793750 0.315595
vn -0.130526 -0.991445 -0.000000
vt 0.636081 0.052313
v -0.631190 -0.793750 0.631190
vn -0.108729 -0.988107 0.108729
vt 0.661339 0.052313
v -0.712470 -0.771971 0.631190
vn -0.514025 -0.854929 0.069812
vt 0.661339 0.084340
v -0.793750 -0.631190 -0.631190
vn -0.983441 -0.128148 -0.128148
vt 0.560305 0.153347
v 0.315595 -0.712470 0.771971
vn 0.000000 -0.500000 0.866025
vt 0.636081 0.121321
v 0.315595 -0.631190 0.793750
vn 0.000000 -0.130526 0.991445
vt 0.636081 0.153347
v 0.000000 -0.631190 0.793750
vn -0.000000 -0.130526 0.991445
vt 0.610822 0.153347
v 0.000000 -0.712470 0.771971
vn 0.000000 -0.500000 0.866025
vt 0.610822 0.121321
v 0.315595 -0.771971 0.712470
vn 0.000000 -0.866025 0.500000
vt 0.636081 0.084340
v 0.000000 -0.771971 0.712470
vn 0.000000 -0.866025 0.500000
vt 0.610822 0.084340
v 0.315595 -0.793750 0.631190
vn 0.000000 -0.991445 0.130526
vt 0.636081 0.052313
v 0.000000 -0.793750 0.631190
vn 0.000000 -0.991445 0.130526
vt 0.610822 0.052313
v -0.631190 0.793750 -0.631190
vn -0.108730 0.988107 -0.108730
vt 0.610393 0.368161
v -0.701581 0.771971 -0.671830
vn -0.459773 0.847435 -0.265450
vt 0.617757 0.342390
v -0.712470 0.771971 -0.631190
vn -0.514025 0.854929 -0.069812
vt 0.630513 0.347876
v 0.000000 -0.793750 -0.000000
vn 0.000000 -1.000000 -0.000000
vt 0.375000 0.250000
v 0.000000 -0.793750 -0.315595
vn 0.000000 -1.000000 -0.000000
vt 0.375000 0.343750
v 0.315595 -0.793750 -0.315595
vn 0.000000 -1.000000 -0.000000
vt 0.328125 0.343750
v -0.315595 -0.793750 -0.000000
vn 0.000000 -1.000000 -0.000000
vt 0.421875 0.250000
v -0.315595 -0.793750 0.315595
vn 0.000000 -1.000000 -0.000000
vt 0.421875 0.156250
v 0.000000 -0.793750 0.315595
vn 0.000000 -1.000000 -0.000000
vt 0.375000 0.156250
v 0.315595 -0.793750 -0.000000
vn 0.000000 -1.000000 -0.000000
vt 0.328125 0.250000
v 0.315595 -0.793750 0.315595
vn 0.000000 -1.000000 -0.000000
vt 0.328125 0.156250
v -0.315595 -0.793750 -0.315595
vn 0.000000 -1.000000 -0.000000
vt 0.421875 0.343750
v -0.631190 -0.793750 -0.315595
vn -0.130526 -0.991445 -0.000000
vt 0.468750 0.343750
v -0.631190 -0.793750 -0.631190
vn -0.108729 -0.988107 -0.108729
vt 0.468750 0.437500
v -0.315595 -0.793750 -0.631190
vn 0.000000 -0.991445 -0.130526
vt 0.421875 0.437500
v 0.000000 -0.793750 -0.631190
vn 0.000000 -0.991445 -0.130526
vt 0.375000 0.437500
v 0.315595 -0.793750 -0.631190
vn 0.000000 -0.991445 -0.130526
vt 0.328125 0.437500
v 0.631190 -0.793750 -0.315595
vn 0.130526 -0.991445 -0.000000
vt 0.281250 0.343750
v 0.631190 -0.793750 -0.000000
vn 0.130526 -0.991445 -0.000000
vt 0.281250 0.250000
v 0.631190 -0.793750 0.315595
vn 0.130526 -0.991445 -0.000000
vt 0.281250 0.156250
v 0.631190 -0.793750 0.631190
vn 0.108729 -0.988107 0.108729
vt 0.281250 0.062500
v 0.315595 -0.793750 0.631190
vn 0.000000 -0.991445 0.130526
vt 0.328125 0.062500
v 0.000000 -0.793750 0.631190
vn 0.000000 -0.991445 0.130526
vt 0.375000 0.062500
v -0.315595 -0.793750 0.631190
vn 0.000000 -0.991445 0.130526
vt 0.421875 0.062500
v 0.631190 -0.793750 -0.631190
vn 0.108729 -0.988107 -0.108729
vt 0.281250 0.437500
v -0.631190 -0.793750 0.631190
vn -0.108729 -0.988107 0.108729
vt 0.468750 0.062500
v -0.631190 -0.793750 0.315595
vn -0.130526 -0.991445 -0.000000
vt 0.468750 0.156250
v -0.631190 -0.793750 -0.000000
vn -0.130526 -0.991445 -0.000000
vt 0.468750 0.250000
v -0.631190 0.793750 -0.631190
vn -0.108730 0.988107 -0.108730
vt 0.610393 0.368161
v -0.671830 0.771971 -0.701581
vn -0.265450 0.847435 -0.459773
vt 0.603028 0.342390
v -0.701581 0.771971 -0.671830
vn -0.459773 0.847435 -0.265450
vt 0.617757 0.342390
v -0.753110 0.712470 -0.701581
vn -0.758624 0.482342 -0.437992
vt 0.623148 0.312931
v -0.631190 0.793750 -0.631190
vn -0.108730 0.988107 -0.108730
vt 0.610393 0.368161
v -0.631190 0.771971 -0.712470
vn -0.069812 0.854929 -0.514025
vt 0.590272 0.347876
v -0.671830 0.771971 -0.701581
vn -0.265450 0.847435 -0.459773
vt 0.603028 0.342390
v 0.000000 -0.712470 0.771971
vn 0.000000 -0.500000 0.866025
vt 0.661339 0.121321
v 0.000000 -0.631190 0.793750
vn -0.000000 -0.130526 0.991445
vt 0.661339 0.153347
v -0.315595 -0.631190 0.793750
vn 0.000000 -0.130526 0.991445
vt 0.636081 0.153347
v -0.315595 -0.712470 0.771971
vn 0.000000 -0.500000 0.866025
vt 0.636081 0.121321
v 0.000000 -0.771971 0.712470
vn 0.000000 -0.866025 0.500000
vt 0.661339 0.084340
v -0.315595 -0.771971 0.712470
vn 0.000000 -0.866025 0.500000
vt 0.636081 0.084340
v 0.000000 -0.793750 0.631190
vn 0.000000 -0.991445 0.130526
vt 0.661339 0.052313
v -0.315595 -0.793750 0.631190
vn 0.000000 -0.991445 0.130526
vt 0.636081 0.052313
v -0.315595 0.793750 -0.631190
vn 0.000000 0.991445 -0.130527
vt 0.078125 0.937500
v -0.631190 0.793750 -0.631190
vn -0.108730 0.988107 -0.108730
vt 0.031250 0.937500
v -0.631190 0.793750 -0.315595
vn -0.130526 0.991445 0.000000
vt 0.031250 0.843750
v 0.315595 0.793750 -0.000000
vn 0.000000 1.000000 -0.000000
vt 0.171875 0.750000
v 0.631190 0.793750 -0.000000
vn 0.130526 0.991445 -0.000000
vt 0.218750 0.750000
v 0.631190 0.793750 -0.315595
vn 0.130526 0.991445 -0.000000
vt 0.218750 0.843750
v 0.315595 0.793750 -0.315595
vn 0.000000 1.000000 -0.000000
vt 0.171875 0.843750
v 0.631190 0.793750 -0.631190
vn 0.108730 0.988107 -0.108730
vt 0.218750 0.937500
v 0.315595 0.793750 -0.631190
vn 0.000000 0.991445 -0.130526
vt 0.171875 0.937500
v 0.000000 0.793750 -0.631190
vn 0.000000 0.991445 -0.130526
vt 0.125000 0.937500
v 0.000000 0.793750 -0.315595
vn 0.000000 1.000000 0.000000
vt 0.125000 0.843750
v -0.315595 0.793750 -0.315595
vn -0.000000 1.000000 0.000000
vt 0.078125 0.843750
v -0.631190 0.793750 -0.000000
vn -0.130526 0.991445 -0.000000
vt 0.031250 0.750000
v -0.315595 0.793750 -0.000000
vn 0.000000 1.000000 -0.000000
vt 0.078125 0.750000
v -0.631190 0.793750 0.315595
vn -0.130526 0.991445 -0.000000
vt 0.031250 0.656250
v -0.315595 0.793750 0.315595
vn 0.000000 1.000000 -0.000000
vt 0.078125 0.656250
v -0.631190 0.793750 0.631190
vn -0.108730 0.988107 0.108730
vt 0.031250 0.562500
v -0.315595 0.793750 0.631190
vn 0.000000 0.991445 0.130526
vt 0.078125 0.562500
v 0.000000 0.793750 0.631190
vn 0.000000 0.991445 0.130526
vt 0.125000 0.562500
v 0.000000 0.793750 0.315595
vn 0.000000 1.000000 -0.000000
vt 0.125000 0.656250
v 0.315595 0.793750 0.631190
vn 0.000000 0.991445 0.130526
vt 0.171875 0.562500
v 0.315595 0.793750 0.315595
vn 0.000000 1.000000 -0.000000
vt 0.171875 0.656250
v 0.631190 0.793750 0.631190
vn 0.108730 0.988107 0.108730
vt 0.218750 0.562500
v 0.631190 0.793750 0.315595
vn 0.130526 0.991445 -0.000000
vt 0.218750 0.656250
v 0.000000 0.793750 -0.000000
vn 0.000000 1.000000 -0.000000
vt 0.125000 0.750000
v 0.712470 -0.631190 -0.771971
vn 0.495898 -0.127826 -0.858921
vt 0.629308 0.162888
v 0.631190 -0.631190 -0.793750
vn 0.128148 -0.128148 -0.983441
vt 0.661367 0.162888
v 0.631190 -0.315660 -0.793750
vn 0.130526 0.000000 -0.991445
vt 0.661367 0.188172
v 0.000000 0.771971 0.712470
vn 0.000000 0.866025 0.500000
vt 0.661339 0.121321
v 0.000000 0.793750 0.631190
vn 0.000000 0.991445 0.130526
vt 0.661339 0.153347
v -0.315595 0.793750 0.631190
vn 0.000000 0.991445 0.130526
vt 0.636081 0.153347
v -0.315595 0.771971 0.712470
vn 0.000000 0.866025 0.500000
vt 0.636081 0.121321
v 0.000000 0.712470 0.771971
vn 0.000000 0.500000 0.866025
vt 0.661339 0.084340
v -0.315595 0.712470 0.771971
vn 0.000000 0.500000 0.866025
vt 0.636081 0.084340
v 0.000000 0.631190 0.793750
vn -0.000000 0.130526 0.991445
vt 0.661339 0.052313
v -0.315595 0.631190 0.793750
vn 0.000000 0.130526 0.991445
vt 0.636081 0.052313
v 0.771971 -0.631190 0.712470
vn 0.858921 -0.127826 0.495898
vt 0.629308 0.162888
v 0.793750 -0.631190 0.631190
vn 0.983441 -0.128148 0.128148
vt 0.661367 0.162888
v 0.793750 -0.315642 0.631190
vn 0.991445 0.000000 0.130526
vt 0.661367 0.188172
v 0.771971 -0.712470 -0.631190
vn 0.865321 -0.488332 -0.112921
vt 0.610822 0.121321
v 0.793750 -0.631190 -0.631190
vn 0.983441 -0.128148 -0.128148
vt 0.610822 0.153347
v 0.793750 -0.631190 -0.315595
vn 0.991445 -0.130526 -0.000000
vt 0.585563 0.153347
v 0.771971 -0.712470 -0.315595
vn 0.866025 -0.500000 -0.000000
vt 0.585563 0.121321
v 0.712470 -0.771971 -0.631190
vn 0.514025 -0.854929 -0.069812
vt 0.610822 0.084340
v 0.712470 -0.771971 -0.315595
vn 0.500000 -0.866025 -0.000000
vt 0.585563 0.084339
v 0.631190 -0.793750 -0.631190
vn 0.108729 -0.988107 -0.108729
vt 0.610822 0.052313
v 0.631190 -0.793750 -0.315595
vn 0.130526 -0.991445 -0.000000
vt 0.585563 0.052313
v -0.712470 -0.631190 0.771971
vn -0.495898 -0.127827 0.858921
vt 0.629308 0.162888
v -0.631190 -0.631190 0.793750
vn -0.128148 -0.128148 0.983441
vt 0.661367 0.162888
v -0.631190 -0.315602 0.793750
vn -0.130526 -0.000000 0.991445
vt 0.661367 0.188172
v -0.712470 0.771971 -0.000000
vn -0.500000 0.866025 -0.000000
vt 0.610822 0.121321
v -0.631190 0.793750 -0.000000
vn -0.130526 0.991445 -0.000000
vt 0.610822 0.153347
v -0.631190 0.793750 -0.315595
vn -0.130526 0.991445 0.000000
vt 0.585563 0.153347
v -0.712470 0.771971 0.315595
vn -0.500000 0.866025 -0.000000
vt 0.636081 0.121321
v -0.771971 0.712470 0.315595
vn -0.866025 0.500000 -0.000000
vt 0.636081 0.084340
v -0.771971 0.712470 -0.000000
vn -0.866025 0.500000 -0.000000
vt 0.610822 0.084340
v -0.712470 0.771971 -0.315595
vn -0.500000 0.866025 -0.000000
vt 0.585563 0.121321
v -0.712470 0.771971 -0.631190
vn -0.514025 0.854929 -0.069812
vt 0.560305 0.121321
v -0.631190 0.793750 -0.631190
vn -0.108730 0.988107 -0.108730
vt 0.560305 0.153347
v -0.631190 0.793750 0.315595
vn -0.130526 0.991445 -0.000000
vt 0.636081 0.153347
v -0.771971 0.712470 -0.631190
vn -0.865321 0.488332 -0.112921
vt 0.560305 0.084339
v -0.771971 0.712470 -0.315595
vn -0.866025 0.500000 -0.000000
vt 0.585563 0.084339
v -0.793750 0.631190 -0.000000
vn -0.991445 0.130526 -0.000000
vt 0.610822 0.052313
v -0.793750 0.631190 0.315595
vn -0.991445 0.130526 -0.000000
vt 0.636081 0.052313
v -0.793750 0.631190 0.631190
vn -0.983441 0.128148 0.128148
vt 0.661339 0.052313
v -0.771971 0.712470 0.631190
vn -0.865321 0.488332 0.112921
vt 0.661339 0.084340
v -0.712470 0.771971 0.631190
vn -0.514025 0.854929 0.069812
vt 0.661339 0.121321
v -0.631190 0.793750 0.631190
vn -0.108730 0.988107 0.108730
vt 0.661339 0.153347
v -0.793750 0.631190 -0.631190
vn -0.983441 0.128148 -0.128148
vt 0.560305 0.052313
v -0.793750 0.631190 -0.315595
vn -0.991445 0.130526 -0.000000
vt 0.585563 0.052313
v 0.771971 -0.712470 0.000000
vn 0.866025 -0.500000 -0.000000
vt 0.661339 0.121321
v 0.793750 -0.631190 0.000000
vn 0.991445 -0.130526 -0.000000
vt 0.661339 0.153347
v 0.793750 -0.631190 0.315595
vn 0.991445 -0.130526 -0.000000
vt 0.636081 0.153347
v 0.771971 -0.712470 0.315595
vn 0.866025 -0.500000 -0.000000
vt 0.636081 0.121321
v 0.712470 -0.771971 0.000000
vn 0.500000 -0.866025 -0.000000
vt 0.661339 0.084340
v 0.712470 -0.771971 0.315595
vn 0.500000 -0.866025 -0.000000
vt 0.636081 0.084340
v 0.631190 -0.793750 -0.000000
vn 0.130526 -0.991445 -0.000000
vt 0.661339 0.052313
v 0.631190 -0.793750 0.315595
vn 0.130526 -0.991445 -0.000000
vt 0.636081 0.052313
v -0.771971 -0.631190 -0.712470
vn -0.858921 -0.127826 -0.495898
vt 0.629308 0.162888
v -0.793750 -0.631190 -0.631190
vn -0.983441 -0.128148 -0.128148
vt 0.661367 0.162888
v -0.793750 -0.315620 -0.631190
vn -0.991445 -0.000000 -0.130526
vt 0.661367 0.188172
v 0.712470 0.771971 0.000000
vn 0.500000 0.866025 -0.000000
vt 0.661339 0.121321
v 0.631190 0.793750 -0.000000
vn 0.130526 0.991445 -0.000000
vt 0.661339 0.153347
v 0.631190 0.793750 0.315595
vn 0.130526 0.991445 -0.000000
vt 0.636081 0.153347
v 0.712470 0.771971 0.315595
vn 0.500000 0.866025 -0.000000
vt 0.636081 0.121321
v 0.771971 0.712470 0.000000
vn 0.866025 0.500000 -0.000000
vt 0.661339 0.084340
v 0.771971 0.712470 0.315595
vn 0.866025 0.500000 -0.000000
vt 0.636081 0.084340
v 0.793750 0.631190 0.000000
vn 0.991445 0.130526 0.000000
vt 0.661339 0.052313
v 0.793750 0.631190 0.315595
vn 0.991445 0.130526 0.000000
vt 0.636081 0.052313
v 0.671830 -0.771971 -0.701581
vn 0.265450 -0.847435 -0.459773
vt 0.617807 0.404201
v 0.631190 -0.793750 -0.631190
vn 0.108729 -0.988107 -0.108729
vt 0.610571 0.378881
v 0.631190 -0.771971 -0.712470
vn 0.069812 -0.854929 -0.514025
vt 0.630340 0.398811
v 0.315595 0.771971 0.712470
vn 0.000000 0.866025 0.500000
vt 0.636081 0.121321
v 0.315595 0.793750 0.631190
vn 0.000000 0.991445 0.130526
vt 0.636081 0.153347
v 0.000000 0.793750 0.631190
vn 0.000000 0.991445 0.130526
vt 0.610822 0.153347
v 0.000000 0.771971 0.712470
vn 0.000000 0.866025 0.500000
vt 0.610822 0.121321
v 0.315595 0.712470 0.771971
vn 0.000000 0.500000 0.866025
vt 0.636081 0.084340
v 0.000000 0.712470 0.771971
vn 0.000000 0.500000 0.866025
vt 0.610822 0.084340
v 0.315595 0.631190 0.793750
vn 0.000000 0.130526 0.991445
vt 0.636081 0.052313
v 0.000000 0.631190 0.793750
vn -0.000000 0.130526 0.991445
vt 0.610822 0.052313
v 0.771971 0.712470 -0.315595
vn 0.866025 0.500000 -0.000000
vt 0.585563 0.084339
v 0.793750 0.631190 -0.315595
vn 0.991445 0.130526 0.000000
vt 0.585563 0.052313
v 0.793750 0.631190 -0.631190
vn 0.983441 0.128148 -0.128148
vt 0.610822 0.052313
v 0.771971 0.712470 -0.631190
vn 0.865321 0.488332 -0.112921
vt 0.610822 0.084340
v 0.712470 0.771971 -0.315595
vn 0.500000 0.866025 -0.000000
vt 0.585563 0.121321
v 0.712470 0.771971 -0.631190
vn 0.514025 0.854929 -0.069812
vt 0.610822 0.121321
v 0.631190 0.793750 -0.315595
vn 0.130526 0.991445 -0.000000
vt 0.585563 0.153347
v 0.631190 0.793750 -0.631190
vn 0.108730 0.988107 -0.108730
vt 0.610822 0.153347
v -0.701581 0.712470 0.753110
vn -0.437991 0.482342 0.758624
vt 0.623148 0.312931
v -0.671830 0.771971 0.701581
vn -0.265450 0.847435 0.459773
vt 0.617757 0.342390
v -0.701581 0.771971 0.671830
vn -0.459772 0.847435 0.265450
vt 0.603028 0.342390
v -0.631190 0.793750 0.631190
vn -0.108730 0.988107 0.108730
vt 0.610393 0.368161
v -0.701581 0.771971 0.671830
vn -0.459772 0.847435 0.265450
vt 0.603028 0.342390
v -0.753110 0.712470 0.701581
vn -0.758624 0.482342 0.437992
vt 0.597637 0.312931
v -0.701581 0.712470 0.753110
vn -0.437991 0.482342 0.758624
vt 0.623148 0.312931
v -0.712470 0.631190 0.771971
vn -0.495898 0.127827 0.858921
vt 0.625122 0.287679
v -0.671830 0.771971 0.701581
vn -0.265450 0.847435 0.459773
vt 0.617757 0.342390
v -0.701581 0.712470 0.753110
vn -0.437991 0.482342 0.758624
vt 0.623148 0.312931
v -0.631190 0.712470 0.771971
vn -0.112922 0.488332 0.865321
vt 0.645242 0.322434
v 0.712470 -0.771971 -0.631190
vn 0.514025 -0.854929 -0.069812
vt 0.590802 0.398811
v 0.631190 -0.793750 -0.631190
vn 0.108729 -0.988107 -0.108729
vt 0.610571 0.378881
v 0.701581 -0.771971 -0.671830
vn 0.459773 -0.847435 -0.265450
vt 0.603335 0.404201
v 0.753110 0.712470 0.701581
vn 0.758624 0.482342 0.437992
vt 0.623148 0.312931
v 0.701581 0.771971 0.671830
vn 0.459773 0.847435 0.265450
vt 0.617757 0.342390
v 0.671830 0.771971 0.701581
vn 0.265450 0.847435 0.459773
vt 0.603028 0.342390
v 0.631190 0.793750 0.631190
vn 0.108730 0.988107 0.108730
vt 0.610393 0.368161
v 0.671830 0.771971 0.701581
vn 0.265450 0.847435 0.459773
vt 0.603028 0.342390
v 0.701581 0.712470 0.753110
vn 0.437991 0.482342 0.758624
vt 0.597637 0.312931
v 0.753110 0.712470 0.701581
vn 0.758624 0.482342 0.437992
vt 0.623148 0.312931
v 0.771971 0.631190 0.712470
vn 0.858921 0.127826 0.495898
vt 0.625122 0.287679
v 0.771971 0.712470 0.631190
vn 0.865321 0.488332 0.112921
vt 0.645242 0.322434
v 0.712470 0.771971 0.631190
vn 0.514025 0.854929 0.069812
vt 0.630513 0.347876
v 0.701581 0.771971 0.671830
vn 0.459773 0.847435 0.265450
vt 0.617757 0.342390
v 0.753110 0.712470 0.701581
vn 0.758624 0.482342 0.437992
vt 0.623148 0.312931
v 0.771971 0.712470 0.631190
vn 0.865321 0.488332 0.112921
vt 0.645242 0.322434
v 0.701581 0.712470 -0.753110
vn 0.437991 0.482342 -0.758624
vt 0.623148 0.312931
v 0.671830 0.771971 -0.701581
vn 0.265450 0.847435 -0.459773
vt 0.617757 0.342390
v 0.701581 0.771971 -0.671830
vn 0.459772 0.847435 -0.265450
vt 0.603028 0.342390
v 0.631190 0.793750 -0.631190
vn 0.108730 0.988107 -0.108730
vt 0.610393 0.368161
v 0.701581 0.771971 -0.671830
vn 0.459772 0.847435 -0.265450
vt 0.603028 0.342390
v 0.753110 0.712470 -0.701581
vn 0.758624 0.482342 -0.437992
vt 0.597637 0.312931
v 0.701581 0.712470 -0.753110
vn 0.437991 0.482342 -0.758624
vt 0.623148 0.312931
v 0.712470 0.631190 -0.771971
vn 0.495898 0.127826 -0.858921
vt 0.625122 0.287679
v 0.631190 0.712470 -0.771971
vn 0.112922 0.488332 -0.865321
vt 0.645242 0.322434
v 0.631190 0.771971 -0.712470
vn 0.069812 0.854929 -0.514025
vt 0.630513 0.347876
v 0.671830 0.771971 -0.701581
vn 0.265450 0.847435 -0.459773
vt 0.617757 0.342390
v 0.701581 -0.771971 0.671830
vn 0.459772 -0.847435 0.265450
vt 0.617807 0.404201
v 0.631190 -0.793750 0.631190
vn 0.108729 -0.988107 0.108729
vt 0.610571 0.378881
v 0.712470 -0.771971 0.631190
vn 0.514025 -0.854929 0.069812
vt 0.630340 0.398811
v 0.671830 0.771971 -0.701581
vn 0.265450 0.847435 -0.459773
vt 0.617757 0.342390
v 0.701581 0.712470 -0.753110
vn 0.437991 0.482342 -0.758624
vt 0.623148 0.312931
v 0.631190 0.712470 -0.771971
vn 0.112922 0.488332 -0.865321
vt 0.645242 0.322434
v 0.631190 -0.771971 0.712470
vn 0.069812 -0.854929 0.514025
vt 0.590802 0.398811
v 0.631190 -0.793750 0.631190
vn 0.108729 -0.988107 0.108729
vt 0.610571 0.378881
v 0.671830 -0.771971 0.701581
vn 0.265450 -0.847435 0.459773
vt 0.603335 0.404201
v -0.771971 0.631190 -0.712470
vn -0.858921 0.127826 -0.495898
vt 0.625122 0.287679
v -0.753110 0.712470 -0.701581
vn -0.758624 0.482342 -0.437992
vt 0.623148 0.312931
v -0.701581 0.712470 -0.753110
vn -0.437991 0.482342 -0.758624
vt 0.597637 0.312931
v -0.671830 0.771971 -0.701581
vn -0.265450 0.847435 -0.459773
vt 0.603028 0.342390
v -0.701581 0.712470 -0.753110
vn -0.437991 0.482342 -0.758624
vt 0.597637 0.312931
v -0.712470 0.631190 -0.771971
vn -0.495898 0.127827 -0.858921
vt 0.595663 0.287679
v -0.771971 0.631190 -0.712470
vn -0.858921 0.127826 -0.495898
vt 0.625122 0.287679
v -0.671830 -0.771971 0.701581
vn -0.265450 -0.847435 0.459773
vt 0.617807 0.404201
v -0.631190 -0.793750 0.631190
vn -0.108729 -0.988107 0.108729
vt 0.610571 0.378881
v -0.631190 -0.771971 0.712470
vn -0.069812 -0.854929 0.514025
vt 0.630340 0.398811
v -0.793750 0.631190 -0.631190
vn -0.983441 0.128148 -0.128148
vt 0.650634 0.298651
v -0.771971 0.712470 -0.631190
vn -0.865321 0.488332 -0.112921
vt 0.645242 0.322434
v -0.753110 0.712470 -0.701581
vn -0.758624 0.482342 -0.437992
vt 0.623148 0.312931
v -0.712470 -0.771971 0.631190
vn -0.514025 -0.854929 0.069812
vt 0.590802 0.398811
v -0.631190 -0.793750 0.631190
vn -0.108729 -0.988107 0.108729
vt 0.610571 0.378881
v -0.701581 -0.771971 0.671830
vn -0.459773 -0.847435 0.265450
vt 0.603335 0.404201
v -0.753110 0.712470 -0.701581
vn -0.758624 0.482342 -0.437992
vt 0.623148 0.312931
v -0.771971 0.631190 -0.712470
vn -0.858921 0.127826 -0.495898
vt 0.625122 0.287679
v -0.793750 0.631190 -0.631190
vn -0.983441 0.128148 -0.128148
vt 0.650634 0.298651
v -0.701581 -0.771971 -0.671830
vn -0.459772 -0.847435 -0.265450
vt 0.617807 0.404201
v -0.631190 -0.793750 -0.631190
vn -0.108729 -0.988107 -0.108729
vt 0.610571 0.378881
v -0.712470 -0.771971 -0.631190
vn -0.514025 -0.854929 -0.069812
vt 0.630340 0.398811
v -0.753110 0.712470 0.701581
vn -0.758624 0.482342 0.437992
vt 0.597637 0.312931
v -0.771971 0.631190 0.712470
vn -0.858921 0.127826 0.495898
vt 0.595663 0.287679
v -0.712470 0.631190 0.771971
vn -0.495898 0.127827 0.858921
vt 0.625122 0.287679
v -0.631190 -0.771971 -0.712470
vn -0.069812 -0.854929 -0.514025
vt 0.590802 0.398811
v -0.631190 -0.793750 -0.631190
vn -0.108729 -0.988107 -0.108729
vt 0.610571 0.378881
v -0.671830 -0.771971 -0.701581
vn -0.265450 -0.847435 -0.459773
vt 0.603335 0.404201
v -0.631190 0.631190 0.793750
vn -0.128148 0.128148 0.983441
vt 0.650634 0.298651
v -0.631190 0.712470 0.771971
vn -0.112922 0.488332 0.865321
vt 0.645242 0.322434
v -0.701581 0.712470 0.753110
vn -0.437991 0.482342 0.758624
vt 0.623148 0.312931
v 0.701581 -0.712470 -0.753110
vn 0.437992 -0.482342 -0.758624
vt 0.623104 0.433144
v 0.671830 -0.771971 -0.701581
vn 0.265450 -0.847435 -0.459773
vt 0.617807 0.404201
v 0.631190 -0.771971 -0.712470
vn 0.069812 -0.854929 -0.514025
vt 0.630340 0.398811
v -0.701581 0.712470 0.753110
vn -0.437991 0.482342 0.758624
vt 0.623148 0.312931
v -0.712470 0.631190 0.771971
vn -0.495898 0.127827 0.858921
vt 0.625122 0.287679
v -0.631190 0.631190 0.793750
vn -0.128148 0.128148 0.983441
vt 0.650634 0.298651
v 0.631190 -0.771971 -0.712470
vn 0.069812 -0.854929 -0.514025
vt 0.630340 0.398811
v 0.631190 -0.712470 -0.771971
vn 0.112921 -0.488332 -0.865321
vt 0.644811 0.423808
v 0.701581 -0.712470 -0.753110
vn 0.437992 -0.482342 -0.758624
vt 0.623104 0.433144
v 0.701581 0.712470 0.753110
vn 0.437991 0.482342 0.758624
vt 0.597637 0.312931
v 0.712470 0.631190 0.771971
vn 0.495898 0.127826 0.858921
vt 0.595663 0.287679
v 0.771971 0.631190 0.712470
vn 0.858921 0.127826 0.495898
vt 0.625122 0.287679
v 0.771971 -0.712470 -0.631190
vn 0.865321 -0.488332 -0.112921
vt 0.576330 0.423808
v 0.712470 -0.771971 -0.631190
vn 0.514025 -0.854929 -0.069812
vt 0.590802 0.398811
v 0.701581 -0.771971 -0.671830
vn 0.459773 -0.847435 -0.265450
vt 0.603335 0.404201
v 0.793750 0.631190 0.631190
vn 0.983441 0.128148 0.128148
vt 0.650634 0.298651
v 0.771971 0.712470 0.631190
vn 0.865321 0.488332 0.112921
vt 0.645242 0.322434
v 0.753110 0.712470 0.701581
vn 0.758624 0.482342 0.437992
vt 0.623148 0.312931
v 0.701581 -0.771971 -0.671830
vn 0.459773 -0.847435 -0.265450
vt 0.603335 0.404201
v 0.753110 -0.712470 -0.701581
vn 0.758624 -0.482342 -0.437992
vt 0.598038 0.433144
v 0.771971 -0.712470 -0.631190
vn 0.865321 -0.488332 -0.112921
vt 0.576330 0.423808
v 0.753110 0.712470 0.701581
vn 0.758624 0.482342 0.437992
vt 0.623148 0.312931
v 0.771971 0.631190 0.712470
vn 0.858921 0.127826 0.495898
vt 0.625122 0.287679
v 0.793750 0.631190 0.631190
vn 0.983441 0.128148 0.128148
vt 0.650634 0.298651
v 0.753110 -0.712470 0.701581
vn 0.758624 -0.482342 0.437992
vt 0.623104 0.433144
v 0.701581 -0.771971 0.671830
vn 0.459772 -0.847435 0.265450
vt 0.617807 0.404201
v 0.712470 -0.771971 0.631190
vn 0.514025 -0.854929 0.069812
vt 0.630340 0.398811
v 0.753110 0.712470 -0.701581
vn 0.758624 0.482342 -0.437992
vt 0.597637 0.312931
v 0.771971 0.631190 -0.712470
vn 0.858921 0.127826 -0.495898
vt 0.595663 0.287679
v 0.712470 0.631190 -0.771971
vn 0.495898 0.127826 -0.858921
vt 0.625122 0.287679
v 0.712470 -0.771971 0.631190
vn 0.514025 -0.854929 0.069812
vt 0.630340 0.398811
v 0.771971 -0.712470 0.631190
vn 0.865321 -0.488332 0.112921
vt 0.644811 0.423808
v 0.753110 -0.712470 0.701581
vn 0.758624 -0.482342 0.437992
vt 0.623104 0.433144
v 0.631190 0.631190 -0.793750
vn 0.128148 0.128148 -0.983441
vt 0.650634 0.298651
v 0.631190 0.712470 -0.771971
vn 0.112922 0.488332 -0.865321
vt 0.645242 0.322434
v 0.701581 0.712470 -0.753110
vn 0.437991 0.482342 -0.758624
vt 0.623148 0.312931
v 0.631190 -0.712470 0.771971
vn 0.112922 -0.488332 0.865321
vt 0.576330 0.423808
v 0.631190 -0.771971 0.712470
vn 0.069812 -0.854929 0.514025
vt 0.590802 0.398811
v 0.671830 -0.771971 0.701581
vn 0.265450 -0.847435 0.459773
vt 0.603335 0.404201
v 0.701581 -0.712470 0.753110
vn 0.437991 -0.482342 0.758624
vt 0.598038 0.433144
v 0.631190 -0.712470 0.771971
vn 0.112922 -0.488332 0.865321
vt 0.576330 0.423808
v -0.701581 -0.712470 0.753110
vn -0.437992 -0.482342 0.758624
vt 0.623104 0.433144
v -0.671830 -0.771971 0.701581
vn -0.265450 -0.847435 0.459773
vt 0.617807 0.404201
v -0.631190 -0.771971 0.712470
vn -0.069812 -0.854929 0.514025
vt 0.630340 0.398811
v 0.701581 0.712470 -0.753110
vn 0.437991 0.482342 -0.758624
vt 0.623148 0.312931
v 0.712470 0.631190 -0.771971
vn 0.495898 0.127826 -0.858921
vt 0.625122 0.287679
v 0.631190 0.631190 -0.793750
vn 0.128148 0.128148 -0.983441
vt 0.650634 0.298651
v -0.631190 -0.771971 0.712470
vn -0.069812 -0.854929 0.514025
vt 0.630340 0.398811
v -0.631190 -0.712470 0.771971
vn -0.112921 -0.488332 0.865321
vt 0.644811 0.423808
v -0.701581 -0.712470 0.753110
vn -0.437992 -0.482342 0.758624
vt 0.623104 0.433144
v -0.712470 0.631190 -0.771971
vn -0.495898 0.127827 -0.858921
vt 0.592289 0.264024
v -0.631190 0.631190 -0.793750
vn -0.128148 0.128148 -0.983441
vt 0.560231 0.264024
v -0.631190 0.315563 -0.793750
vn -0.130526 0.000000 -0.991445
vt 0.560231 0.238740
v -0.771971 -0.712470 0.631190
vn -0.865321 -0.488332 0.112921
vt 0.576330 0.423808
v -0.712470 -0.771971 0.631190
vn -0.514025 -0.854929 0.069812
vt 0.590802 0.398811
v -0.701581 -0.771971 0.671830
vn -0.459773 -0.847435 0.265450
vt 0.603335 0.404201
v -0.771971 0.631190 0.712470
vn -0.858921 0.127826 0.495898
vt 0.592289 0.264024
v -0.793750 0.631190 0.631190
vn -0.983441 0.128148 0.128148
vt 0.560231 0.264024
v -0.793750 0.315590 0.631190
vn -0.991445 0.000000 0.130526
vt 0.560231 0.238740
v -0.701581 -0.771971 0.671830
vn -0.459773 -0.847435 0.265450
vt 0.603335 0.404201
v -0.753110 -0.712470 0.701581
vn -0.758624 -0.482342 0.437992
vt 0.598038 0.433144
v -0.771971 -0.712470 0.631190
vn -0.865321 -0.488332 0.112921
vt 0.576330 0.423808
v 0.712470 0.631190 0.771971
vn 0.495898 0.127826 0.858921
vt 0.592289 0.264024
v 0.631190 0.631190 0.793750
vn 0.128148 0.128148 0.983441
vt 0.560231 0.264024
v 0.631190 0.315554 0.793750
vn 0.130526 -0.000000 0.991445
vt 0.560231 0.238740
v -0.753110 -0.712470 -0.701581
vn -0.758624 -0.482342 -0.437992
vt 0.623104 0.433144
v -0.701581 -0.771971 -0.671830
vn -0.459772 -0.847435 -0.265450
vt 0.617807 0.404201
v -0.712470 -0.771971 -0.631190
vn -0.514025 -0.854929 -0.069812
vt 0.630340 0.398811
v 0.771971 0.631190 -0.712470
vn 0.858921 0.127826 -0.495898
vt 0.592289 0.264024
v 0.793750 0.631190 -0.631190
vn 0.983441 0.128148 -0.128148
vt 0.560231 0.264024
v 0.793750 0.315528 -0.631190
vn 0.991445 -0.000000 -0.130526
vt 0.560231 0.238740
v -0.712470 -0.771971 -0.631190
vn -0.514025 -0.854929 -0.069812
vt 0.630340 0.398811
v -0.771971 -0.712470 -0.631190
vn -0.865321 -0.488332 -0.112921
vt 0.644811 0.423808
v -0.753110 -0.712470 -0.701581
vn -0.758624 -0.482342 -0.437992
vt 0.623104 0.433144
v -0.631190 -0.712470 0.771971
vn -0.112921 -0.488332 0.865321
vt 0.644811 0.423808
v -0.631190 -0.631190 0.793750
vn -0.128148 -0.128148 0.983441
vt 0.650108 0.447175
v -0.712470 -0.631190 0.771971
vn -0.495898 -0.127827 0.858921
vt 0.625043 0.457955
v -0.712470 -0.631190 0.771971
vn -0.495898 -0.127827 0.858921
vt 0.625043 0.457955
v -0.701581 -0.712470 0.753110
vn -0.437992 -0.482342 0.758624
vt 0.623104 0.433144
v 0.631190 -0.712470 -0.771971
vn 0.112921 -0.488332 -0.865321
vt 0.644811 0.423808
v 0.631190 -0.631190 -0.793750
vn 0.128148 -0.128148 -0.983441
vt 0.650108 0.447175
v 0.712470 -0.631190 -0.771971
vn 0.495898 -0.127826 -0.858921
vt 0.625043 0.457955
v 0.712470 -0.631190 -0.771971
vn 0.495898 -0.127826 -0.858921
vt 0.625043 0.457955
v 0.701581 -0.712470 -0.753110
vn 0.437992 -0.482342 -0.758624
vt 0.623104 0.433144
v -0.671830 -0.771971 -0.701581
vn -0.265450 -0.847435 -0.459773
vt 0.603335 0.404201
v -0.701581 -0.712470 -0.753110
vn -0.437991 -0.482342 -0.758624
vt 0.598038 0.433144
v -0.631190 -0.712470 -0.771971
vn -0.112922 -0.488332 -0.865321
vt 0.576330 0.423808
v -0.631190 -0.712470 -0.771971
vn -0.112922 -0.488332 -0.865321
vt 0.576330 0.423808
v -0.631190 -0.771971 -0.712470
vn -0.069812 -0.854929 -0.514025
vt 0.590802 0.398811
g Wuerfel_part_0
# Submesh 0: 600 triangles
f 1/1/1 2/2/2 3/3/3
f 4/4/4 5/5/5 6/6/6
f 6/6/6 7/7/7 4/4/4
f 8/8/8 9/9/9 10/10/10
f 10/10/10 11/11/11 8/8/8
f 12/12/12 13/13/13 14/14/14
f 14/14/14 9/9/9 12/12/12
f 9/9/9 14/14/14 15/15/15
f 15/15/15 10/10/10 9/9/9
f 10/10/10 15/15/15 16/16/16
f 16/16/16 17/17/17 10/10/10
f 11/11/11 10/10/10 17/17/17
f 17/17/17 18/18/18 11/11/11
f 19/19/19 12/12/12 9/9/9
f 9/9/9 8/8/8 19/19/19
f 20/20/20 19/19/19 8/8/8
f 8/8/8 21/21/21 20/20/20
f 21/21/21 8/8/8 11/11/11
f 11/11/11 22/22/22 21/21/21
f 22/22/22 11/11/11 18/18/18
f 18/18/18 23/23/23 22/22/22
f 24/24/24 23/23/23 18/18/18
f 18/18/18 25/25/25 24/24/24
f 25/25/25 18/18/18 17/17/17
f 17/17/17 26/26/26 25/25/25
f 26/26/26 17/17/17 16/16/16
f 16/16/16 27/27/27 26/26/26
f 28/28/28 27/27/27 16/16/16
f 16/16/16 29/29/29 28/28/28
f 29/29/29 16/16/16 15/15/15
f 15/15/15 30/30/30 29/29/29
f 30/30/30 15/15/15 14/14/14
f 14/14/14 31/31/31 30/30/30
f 31/31/31 14/14/14 13/13/13
f 13/13/13 32/32/32 31/31/31
f 33/33/33 34/34/34 35/35/35
f 35/35/35 36/36/36 33/33/33
f 37/37/37 38/38/38 39/39/39
f 39/39/39 34/34/34 37/37/37
f 40/40/40 37/37/37 34/34/34
f 34/34/34 33/33/33 40/40/40
f 41/41/41 40/40/40 33/33/33
f 33/33/33 42/42/42 41/41/41
f 42/42/42 33/33/33 36/36/36
f 36/36/36 43/43/43 42/42/42
f 34/34/34 39/39/39 44/44/44
f 44/44/44 35/35/35 34/34/34
f 35/35/35 44/44/44 45/45/45
f 45/45/45 46/46/46 35/35/35
f 35/35/35 46/46/46 47/47/47
f 47/47/47 36/36/36 35/35/35
f 36/36/36 47/47/47 48/48/48
f 48/48/48 43/43/43 36/36/36
f 43/43/43 48/48/48 49/49/49
f 49/49/49 50/50/50 43/43/43
f 43/43/43 50/50/50 51/51/51
f 51/51/51 42/42/42 43/43/43
f 42/42/42 51/51/51 52/52/52
f 52/52/52 41/41/41 42/42/42
f 41/41/41 52/52/52 53/53/53
f 53/53/53 54/54/54 41/41/41
f 40/40/40 41/41/41 54/54/54
f 54/54/54 55/55/55 40/40/40
f 37/37/37 40/40/40 55/55/55
f 55/55/55 56/56/56 37/37/37
f 38/38/38 37/37/37 56/56/56
f 56/56/56 57/57/57 38/38/38
f 58/58/58 59/59/59 60/60/60
f 59/59/59 58/58/58 61/61/61
f 62/62/62 63/63/63 64/64/64
f 63/63/63 62/62/62 65/65/65
f 66/66/66 62/62/62 67/67/67
f 62/62/62 66/66/66 68/68/68
f 69/69/69 66/66/66 70/70/70
f 66/66/66 69/69/69 71/71/71
f 72/72/72 73/73/73 70/70/70
f 74/74/74 75/75/75 65/65/65
f 76/76/76 77/77/77 67/67/67
f 78/78/78 79/79/79 68/68/68
f 80/80/80 81/81/81 82/82/82
f 81/81/81 80/80/80 83/83/83
f 84/84/84 85/85/85 86/86/86
f 85/85/85 84/84/84 87/87/87
f 88/88/88 89/89/89 87/87/87
f 89/89/89 88/88/88 90/90/90
f 91/91/91 92/92/92 93/93/93
f 92/92/92 91/91/91 94/94/94
f 95/95/95 96/96/96 94/94/94
f 96/96/96 95/95/95 97/97/97
f 98/98/98 99/99/99 100/100/100
f 99/99/99 98/98/98 101/101/101
f 102/102/102 98/98/98 103/103/103
f 98/98/98 102/102/102 104/104/104
f 105/105/105 102/102/102 106/106/106
f 102/102/102 105/105/105 107/107/107
f 108/108/108 109/109/109 106/106/106
f 110/110/110 111/111/111 101/101/101
f 112/112/112 113/113/113 103/103/103
f 114/114/114 115/115/115 104/104/104
f 116/116/116 117/117/117 118/118/118
f 117/117/117 116/116/116 119/119/119
f 120/120/120 121/121/121 122/122/122
f 121/121/121 120/120/120 123/123/123
f 124/124/124 125/125/125 126/126/126
f 126/126/126 127/127/127 124/124/124
f 128/128/128 124/124/124 127/127/127
f 127/127/127 129/129/129 128/128/128
f 130/130/130 128/128/128 129/129/129
f 129/129/129 131/131/131 130/130/130
f 132/132/132 133/133/133 134/134/134
f 135/135/135 136/136/136 132/132/132
f 137/137/137 138/138/138 139/139/139
f 140/140/140 141/141/141 142/142/142
f 141/141/141 140/140/140 137/137/137
f 137/137/137 143/143/143 141/141/141
f 139/139/139 143/143/143 137/137/137
f 143/143/143 139/139/139 144/144/144
f 144/144/144 145/145/145 143/143/143
f 145/145/145 144/144/144 146/146/146
f 146/146/146 147/147/147 145/145/145
f 145/145/145 147/147/147 148/148/148
f 148/148/148 149/149/149 145/145/145
f 149/149/149 148/148/148 150/150/150
f 150/150/150 151/151/151 149/149/149
f 151/151/151 150/150/150 152/152/152
f 152/152/152 153/153/153 151/151/151
f 142/142/142 151/151/151 153/153/153
f 153/153/153 154/154/154 142/142/142
f 155/155/155 142/142/142 154/154/154
f 154/154/154 156/156/156 155/155/155
f 151/151/151 142/142/142 141/141/141
f 141/141/141 149/149/149 151/151/151
f 149/149/149 141/141/141 143/143/143
f 143/143/143 145/145/145 149/149/149
f 142/142/142 155/155/155 140/140/140
f 157/157/157 158/158/158 159/159/159
f 160/160/160 161/161/161 162/162/162
f 162/162/162 163/163/163 160/160/160
f 164/164/164 160/160/160 163/163/163
f 163/163/163 165/165/165 164/164/164
f 166/166/166 164/164/164 165/165/165
f 165/165/165 167/167/167 166/166/166
f 168/168/168 169/169/169 170/170/170
f 171/171/171 172/172/172 173/173/173
f 173/173/173 174/174/174 171/171/171
f 175/175/175 171/171/171 174/174/174
f 174/174/174 176/176/176 175/175/175
f 177/177/177 175/175/175 176/176/176
f 176/176/176 178/178/178 177/177/177
f 179/179/179 180/180/180 181/181/181
f 182/182/182 183/183/183 184/184/184
f 184/184/184 185/185/185 182/182/182
f 186/186/186 182/182/182 185/185/185
f 185/185/185 187/187/187 186/186/186
f 188/188/188 186/186/186 187/187/187
f 187/187/187 189/189/189 188/188/188
f 190/190/190 191/191/191 192/192/192
f 193/193/193 194/194/194 195/195/195
f 196/196/196 194/194/194 193/193/193
f 193/193/193 197/197/197 196/196/196
f 198/198/198 199/199/199 197/197/197
f 197/197/197 193/193/193 198/198/198
f 198/198/198 193/193/193 200/200/200
f 195/195/195 200/200/200 193/193/193
f 200/200/200 195/195/195 201/201/201
f 202/202/202 203/203/203 199/199/199
f 199/199/199 198/198/198 202/202/202
f 202/202/202 198/198/198 204/204/204
f 200/200/200 204/204/204 198/198/198
f 204/204/204 200/200/200 205/205/205
f 201/201/201 205/205/205 200/200/200
f 205/205/205 201/201/201 206/206/206
f 206/206/206 207/207/207 205/205/205
f 208/208/208 205/205/205 207/207/207
f 207/207/207 209/209/209 208/208/208
f 210/210/210 208/208/208 209/209/209
f 209/209/209 211/211/211 210/210/210
f 208/208/208 210/210/210 212/212/212
f 212/212/212 204/204/204 208/208/208
f 205/205/205 208/208/208 204/204/204
f 204/204/204 212/212/212 202/202/202
f 213/213/213 214/214/214 215/215/215
f 215/215/215 216/216/216 213/213/213
f 217/217/217 213/213/213 216/216/216
f 216/216/216 218/218/218 217/217/217
f 218/218/218 219/219/219 217/217/217
f 220/220/220 221/221/221 222/222/222
f 222/222/222 223/223/223 220/220/220
f 224/224/224 225/225/225 226/226/226
f 226/226/226 227/227/227 224/224/224
f 227/227/227 226/226/226 228/228/228
f 228/228/228 229/229/229 227/227/227
f 229/229/229 228/228/228 230/230/230
f 230/230/230 231/231/231 229/229/229
f 232/232/232 233/233/233 234/234/234
f 234/234/234 235/235/235 232/232/232
f 236/236/236 237/237/237 238/238/238
f 238/238/238 239/239/239 236/236/236
f 240/240/240 236/236/236 239/239/239
f 239/239/239 241/241/241 240/240/240
f 241/241/241 242/242/242 240/240/240
f 243/243/243 244/244/244 245/245/245
f 245/245/245 246/246/246 243/243/243
f 247/247/247 248/248/248 249/249/249
f 249/249/249 250/250/250 247/247/247
f 250/250/250 249/249/249 251/251/251
f 251/251/251 252/252/252 250/250/250
f 252/252/252 251/251/251 253/253/253
f 253/253/253 254/254/254 252/252/252
f 255/255/255 256/256/256 257/257/257
f 257/257/257 258/258/258 255/255/255
f 259/259/259 255/255/255 258/258/258
f 258/258/258 260/260/260 259/259/259
f 260/260/260 261/261/261 259/259/259
f 262/262/262 263/263/263 264/264/264
f 264/264/264 265/265/265 262/262/262
f 266/266/266 267/267/267 268/268/268
f 268/268/268 269/269/269 266/266/266
f 270/270/270 271/271/271 272/272/272
f 272/272/272 273/273/273 270/270/270
f 274/274/274 270/270/270 273/273/273
f 273/273/273 275/275/275 274/274/274
f 275/275/275 276/276/276 274/274/274
f 277/277/277 278/278/278 279/279/279
f 279/279/279 280/280/280 277/277/277
f 281/281/281 282/282/282 283/283/283
f 282/282/282 281/281/281 284/284/284
f 285/285/285 286/286/286 287/287/287
f 286/286/286 285/285/285 288/288/288
f 289/289/289 290/290/290 291/291/291
f 290/290/290 289/289/289 292/292/292
f 293/293/293 294/294/294 295/295/295
f 294/294/294 293/293/293 296/296/296
f 297/297/297 298/298/298 299/299/299
f 298/298/298 297/297/297 300/300/300
f 301/301/301 302/302/302 303/303/303
f 302/302/302 301/301/301 304/304/304
f 305/305/305 306/306/306 307/307/307
f 307/307/307 308/308/308 305/305/305
f 309/309/309 310/310/310 311/311/311
f 311/311/311 312/312/312 309/309/309
f 313/313/313 314/314/314 315/315/315
f 315/315/315 316/316/316 313/313/313
f 317/317/317 318/318/318 319/319/319
f 319/319/319 320/320/320 317/317/317
f 321/321/321 322/322/322 323/323/323
f 323/323/323 324/324/324 321/321/321
f 325/325/325 326/326/326 327/327/327
f 327/327/327 328/328/328 325/325/325
f 328/328/328 327/327/327 329/329/329
f 329/329/329 330/330/330 328/328/328
f 330/330/330 329/329/329 331/331/331
f 331/331/331 332/332/332 330/330/330
f 333/333/333 334/334/334 335/335/335
f 335/335/335 336/336/336 333/333/333
f 337/337/337 338/338/338 339/339/339
f 339/339/339 340/340/340 337/337/337
f 340/340/340 339/339/339 341/341/341
f 341/341/341 342/342/342 340/340/340
f 342/342/342 341/341/341 343/343/343
f 343/343/343 344/344/344 342/342/342
f 345/345/345 346/346/346 347/347/347
f 346/346/346 345/345/345 348/348/348
f 349/349/349 350/350/350 351/351/351
f 351/351/351 352/352/352 349/349/349
f 352/352/352 351/351/351 353/353/353
f 354/354/354 349/349/349 355/355/355
f 356/356/356 357/357/357 358/358/358
f 358/358/358 359/359/359 356/356/356
f 359/359/359 358/358/358 360/360/360
f 360/360/360 361/361/361 359/359/359
f 361/361/361 360/360/360 362/362/362
f 362/362/362 363/363/363 361/361/361
f 364/364/364 363/363/363 362/362/362
f 362/362/362 365/365/365 364/364/364
f 365/365/365 362/362/362 366/366/366
f 366/366/366 353/353/353 365/365/365
f 353/353/353 366/366/366 355/355/355
f 367/367/367 355/355/355 366/366/366
f 355/355/355 367/367/367 354/354/354
f 368/368/368 354/354/354 367/367/367
f 367/367/367 369/369/369 368/368/368
f 370/370/370 368/368/368 369/369/369
f 369/369/369 371/371/371 370/370/370
f 371/371/371 369/369/369 372/372/372
f 372/372/372 373/373/373 371/371/371
f 373/373/373 372/372/372 358/358/358
f 358/358/358 357/357/357 373/373/373
f 374/374/374 372/372/372 369/369/369
f 369/369/369 367/367/367 374/374/374
f 366/366/366 374/374/374 367/367/367
f 374/374/374 366/366/366 362/362/362
f 362/362/362 360/360/360 374/374/374
f 372/372/372 374/374/374 360/360/360
f 360/360/360 358/358/358 372/372/372
f 375/375/375 376/376/376 377/377/377
f 378/378/378 379/379/379 380/380/380
f 379/379/379 378/378/378 381/381/381
f 382/382/382 383/383/383 384/384/384
f 383/383/383 382/382/382 385/385/385
f 386/386/386 387/387/387 388/388/388
f 387/387/387 386/386/386 389/389/389
f 390/390/390 391/391/391 392/392/392
f 391/391/391 390/390/390 393/393/393
f 394/394/394 395/395/395 396/396/396
f 396/396/396 397/397/397 394/394/394
f 398/398/398 399/399/399 400/400/400
f 400/400/400 401/401/401 398/398/398
f 401/401/401 400/400/400 395/395/395
f 395/395/395 394/394/394 401/401/401
f 402/402/402 401/401/401 394/394/394
f 394/394/394 403/403/403 402/402/402
f 403/403/403 394/394/394 397/397/397
f 397/397/397 404/404/404 403/403/403
f 405/405/405 398/398/398 401/401/401
f 401/401/401 402/402/402 405/405/405
f 406/406/406 405/405/405 402/402/402
f 402/402/402 407/407/407 406/406/406
f 407/407/407 402/402/402 403/403/403
f 403/403/403 408/408/408 407/407/407
f 408/408/408 403/403/403 404/404/404
f 404/404/404 409/409/409 408/408/408
f 410/410/410 409/409/409 404/404/404
f 404/404/404 411/411/411 410/410/410
f 411/411/411 404/404/404 397/397/397
f 397/397/397 412/412/412 411/411/411
f 412/412/412 397/397/397 396/396/396
f 396/396/396 413/413/413 412/412/412
f 414/414/414 413/413/413 396/396/396
f 396/396/396 415/415/415 414/414/414
f 415/415/415 396/396/396 395/395/395
f 395/395/395 416/416/416 415/415/415
f 416/416/416 395/395/395 400/400/400
f 400/400/400 417/417/417 416/416/416
f 417/417/417 400/400/400 399/399/399
f 399/399/399 418/418/418 417/417/417
f 419/419/419 420/420/420 421/421/421
f 422/422/422 423/423/423 424/424/424
f 423/423/423 422/422/422 425/425/425
f 426/426/426 422/422/422 427/427/427
f 422/422/422 426/426/426 428/428/428
f 429/429/429 426/426/426 430/430/430
f 426/426/426 429/429/429 431/431/431
f 432/432/432 433/433/433 430/430/430
f 434/434/434 435/435/435 425/425/425
f 436/436/436 437/437/437 427/427/427
f 438/438/438 439/439/439 428/428/428
f 440/440/440 441/441/441 442/442/442
f 441/441/441 440/440/440 443/443/443
f 444/444/444 445/445/445 446/446/446
f 445/445/445 444/444/444 447/447/447
f 448/448/448 449/449/449 450/450/450
f 449/449/449 448/448/448 451/451/451
f 452/452/452 453/453/453 454/454/454
f 453/453/453 452/452/452 455/455/455
f 456/456/456 452/452/452 457/457/457
f 452/452/452 456/456/456 458/458/458
f 459/459/459 456/456/456 460/460/460
f 456/456/456 459/459/459 461/461/461
f 462/462/462 463/463/463 460/460/460
f 464/464/464 465/465/465 455/455/455
f 466/466/466 467/467/467 457/457/457
f 468/468/468 469/469/469 458/458/458
f 470/470/470 471/471/471 472/472/472
f 471/471/471 470/470/470 473/473/473
f 474/474/474 475/475/475 476/476/476
f 475/475/475 474/474/474 477/477/477
f 478/478/478 479/479/479 480/480/480
f 480/480/480 481/481/481 478/478/478
f 482/482/482 483/483/483 484/484/484
f 484/484/484 485/485/485 482/482/482
f 485/485/485 484/484/484 486/486/486
f 486/486/486 487/487/487 485/485/485
f 488/488/488 489/489/489 490/490/490
f 490/490/490 483/483/483 488/488/488
f 483/483/483 490/490/490 491/491/491
f 491/491/491 484/484/484 483/483/483
f 484/484/484 491/491/491 492/492/492
f 492/492/492 486/486/486 484/484/484
f 493/493/493 486/486/486 492/492/492
f 486/486/486 493/493/493 494/494/494
f 494/494/494 487/487/487 486/486/486
f 487/487/487 494/494/494 495/495/495
f 495/495/495 496/496/496 487/487/487
f 487/487/487 496/496/496 497/497/497
f 497/497/497 485/485/485 487/487/487
f 485/485/485 497/497/497 498/498/498
f 498/498/498 482/482/482 485/485/485
f 482/482/482 498/498/498 499/499/499
f 499/499/499 500/500/500 482/482/482
f 483/483/483 482/482/482 500/500/500
f 500/500/500 488/488/488 483/483/483
f 492/492/492 501/501/501 493/493/493
f 502/502/502 503/503/503 504/504/504
f 504/504/504 505/505/505 502/502/502
f 506/506/506 502/502/502 505/505/505
f 505/505/505 507/507/507 506/506/506
f 508/508/508 506/506/506 507/507/507
f 507/507/507 509/509/509 508/508/508
f 510/510/510 511/511/511 512/512/512
f 513/513/513 514/514/514 515/515/515
f 514/514/514 513/513/513 516/516/516
f 517/517/517 516/516/516 513/513/513
f 513/513/513 518/518/518 517/517/517
f 518/518/518 513/513/513 519/519/519
f 519/519/519 520/520/520 518/518/518
f 515/515/515 519/519/519 513/513/513
f 516/516/516 521/521/521 514/514/514
f 522/522/522 521/521/521 516/516/516
f 521/521/521 522/522/522 523/523/523
f 523/523/523 524/524/524 521/521/521
f 521/521/521 524/524/524 525/525/525
f 525/525/525 514/514/514 521/521/521
f 514/514/514 525/525/525 526/526/526
f 526/526/526 515/515/515 514/514/514
f 527/527/527 515/515/515 526/526/526
f 515/515/515 527/527/527 528/528/528
f 528/528/528 519/519/519 515/515/515
f 519/519/519 528/528/528 529/529/529
f 529/529/529 520/520/520 519/519/519
f 520/520/520 529/529/529 530/530/530
f 530/530/530 531/531/531 520/520/520
f 520/520/520 531/531/531 532/532/532
f 532/532/532 518/518/518 520/520/520
f 518/518/518 532/532/532 533/533/533
f 533/533/533 517/517/517 518/518/518
f 526/526/526 534/534/534 527/527/527
f 517/517/517 533/533/533 535/535/535
f 535/535/535 536/536/536 517/517/517
f 517/517/517 536/536/536 537/537/537
f 537/537/537 516/516/516 517/517/517
f 516/516/516 537/537/537 522/522/522
f 538/538/538 539/539/539 540/540/540
f 541/541/541 540/540/540 539/539/539
f 542/542/542 543/543/543 544/544/544
f 545/545/545 546/546/546 547/547/547
f 547/547/547 548/548/548 545/545/545
f 549/549/549 545/545/545 548/548/548
f 548/548/548 550/550/550 549/549/549
f 551/551/551 549/549/549 550/550/550
f 550/550/550 552/552/552 551/551/551
f 553/553/553 554/554/554 555/555/555
f 556/556/556 557/557/557 558/558/558
f 558/558/558 559/559/559 556/556/556
f 559/559/559 558/558/558 560/560/560
f 560/560/560 561/561/561 559/559/559
f 559/559/559 561/561/561 562/562/562
f 562/562/562 563/563/563 559/559/559
f 563/563/563 562/562/562 553/553/553
f 553/553/553 564/564/564 563/563/563
f 555/555/555 564/564/564 553/553/553
f 564/564/564 555/555/555 565/565/565
f 565/565/565 566/566/566 564/564/564
f 566/566/566 565/565/565 567/567/567
f 567/567/567 568/568/568 566/566/566
f 568/568/568 567/567/567 569/569/569
f 569/569/569 570/570/570 568/568/568
f 568/568/568 570/570/570 571/571/571
f 571/571/571 572/572/572 568/568/568
f 572/572/572 571/571/571 573/573/573
f 556/556/556 559/559/559 563/563/563
f 573/573/573 574/574/574 572/572/572
f 574/574/574 573/573/573 575/575/575
f 575/575/575 576/576/576 574/574/574
f 574/574/574 576/576/576 557/557/557
f 557/557/557 556/556/556 574/574/574
f 574/574/574 556/556/556 577/577/577
f 563/563/563 577/577/577 556/556/556
f 577/577/577 563/563/563 564/564/564
f 564/564/564 566/566/566 577/577/577
f 572/572/572 577/577/577 566/566/566
f 566/566/566 568/568/568 572/572/572
f 577/577/577 572/572/572 574/574/574
f 578/578/578 579/579/579 580/580/580
f 581/581/581 582/582/582 583/583/583
f 583/583/583 584/584/584 581/581/581
f 585/585/585 581/581/581 584/584/584
f 584/584/584 586/586/586 585/585/585
f 587/587/587 585/585/585 586/586/586
f 586/586/586 588/588/588 587/587/587
f 589/589/589 590/590/590 591/591/591
f 592/592/592 593/593/593 594/594/594
f 594/594/594 595/595/595 592/592/592
f 596/596/596 592/592/592 595/595/595
f 595/595/595 597/597/597 596/596/596
f 598/598/598 596/596/596 597/597/597
f 597/597/597 599/599/599 598/598/598
f 600/600/600 601/601/601 602/602/602
f 603/603/603 604/604/604 605/605/605
f 604/604/604 603/603/603 606/606/606
f 607/607/607 606/606/606 603/603/603
f 603/603/603 608/608/608 607/607/607
f 608/608/608 603/603/603 609/609/609
f 605/605/605 609/609/609 603/603/603
f 610/610/610 609/609/609 605/605/605
f 605/605/605 611/611/611 610/610/610
f 606/606/606 612/612/612 604/604/604
f 609/609/609 610/610/610 613/613/613
f 613/613/613 614/614/614 609/609/609
f 609/609/609 614/614/614 608/608/608
f 615/615/615 608/608/608 614/614/614
f 608/608/608 615/615/615 616/616/616
f 616/616/616 607/607/607 608/608/608
f 607/607/607 616/616/616 617/617/617
f 617/617/617 618/618/618 607/607/607
f 606/606/606 607/607/607 618/618/618
f 618/618/618 619/619/619 606/606/606
f 612/612/612 606/606/606 619/619/619
f 619/619/619 620/620/620 612/612/612
f 614/614/614 613/613/613 621/621/621
f 621/621/621 622/622/622 614/614/614
f 614/614/614 622/622/622 615/615/615
f 623/623/623 624/624/624 625/625/625
f 625/625/625 626/626/626 623/623/623
f 627/627/627 623/623/623 626/626/626
f 626/626/626 628/628/628 627/627/627
f 629/629/629 627/627/627 628/628/628
f 628/628/628 630/630/630 629/629/629
f 631/631/631 632/632/632 633/633/633
f 634/634/634 635/635/635 636/636/636
f 636/636/636 637/637/637 634/634/634
f 638/638/638 634/634/634 637/637/637
f 637/637/637 639/639/639 638/638/638
f 640/640/640 638/638/638 639/639/639
f 639/639/639 641/641/641 640/640/640
f 642/642/642 643/643/643 644/644/644
f 645/645/645 646/646/646 647/647/647
f 647/647/647 648/648/648 645/645/645
f 649/649/649 645/645/645 648/648/648
f 648/648/648 650/650/650 649/649/649
f 651/651/651 649/649/649 650/650/650
f 650/650/650 652/652/652 651/651/651
f 653/653/653 654/654/654 655/655/655
f 655/655/655 656/656/656 653/653/653
f 657/657/657 653/653/653 656/656/656
f 656/656/656 658/658/658 657/657/657
f 659/659/659 657/657/657 658/658/658
f 658/658/658 660/660/660 659/659/659
f 661/661/661 662/662/662 663/663/663
f 664/664/664 663/663/663 662/662/662
f 665/665/665 666/666/666 667/667/667
f 668/668/668 667/667/667 666/666/666
f 669/669/669 670/670/670 671/671/671
f 672/672/672 673/673/673 674/674/674
f 675/675/675 676/676/676 677/677/677
f 678/678/678 677/677/677 676/676/676
f 679/679/679 680/680/680 681/681/681
f 682/682/682 681/681/681 680/680/680
f 683/683/683 684/684/684 685/685/685
f 685/685/685 686/686/686 687/687/687
f 688/688/688 689/689/689 690/690/690
f 691/691/691 690/690/690 689/689/689
f 692/692/692 693/693/693 694/694/694
f 695/695/695 694/694/694 693/693/693
f 696/696/696 697/697/697 698/698/698
f 699/699/699 700/700/700 701/701/701
f 702/702/702 703/703/703 704/704/704
f 705/705/705 706/706/706 707/707/707
f 708/708/708 709/709/709 710/710/710
f 711/711/711 710/710/710 709/709/709
f 712/712/712 713/713/713 714/714/714
f 715/715/715 716/716/716 717/717/717
f 718/718/718 719/719/719 720/720/720
f 721/721/721 722/722/722 723/723/723
f 724/724/724 725/725/725 726/726/726
f 727/727/727 728/728/728 729/729/729
f 730/730/730 731/731/731 732/732/732
f 733/733/733 734/734/734 735/735/735
f 736/736/736 737/737/737 738/738/738
f 739/739/739 740/740/740 741/741/741
f 742/742/742 743/743/743 744/744/744
f 745/745/745 746/746/746 747/747/747
f 748/748/748 749/749/749 750/750/750
f 751/751/751 752/752/752 753/753/753
f 754/754/754 755/755/755 756/756/756
f 757/757/757 758/758/758 759/759/759
f 760/760/760 761/761/761 762/762/762
f 763/763/763 764/764/764 765/765/765
f 766/766/766 767/767/767 768/768/768
f 769/769/769 770/770/770 771/771/771
f 772/772/772 773/773/773 774/774/774
f 775/775/775 776/776/776 777/777/777
f 777/777/777 778/778/778 779/779/779
f 780/780/780 781/781/781 782/782/782
f 783/783/783 784/784/784 785/785/785
f 786/786/786 787/787/787 788/788/788
f 789/789/789 790/790/790 791/791/791
f 792/792/792 793/793/793 794/794/794
f 795/795/795 796/796/796 797/797/797
f 798/798/798 799/799/799 800/800/800
f 801/801/801 802/802/802 803/803/803
f 804/804/804 805/805/805 806/806/806
f 807/807/807 808/808/808 809/809/809
f 810/810/810 811/811/811 812/812/812
f 813/813/813 814/814/814 815/815/815
f 816/816/816 817/817/817 813/813/813
f 818/818/818 819/819/819 820/820/820
f 821/821/821 822/822/822 818/818/818
f 823/823/823 824/824/824 825/825/825
f 826/826/826 827/827/827 823/823/823

# Submesh 1: 827 vertices
v -0.631190 0.712470 0.771971
vn -0.112922 0.488332 0.865321
vt 0.645242 0.322434
v -0.631190 0.771971 0.712470
vn -0.069812 0.854929 0.514025
vt 0.630513 0.347876
v -0.671830 0.771971 0.701581
vn -0.265450 0.847435 0.459773
vt 0.617757 0.342390
v -0.701581 0.712470 -0.753110
vn -0.437991 0.482342 -0.758624
vt 0.597637 0.312931
v -0.671830 0.771971 -0.701581
vn -0.265450 0.847435 -0.459773
vt 0.603028 0.342390
v -0.631190 0.771971 -0.712470
vn -0.069812 0.854929 -0.514025
vt 0.590272 0.347876
v -0.631190 0.712470 -0.771971
vn -0.112922 0.488332 -0.865321
vt 0.575543 0.322434
v 0.793750 0.315533 -0.315595
vn 1.000000 -0.000000 0.000000
vt 0.171875 0.343732
v 0.793750 0.315538 0.000000
vn 1.000000 -0.000000 0.000000
vt 0.125000 0.343733
v 0.793750 -0.000010 0.000000
vn 1.000000 0.000000 -0.000000
vt 0.125000 0.249997
v 0.793750 -0.000010 -0.315595
vn 1.000000 0.000000 -0.000000
vt 0.171875 0.249997
v 0.793750 0.631190 0.000000
vn 0.991445 0.130526 0.000000
vt 0.125000 0.437500
v 0.793750 0.631190 0.315595
vn 0.991445 0.130526 0.000000
vt 0.078125 0.437500
v 0.793750 0.315543 0.315595
vn 1.000000 -0.000000 0.000000
vt 0.078125 0.343734
v 0.793750 -0.000010 0.315595
vn 1.000000 0.000000 0.000000
vt 0.078125 0.249997
v 0.793750 -0.315647 0.315595
vn 1.000000 0.000000 0.000000
vt 0.078125 0.156235
v 0.793750 -0.315652 0.000000
vn 1.000000 0.000000 -0.000000
vt 0.125000 0.156233
v 0.793750 -0.315657 -0.315595
vn 1.000000 0.000000 0.000000
vt 0.171875 0.156232
v 0.793750 0.631190 -0.315595
vn 0.991445 0.130526 0.000000
vt 0.171875 0.437500
v 0.793750 0.631190 -0.631190
vn 0.983441 0.128148 -0.128148
vt 0.218750 0.437500
v 0.793750 0.315528 -0.631190
vn 0.991445 -0.000000 -0.130526
vt 0.218750 0.343730
v 0.793750 -0.000010 -0.631190
vn 0.991445 0.000000 -0.130526
vt 0.218750 0.249997
v 0.793750 -0.315662 -0.631190
vn 0.991445 0.000000 -0.130526
vt 0.218750 0.156230
v 0.793750 -0.631190 -0.631190
vn 0.983441 -0.128148 -0.128148
vt 0.218750 0.062500
v 0.793750 -0.631190 -0.315595
vn 0.991445 -0.130526 -0.000000
vt 0.171875 0.062500
v 0.793750 -0.631190 0.000000
vn 0.991445 -0.130526 -0.000000
vt 0.125000 0.062500
v 0.793750 -0.631190 0.315595
vn 0.991445 -0.130526 -0.000000
vt 0.078125 0.062500
v 0.793750 -0.631190 0.631190
vn 0.983441 -0.128148 0.128148
vt 0.031250 0.062500
v 0.793750 -0.315642 0.631190
vn 0.991445 0.000000 0.130526
vt 0.031250 0.156236
v 0.793750 -0.000010 0.631190
vn 0.991445 0.000000 0.130526
vt 0.031250 0.249997
v 0.793750 0.315548 0.631190
vn 0.991445 -0.000000 0.130526
vt 0.031250 0.343736
v 0.793750 0.631190 0.631190
vn 0.983441 0.128148 0.128148
vt 0.031250 0.437500
v -0.793750 -0.000010 -0.000000
vn -1.000000 0.000000 -0.000000
vt 0.375000 0.749997
v -0.793750 -0.000010 -0.315595
vn -1.000000 0.000000 -0.000000
vt 0.328125 0.749997
v -0.793750 -0.315615 -0.315595
vn -1.000000 -0.000000 0.000000
vt 0.328125 0.656244
v -0.793750 -0.315610 -0.000000
vn -1.000000 -0.000000 0.000000
vt 0.375000 0.656246
v -0.793750 0.315575 -0.315595
vn -1.000000 0.000000 -0.000000
vt 0.328125 0.843744
v -0.793750 0.315570 -0.631190
vn -0.991445 0.000000 -0.130526
vt 0.281250 0.843743
v -0.793750 -0.000010 -0.631190
vn -0.991445 0.000000 -0.130526
vt 0.281250 0.749997
v -0.793750 0.315580 -0.000000
vn -1.000000 0.000000 -0.000000
vt 0.375000 0.843746
v -0.793750 0.315585 0.315595
vn -1.000000 0.000000 -0.000000
vt 0.421875 0.843747
v -0.793750 -0.000010 0.315595
vn -1.000000 0.000000 -0.000000
vt 0.421875 0.749997
v -0.793750 -0.315605 0.315595
vn -1.000000 -0.000000 0.000000
vt 0.421875 0.656247
v -0.793750 -0.315620 -0.631190
vn -0.991445 -0.000000 -0.130526
vt 0.281250 0.656243
v -0.793750 -0.631190 -0.631190
vn -0.983441 -0.128148 -0.128148
vt 0.281250 0.562500
v -0.793750 -0.631190 -0.315595
vn -0.991445 -0.130526 -0.000000
vt 0.328125 0.562500
v -0.793750 -0.631190 -0.000000
vn -0.991445 -0.130526 0.000000
vt 0.375000 0.562500
v -0.793750 -0.631190 0.315595
vn -0.991445 -0.130526 0.000000
vt 0.421875 0.562500
v -0.793750 -0.631190 0.631190
vn -0.983441 -0.128148 0.128148
vt 0.468750 0.562500
v -0.793750 -0.315600 0.631190
vn -0.991445 -0.000000 0.130526
vt 0.468750 0.656249
v -0.793750 -0.000010 0.631190
vn -0.991445 0.000000 0.130526
vt 0.468750 0.749997
v -0.793750 0.315590 0.631190
vn -0.991445 0.000000 0.130526
vt 0.468750 0.843748
v -0.793750 0.631190 0.631190
vn -0.983441 0.128148 0.128148
vt 0.468750 0.937500
v -0.793750 0.631190 0.315595
vn -0.991445 0.130526 -0.000000
vt 0.421875 0.937500
v -0.793750 0.631190 -0.000000
vn -0.991445 0.130526 -0.000000
vt 0.375000 0.937500
v -0.793750 0.631190 -0.315595
vn -0.991445 0.130526 -0.000000
vt 0.328125 0.937500
v -0.793750 0.631190 -0.631190
vn -0.983441 0.128148 -0.128148
vt 0.281250 0.937500
v 0.712470 -0.315638 0.771971
vn 0.500000 0.000000 0.866026
vt 0.592289 0.188172
v 0.631190 -0.315635 0.793750
vn 0.130526 0.000000 0.991445
vt 0.560231 0.188172
v 0.631190 -0.631190 0.793750
vn 0.128148 -0.128148 0.983441
vt 0.560231 0.162888
v 0.712470 -0.000010 0.771971
vn 0.500000 0.000000 0.866026
vt 0.592289 0.213455
v -0.712470 -0.000010 0.771971
vn -0.500000 0.000000 0.866025
vt 0.629308 0.213455
v -0.631190 -0.000010 0.793750
vn -0.130526 0.000000 0.991445
vt 0.661367 0.213455
v -0.631190 0.315588 0.793750
vn -0.130526 0.000000 0.991445
vt 0.661367 0.238740
v -0.712470 -0.315600 0.771971
vn -0.500000 -0.000000 0.866026
vt 0.629308 0.188172
v -0.771971 -0.000010 0.712470
vn -0.866025 0.000000 0.500000
vt 0.592289 0.213455
v -0.712470 0.315590 0.771971
vn -0.500000 0.000000 0.866026
vt 0.629308 0.238740
v -0.771971 -0.315599 0.712470
vn -0.866025 -0.000000 0.500000
vt 0.592289 0.188172
v -0.793750 -0.000010 0.631190
vn -0.991445 0.000000 0.130526
vt 0.560231 0.213455
v -0.771971 0.315591 0.712470
vn -0.866025 0.000000 0.500000
vt 0.592289 0.238740
v -0.793750 -0.315600 0.631190
vn -0.991445 -0.000000 0.130526
vt 0.560231 0.188172
v -0.712470 0.631190 0.771971
vn -0.495898 0.127827 0.858921
vt 0.629308 0.264024
v -0.771971 0.631190 0.712470
vn -0.858921 0.127826 0.495898
vt 0.592289 0.264024
v -0.771971 -0.631190 0.712470
vn -0.858921 -0.127826 0.495898
vt 0.592289 0.162888
v -0.712470 -0.631190 0.771971
vn -0.495898 -0.127827 0.858921
vt 0.629308 0.162888
v -0.631190 0.631190 0.793750
vn -0.128148 0.128148 0.983441
vt 0.661367 0.264024
v -0.712470 0.631190 0.771971
vn -0.495898 0.127827 0.858921
vt 0.629308 0.264024
v -0.793750 -0.631190 0.631190
vn -0.983441 -0.128148 0.128148
vt 0.560231 0.162888
v -0.771971 -0.631190 0.712470
vn -0.858921 -0.127826 0.495898
vt 0.592289 0.162888
v -0.631190 -0.315602 0.793750
vn -0.130526 -0.000000 0.991445
vt 0.661367 0.188172
v -0.712470 -0.315600 0.771971
vn -0.500000 -0.000000 0.866026
vt 0.629308 0.188172
v -0.712470 -0.631190 0.771971
vn -0.495898 -0.127827 0.858921
vt 0.629308 0.162888
v -0.631190 -0.000010 0.793750
vn -0.130526 0.000000 0.991445
vt 0.661367 0.213455
v -0.712470 -0.315600 0.771971
vn -0.500000 -0.000000 0.866026
vt 0.629308 0.188172
v -0.771971 -0.315599 0.712470
vn -0.866025 -0.000000 0.500000
vt 0.592289 0.188172
v -0.771971 -0.631190 0.712470
vn -0.858921 -0.127826 0.495898
vt 0.592289 0.162888
v -0.712470 -0.000010 0.771971
vn -0.500000 0.000000 0.866025
vt 0.629308 0.213455
v -0.631190 0.315588 0.793750
vn -0.130526 0.000000 0.991445
vt 0.661367 0.238740
v -0.712470 0.315590 0.771971
vn -0.500000 0.000000 0.866026
vt 0.629308 0.238740
v -0.631190 0.631190 0.793750
vn -0.128148 0.128148 0.983441
vt 0.661367 0.264024
v -0.771971 -0.315599 0.712470
vn -0.866025 -0.000000 0.500000
vt 0.592289 0.188172
v -0.793750 -0.315600 0.631190
vn -0.991445 -0.000000 0.130526
vt 0.560231 0.188172
v -0.793750 -0.631190 0.631190
vn -0.983441 -0.128148 0.128148
vt 0.560231 0.162888
v -0.771971 -0.000010 0.712470
vn -0.866025 0.000000 0.500000
vt 0.592289 0.213455
v -0.712470 0.315590 0.771971
vn -0.500000 0.000000 0.866026
vt 0.629308 0.238740
v -0.771971 0.315591 0.712470
vn -0.866025 0.000000 0.500000
vt 0.592289 0.238740
v -0.712470 0.631190 0.771971
vn -0.495898 0.127827 0.858921
vt 0.629308 0.264024
v -0.771971 -0.000010 -0.712470
vn -0.866025 0.000000 -0.500000
vt 0.629308 0.213455
v -0.793750 -0.000010 -0.631190
vn -0.991445 0.000000 -0.130526
vt 0.661367 0.213455
v -0.793750 0.315570 -0.631190
vn -0.991445 0.000000 -0.130526
vt 0.661367 0.238740
v -0.771971 -0.315622 -0.712470
vn -0.866025 -0.000000 -0.500000
vt 0.629308 0.188172
v -0.712470 -0.000010 -0.771971
vn -0.500000 0.000000 -0.866026
vt 0.592289 0.213455
v -0.771971 0.315568 -0.712470
vn -0.866025 0.000000 -0.500000
vt 0.629308 0.238740
v -0.712470 -0.315624 -0.771971
vn -0.500000 -0.000000 -0.866026
vt 0.592289 0.188172
v -0.631190 -0.000010 -0.793750
vn -0.130526 0.000000 -0.991445
vt 0.560231 0.213455
v -0.712470 0.315566 -0.771971
vn -0.500000 0.000000 -0.866026
vt 0.592289 0.238740
v -0.631190 -0.315627 -0.793750
vn -0.130526 0.000000 -0.991445
vt 0.560231 0.188172
v -0.771971 0.631190 -0.712470
vn -0.858921 0.127826 -0.495898
vt 0.629308 0.264024
v -0.712470 0.631190 -0.771971
vn -0.495898 0.127827 -0.858921
vt 0.592289 0.264024
v -0.712470 -0.631190 -0.771971
vn -0.495898 -0.127827 -0.858921
vt 0.592289 0.162888
v -0.771971 -0.631190 -0.712470
vn -0.858921 -0.127826 -0.495898
vt 0.629308 0.162888
v -0.793750 0.631190 -0.631190
vn -0.983441 0.128148 -0.128148
vt 0.661367 0.264024
v -0.771971 0.631190 -0.712470
vn -0.858921 0.127826 -0.495898
vt 0.629308 0.264024
v -0.631190 -0.631190 -0.793750
vn -0.128148 -0.128148 -0.983441
vt 0.560231 0.162888
v -0.712470 -0.631190 -0.771971
vn -0.495898 -0.127827 -0.858921
vt 0.592289 0.162888
v -0.793750 -0.315620 -0.631190
vn -0.991445 -0.000000 -0.130526
vt 0.661367 0.188172
v -0.771971 -0.315622 -0.712470
vn -0.866025 -0.000000 -0.500000
vt 0.629308 0.188172
v -0.771971 -0.631190 -0.712470
vn -0.858921 -0.127826 -0.495898
vt 0.629308 0.162888
v -0.793750 -0.000010 -0.631190
vn -0.991445 0.000000 -0.130526
vt 0.661367 0.213455
v -0.771971 -0.315622 -0.712470
vn -0.866025 -0.000000 -0.500000
vt 0.629308 0.188172
v -0.712470 -0.315624 -0.771971
vn -0.500000 -0.000000 -0.866026
vt 0.592289 0.188172
v -0.712470 -0.631190 -0.771971
vn -0.495898 -0.127827 -0.858921
vt 0.592289 0.162888
v -0.771971 -0.000010 -0.712470
vn -0.866025 0.000000 -0.500000
vt 0.629308 0.213455
v 0.631190 -0.712470 0.771971
vn 0.112922 -0.488332 0.865321
vt 0.610822 0.121321
v 0.631190 -0.631190 0.793750
vn 0.128148 -0.128148 0.983441
vt 0.610822 0.153347
v 0.315595 -0.631190 0.793750
vn 0.000000 -0.130526 0.991445
vt 0.585563 0.153347
v 0.315595 -0.712470 0.771971
vn 0.000000 -0.500000 0.866025
vt 0.585563 0.121321
v 0.631190 -0.771971 0.712470
vn 0.069812 -0.854929 0.514025
vt 0.610822 0.084340
v 0.315595 -0.771971 0.712470
vn 0.000000 -0.866025 0.500000
vt 0.585563 0.084339
v 0.631190 -0.793750 0.631190
vn 0.108729 -0.988107 0.108729
vt 0.610822 0.052313
v 0.315595 -0.793750 0.631190
vn 0.000000 -0.991445 0.130526
vt 0.585563 0.052313
v -0.701581 0.771971 -0.671830
vn -0.459773 0.847435 -0.265450
vt 0.617757 0.342390
v -0.753110 0.712470 -0.701581
vn -0.758624 0.482342 -0.437992
vt 0.623148 0.312931
v -0.771971 0.712470 -0.631190
vn -0.865321 0.488332 -0.112921
vt 0.645242 0.322434
v -0.771971 0.712470 -0.631190
vn -0.865321 0.488332 -0.112921
vt 0.645242 0.322434
v -0.712470 0.771971 -0.631190
vn -0.514025 0.854929 -0.069812
vt 0.630513 0.347876
v 0.315595 0.793750 -0.631190
vn 0.000000 0.991445 -0.130526
vt 0.585563 0.153347
v 0.631190 0.793750 -0.631190
vn 0.108730 0.988107 -0.108730
vt 0.560305 0.153347
v 0.631190 0.771971 -0.712470
vn 0.069812 0.854929 -0.514025
vt 0.560305 0.121321
v 0.000000 0.793750 -0.631190
vn 0.000000 0.991445 -0.130526
vt 0.610822 0.153347
v 0.000000 0.771971 -0.712470
vn 0.000000 0.866025 -0.500000
vt 0.610822 0.121321
v -0.315595 0.771971 -0.712470
vn 0.000000 0.866025 -0.500000
vt 0.636081 0.121321
v 0.315595 0.771971 -0.712470
vn 0.000000 0.866025 -0.500000
vt 0.585563 0.121321
v 0.631190 0.712470 -0.771971
vn 0.112922 0.488332 -0.865321
vt 0.560305 0.084339
v 0.315595 0.712470 -0.771971
vn 0.000000 0.500000 -0.866025
vt 0.585563 0.084339
v 0.631190 0.631190 -0.793750
vn 0.128148 0.128148 -0.983441
vt 0.560305 0.052313
v 0.315595 0.631190 -0.793750
vn -0.000000 0.130526 -0.991445
vt 0.585563 0.052313
v 0.000000 0.631190 -0.793750
vn 0.000000 0.130526 -0.991445
vt 0.610822 0.052313
v 0.000000 0.712470 -0.771971
vn 0.000000 0.500000 -0.866025
vt 0.610822 0.084340
v -0.315595 0.631190 -0.793750
vn -0.000000 0.130526 -0.991445
vt 0.636081 0.052313
v -0.315595 0.712470 -0.771971
vn -0.000000 0.500001 -0.866025
vt 0.636081 0.084340
v -0.631190 0.631190 -0.793750
vn -0.128148 0.128148 -0.983441
vt 0.661339 0.052313
v -0.631190 0.712470 -0.771971
vn -0.112922 0.488332 -0.865321
vt 0.661339 0.084340
v -0.631190 0.771971 -0.712470
vn -0.069812 0.854929 -0.514025
vt 0.661339 0.121321
v -0.315595 0.793750 -0.631190
vn 0.000000 0.991445 -0.130527
vt 0.636081 0.153347
v -0.631190 0.793750 -0.631190
vn -0.108730 0.988107 -0.108730
vt 0.661339 0.153347
v 0.631190 0.793750 -0.631190
vn 0.108730 0.988107 -0.108730
vt 0.610393 0.368161
v 0.671830 0.771971 -0.701581
vn 0.265450 0.847435 -0.459773
vt 0.617757 0.342390
v 0.631190 0.771971 -0.712470
vn 0.069812 0.854929 -0.514025
vt 0.630513 0.347876
v 0.631190 0.771971 0.712470
vn 0.069812 0.854929 0.514025
vt 0.610822 0.121321
v 0.631190 0.793750 0.631190
vn 0.108730 0.988107 0.108730
vt 0.610822 0.153347
v 0.315595 0.793750 0.631190
vn 0.000000 0.991445 0.130526
vt 0.585563 0.153347
v 0.315595 0.771971 0.712470
vn 0.000000 0.866025 0.500000
vt 0.585563 0.121321
v 0.631190 0.712470 0.771971
vn 0.112921 0.488332 0.865321
vt 0.610822 0.084340
v 0.315595 0.712470 0.771971
vn 0.000000 0.500000 0.866025
vt 0.585563 0.084339
v 0.631190 0.631190 0.793750
vn 0.128148 0.128148 0.983441
vt 0.610822 0.052313
v 0.315595 0.631190 0.793750
vn 0.000000 0.130526 0.991445
vt 0.585563 0.052313
v 0.631190 0.793750 -0.631190
vn 0.108730 0.988107 -0.108730
vt 0.610393 0.368161
v 0.712470 0.771971 -0.631190
vn 0.514025 0.854929 -0.069812
vt 0.590272 0.347876
v 0.701581 0.771971 -0.671830
vn 0.459772 0.847435 -0.265450
vt 0.603028 0.342390
v 0.771971 -0.712470 -0.315595
vn 0.866025 -0.500000 -0.000000
vt 0.636081 0.121321
v 0.793750 -0.631190 -0.315595
vn 0.991445 -0.130526 -0.000000
vt 0.636081 0.153347
v 0.793750 -0.631190 0.000000
vn 0.991445 -0.130526 -0.000000
vt 0.610822 0.153347
v 0.771971 -0.712470 0.000000
vn 0.866025 -0.500000 -0.000000
vt 0.610822 0.121321
v 0.712470 -0.771971 -0.315595
vn 0.500000 -0.866025 -0.000000
vt 0.636081 0.084340
v 0.712470 -0.771971 0.000000
vn 0.500000 -0.866025 -0.000000
vt 0.610822 0.084340
v 0.631190 -0.793750 -0.315595
vn 0.130526 -0.991445 -0.000000
vt 0.636081 0.052313
v 0.631190 -0.793750 -0.000000
vn 0.130526 -0.991445 -0.000000
vt 0.610822 0.052313
v 0.631190 0.793750 0.631190
vn 0.108730 0.988107 0.108730
vt 0.610393 0.368161
v 0.701581 0.771971 0.671830
vn 0.459773 0.847435 0.265450
vt 0.617757 0.342390
v 0.712470 0.771971 0.631190
vn 0.514025 0.854929 0.069812
vt 0.630513 0.347876
v 0.712470 0.771971 -0.315595
vn 0.500000 0.866025 -0.000000
vt 0.636081 0.121321
v 0.631190 0.793750 -0.315595
vn 0.130526 0.991445 -0.000000
vt 0.636081 0.153347
v 0.631190 0.793750 -0.000000
vn 0.130526 0.991445 -0.000000
vt 0.610822 0.153347
v 0.712470 0.771971 0.000000
vn 0.500000 0.866025 -0.000000
vt 0.610822 0.121321
v 0.771971 0.712470 -0.315595
vn 0.866025 0.500000 -0.000000
vt 0.636081 0.084340
v 0.771971 0.712470 0.000000
vn 0.866025 0.500000 -0.000000
vt 0.610822 0.084340
v 0.793750 0.631190 -0.315595
vn 0.991445 0.130526 0.000000
vt 0.636081 0.052313
v 0.793750 0.631190 0.000000
vn 0.991445 0.130526 0.000000
vt 0.610822 0.052313
v 0.631190 0.793750 0.631190
vn 0.108730 0.988107 0.108730
vt 0.610393 0.368161
v 0.631190 0.771971 0.712470
vn 0.069812 0.854929 0.514025
vt 0.590272 0.347876
v 0.671830 0.771971 0.701581
vn 0.265450 0.847435 0.459773
vt 0.603028 0.342390
v 0.315595 -0.771971 -0.712470
vn 0.000000 -0.866025 -0.500000
vt 0.585563 0.084339
v 0.315595 -0.793750 -0.631190
vn 0.000000 -0.991445 -0.130526
vt 0.585563 0.052313
v 0.000000 -0.793750 -0.631190
vn 0.000000 -0.991445 -0.130526
vt 0.610822 0.052313
v 0.631190 -0.793750 -0.631190
vn 0.108729 -0.988107 -0.108729
vt 0.560305 0.052313
v 0.631190 -0.771971 -0.712470
vn 0.069812 -0.854929 -0.514025
vt 0.560305 0.084339
v 0.315595 -0.712470 -0.771971
vn 0.000000 -0.500000 -0.866025
vt 0.585563 0.121321
v 0.631190 -0.712470 -0.771971
vn 0.112921 -0.488332 -0.865321
vt 0.560305 0.121321
v 0.000000 -0.771971 -0.712470
vn 0.000000 -0.866025 -0.500000
vt 0.610822 0.084340
v -0.315595 -0.793750 -0.631190
vn 0.000000 -0.991445 -0.130526
vt 0.636081 0.052313
v 0.315595 -0.631190 -0.793750
vn 0.000000 -0.130526 -0.991445
vt 0.585563 0.153347
v 0.631190 -0.631190 -0.793750
vn 0.128148 -0.128148 -0.983441
vt 0.560305 0.153347
v 0.000000 -0.712470 -0.771971
vn 0.000000 -0.500000 -0.866025
vt 0.610822 0.121321
v -0.315595 -0.771971 -0.712470
vn 0.000000 -0.866025 -0.500000
vt 0.636081 0.084340
v -0.631190 -0.793750 -0.631190
vn -0.108729 -0.988107 -0.108729
vt 0.661339 0.052313
v -0.631190 -0.771971 -0.712470
vn -0.069812 -0.854929 -0.514025
vt 0.661339 0.084340
v -0.315595 -0.712470 -0.771971
vn 0.000000 -0.500000 -0.866025
vt 0.636081 0.121321
v -0.631190 -0.712470 -0.771971
vn -0.112922 -0.488332 -0.865321
vt 0.661339 0.121321
v -0.315595 -0.631190 -0.793750
vn 0.000000 -0.130526 -0.991445
vt 0.636081 0.153347
v -0.631190 -0.631190 -0.793750
vn -0.128148 -0.128148 -0.983441
vt 0.661339 0.153347
v 0.000000 -0.631190 -0.793750
vn 0.000000 -0.130526 -0.991445
vt 0.610822 0.153347
v 0.701581 -0.712470 -0.753110
vn 0.437992 -0.482342 -0.758624
vt 0.623104 0.433144
v 0.712470 -0.631190 -0.771971
vn 0.495898 -0.127826 -0.858921
vt 0.625043 0.457955
v 0.771971 -0.631190 -0.712470
vn 0.858921 -0.127826 -0.495898
vt 0.596099 0.457955
v 0.753110 -0.712470 -0.701581
vn 0.758624 -0.482342 -0.437992
vt 0.598038 0.433144
v 0.671830 -0.771971 -0.701581
vn 0.265450 -0.847435 -0.459773
vt 0.617807 0.404201
v 0.701581 -0.771971 -0.671830
vn 0.459773 -0.847435 -0.265450
vt 0.603335 0.404201
v 0.631190 -0.793750 -0.631190
vn 0.108729 -0.988107 -0.108729
vt 0.610571 0.378881
v 0.753110 -0.712470 -0.701581
vn 0.758624 -0.482342 -0.437992
vt 0.598038 0.433144
v 0.771971 -0.631190 -0.712470
vn 0.858921 -0.127826 -0.495898
vt 0.596099 0.457955
v 0.793750 -0.631190 -0.631190
vn 0.983441 -0.128148 -0.128148
vt 0.571033 0.447175
v 0.771971 -0.712470 -0.631190
vn 0.865321 -0.488332 -0.112921
vt 0.576330 0.423808
v 0.631190 -0.793750 0.631190
vn 0.108729 -0.988107 0.108729
vt 0.560305 0.052313
v 0.631190 -0.793750 0.315595
vn 0.130526 -0.991445 -0.000000
vt 0.585563 0.052313
v 0.712470 -0.771971 0.315595
vn 0.500000 -0.866025 -0.000000
vt 0.585563 0.084339
v 0.712470 -0.771971 0.631190
vn 0.514025 -0.854929 0.069812
vt 0.560305 0.084339
v 0.771971 -0.712470 0.315595
vn 0.866025 -0.500000 -0.000000
vt 0.585563 0.121321
v 0.771971 -0.712470 0.631190
vn 0.865321 -0.488332 0.112921
vt 0.560305 0.121321
v 0.793750 -0.631190 0.315595
vn 0.991445 -0.130526 -0.000000
vt 0.585563 0.153347
v 0.793750 -0.631190 0.631190
vn 0.983441 -0.128148 0.128148
vt 0.560305 0.153347
v 0.771971 -0.712470 0.631190
vn 0.865321 -0.488332 0.112921
vt 0.644811 0.423808
v 0.793750 -0.631190 0.631190
vn 0.983441 -0.128148 0.128148
vt 0.650108 0.447175
v 0.771971 -0.631190 0.712470
vn 0.858921 -0.127826 0.495898
vt 0.625043 0.457955
v 0.753110 -0.712470 0.701581
vn 0.758624 -0.482342 0.437992
vt 0.623104 0.433144
v 0.753110 -0.712470 0.701581
vn 0.758624 -0.482342 0.437992
vt 0.623104 0.433144
v 0.771971 -0.631190 0.712470
vn 0.858921 -0.127826 0.495898
vt 0.625043 0.457955
v 0.712470 -0.631190 0.771971
vn 0.495898 -0.127826 0.858921
vt 0.596099 0.457955
v 0.701581 -0.712470 0.753110
vn 0.437991 -0.482342 0.758624
vt 0.598038 0.433144
v 0.701581 -0.771971 0.671830
vn 0.459772 -0.847435 0.265450
vt 0.617807 0.404201
v 0.671830 -0.771971 0.701581
vn 0.265450 -0.847435 0.459773
vt 0.603335 0.404201
v 0.631190 -0.793750 0.631190
vn 0.108729 -0.988107 0.108729
vt 0.610571 0.378881
v 0.701581 -0.712470 0.753110
vn 0.437991 -0.482342 0.758624
vt 0.598038 0.433144
v 0.712470 -0.631190 0.771971
vn 0.495898 -0.127826 0.858921
vt 0.596099 0.457955
v 0.631190 -0.631190 0.793750
vn 0.128148 -0.128148 0.983441
vt 0.571033 0.447175
v 0.631190 -0.712470 0.771971
vn 0.112922 -0.488332 0.865321
vt 0.576330 0.423808
v -0.631190 -0.793750 0.631190
vn -0.108729 -0.988107 0.108729
vt 0.560305 0.052313
v -0.315595 -0.793750 0.631190
vn 0.000000 -0.991445 0.130526
vt 0.585563 0.052313
v -0.315595 -0.771971 0.712470
vn 0.000000 -0.866025 0.500000
vt 0.585563 0.084339
v -0.631190 -0.771971 0.712470
vn -0.069812 -0.854929 0.514025
vt 0.560305 0.084339
v -0.315595 -0.712470 0.771971
vn 0.000000 -0.500000 0.866025
vt 0.585563 0.121321
v -0.631190 -0.712470 0.771971
vn -0.112921 -0.488332 0.865321
vt 0.560305 0.121321
v -0.315595 -0.631190 0.793750
vn 0.000000 -0.130526 0.991445
vt 0.585563 0.153347
v -0.631190 -0.631190 0.793750
vn -0.128148 -0.128148 0.983441
vt 0.560305 0.153347
v -0.701581 -0.712470 0.753110
vn -0.437992 -0.482342 0.758624
vt 0.623104 0.433144
v -0.712470 -0.631190 0.771971
vn -0.495898 -0.127827 0.858921
vt 0.625043 0.457955
v -0.771971 -0.631190 0.712470
vn -0.858921 -0.127826 0.495898
vt 0.596099 0.457955
v -0.753110 -0.712470 0.701581
vn -0.758624 -0.482342 0.437992
vt 0.598038 0.433144
v -0.671830 -0.771971 0.701581
vn -0.265450 -0.847435 0.459773
vt 0.617807 0.404201
v -0.701581 -0.771971 0.671830
vn -0.459773 -0.847435 0.265450
vt 0.603335 0.404201
v -0.631190 -0.793750 0.631190
vn -0.108729 -0.988107 0.108729
vt 0.610571 0.378881
v -0.753110 -0.712470 0.701581
vn -0.758624 -0.482342 0.437992
vt 0.598038 0.433144
v -0.771971 -0.631190 0.712470
vn -0.858921 -0.127826 0.495898
vt 0.596099 0.457955
v -0.793750 -0.631190 0.631190
vn -0.983441 -0.128148 0.128148
vt 0.571033 0.447175
v -0.771971 -0.712470 0.631190
vn -0.865321 -0.488332 0.112921
vt 0.576330 0.423808
v -0.771971 -0.712470 -0.631190
vn -0.865321 -0.488332 -0.112921
vt 0.644811 0.423808
v -0.793750 -0.631190 -0.631190
vn -0.983441 -0.128148 -0.128148
vt 0.650108 0.447175
v -0.771971 -0.631190 -0.712470
vn -0.858921 -0.127826 -0.495898
vt 0.625043 0.457955
v -0.753110 -0.712470 -0.701581
vn -0.758624 -0.482342 -0.437992
vt 0.623104 0.433144
v -0.753110 -0.712470 -0.701581
vn -0.758624 -0.482342 -0.437992
vt 0.623104 0.433144
v -0.771971 -0.631190 -0.712470
vn -0.858921 -0.127826 -0.495898
vt 0.625043 0.457955
v -0.712470 -0.631190 -0.771971
vn -0.495898 -0.127827 -0.858921
vt 0.596099 0.457955
v -0.701581 -0.712470 -0.753110
vn -0.437991 -0.482342 -0.758624
vt 0.598038 0.433144
v -0.701581 -0.771971 -0.671830
vn -0.459772 -0.847435 -0.265450
vt 0.617807 0.404201
v -0.671830 -0.771971 -0.701581
vn -0.265450 -0.847435 -0.459773
vt 0.603335 0.404201
v -0.631190 -0.793750 -0.631190
vn -0.108729 -0.988107 -0.108729
vt 0.610571 0.378881
v -0.701581 -0.712470 -0.753110
vn -0.437991 -0.482342 -0.758624
vt 0.598038 0.433144
v -0.712470 -0.631190 -0.771971
vn -0.495898 -0.127827 -0.858921
vt 0.596099 0.457955
v -0.631190 -0.631190 -0.793750
vn -0.128148 -0.128148 -0.983441
vt 0.571033 0.447175
v -0.631190 -0.712470 -0.771971
vn -0.112922 -0.488332 -0.865321
vt 0.576330 0.423808
v 0.771971 0.315549 0.712470
vn 0.866026 -0.000000 0.500000
vt 0.629308 0.238740
v 0.712470 0.315552 0.771971
vn 0.500000 -0.000000 0.866026
vt 0.592289 0.238740
v 0.712470 -0.000010 0.771971
vn 0.500000 0.000000 0.866026
vt 0.592289 0.213455
v 0.771971 0.631190 0.712470
vn 0.858921 0.127826 0.495898
vt 0.629308 0.264024
v 0.712470 0.315552 0.771971
vn 0.500000 -0.000000 0.866026
vt 0.592289 0.238740
v 0.631190 0.315554 0.793750
vn 0.130526 -0.000000 0.991445
vt 0.560231 0.238740
v 0.631190 -0.000010 0.793750
vn 0.130526 0.000000 0.991445
vt 0.560231 0.213455
v 0.712470 0.631190 0.771971
vn 0.495898 0.127826 0.858921
vt 0.592289 0.264024
v -0.771971 0.315591 0.712470
vn -0.866025 0.000000 0.500000
vt 0.592289 0.238740
v -0.793750 0.315590 0.631190
vn -0.991445 0.000000 0.130526
vt 0.560231 0.238740
v -0.793750 -0.000010 0.631190
vn -0.991445 0.000000 0.130526
vt 0.560231 0.213455
v -0.771971 0.631190 0.712470
vn -0.858921 0.127826 0.495898
vt 0.592289 0.264024
v -0.793750 0.315570 -0.631190
vn -0.991445 0.000000 -0.130526
vt 0.661367 0.238740
v -0.771971 0.315568 -0.712470
vn -0.866025 0.000000 -0.500000
vt 0.629308 0.238740
v -0.771971 -0.000010 -0.712470
vn -0.866025 0.000000 -0.500000
vt 0.629308 0.213455
v -0.793750 0.631190 -0.631190
vn -0.983441 0.128148 -0.128148
vt 0.661367 0.264024
v -0.771971 0.315568 -0.712470
vn -0.866025 0.000000 -0.500000
vt 0.629308 0.238740
v -0.712470 0.315566 -0.771971
vn -0.500000 0.000000 -0.866026
vt 0.592289 0.238740
v -0.712470 -0.000010 -0.771971
vn -0.500000 0.000000 -0.866026
vt 0.592289 0.213455
v -0.771971 0.631190 -0.712470
vn -0.858921 0.127826 -0.495898
vt 0.629308 0.264024
v -0.712470 0.315566 -0.771971
vn -0.500000 0.000000 -0.866026
vt 0.592289 0.238740
v -0.631190 0.315563 -0.793750
vn -0.130526 0.000000 -0.991445
vt 0.560231 0.238740
v -0.631190 -0.000010 -0.793750
vn -0.130526 0.000000 -0.991445
vt 0.560231 0.213455
v -0.712470 0.631190 -0.771971
vn -0.495898 0.127827 -0.858921
vt 0.592289 0.264024
v 0.771971 0.631190 -0.712470
vn 0.858921 0.127826 -0.495898
vt 0.595663 0.287679
v 0.753110 0.712470 -0.701581
vn 0.758624 0.482342 -0.437992
vt 0.597637 0.312931
v 0.771971 0.712470 -0.631190
vn 0.865321 0.488332 -0.112921
vt 0.575543 0.322434
v 0.793750 0.631190 -0.631190
vn 0.983441 0.128148 -0.128148
vt 0.570151 0.298651
v 0.712470 0.631190 0.771971
vn 0.495898 0.127826 0.858921
vt 0.595663 0.287679
v 0.701581 0.712470 0.753110
vn 0.437991 0.482342 0.758624
vt 0.597637 0.312931
v 0.631190 0.712470 0.771971
vn 0.112921 0.488332 0.865321
vt 0.575543 0.322434
v 0.631190 0.631190 0.793750
vn 0.128148 0.128148 0.983441
vt 0.570151 0.298651
v -0.771971 0.631190 0.712470
vn -0.858921 0.127826 0.495898
vt 0.595663 0.287679
v -0.753110 0.712470 0.701581
vn -0.758624 0.482342 0.437992
vt 0.597637 0.312931
v -0.771971 0.712470 0.631190
vn -0.865321 0.488332 0.112921
vt 0.575543 0.322434
v -0.793750 0.631190 0.631190
vn -0.983441 0.128148 0.128148
vt 0.570151 0.298651
v -0.712470 0.631190 -0.771971
vn -0.495898 0.127827 -0.858921
vt 0.595663 0.287679
v -0.701581 0.712470 -0.753110
vn -0.437991 0.482342 -0.758624
vt 0.597637 0.312931
v -0.631190 0.712470 -0.771971
vn -0.112922 0.488332 -0.865321
vt 0.575543 0.322434
v -0.631190 0.631190 -0.793750
vn -0.128148 0.128148 -0.983441
vt 0.570151 0.298651
v 0.753110 0.712470 -0.701581
vn 0.758624 0.482342 -0.437992
vt 0.597637 0.312931
v 0.701581 0.771971 -0.671830
vn 0.459772 0.847435 -0.265450
vt 0.603028 0.342390
v 0.712470 0.771971 -0.631190
vn 0.514025 0.854929 -0.069812
vt 0.590272 0.347876
v 0.771971 0.712470 -0.631190
vn 0.865321 0.488332 -0.112921
vt 0.575543 0.322434
v 0.793750 0.631190 0.631190
vn 0.983441 0.128148 0.128148
vt 0.560305 0.052313
v 0.793750 0.631190 0.315595
vn 0.991445 0.130526 0.000000
vt 0.585563 0.052313
v 0.771971 0.712470 0.315595
vn 0.866025 0.500000 -0.000000
vt 0.585563 0.084339
v 0.771971 0.712470 0.631190
vn 0.865321 0.488332 0.112921
vt 0.560305 0.084339
v 0.712470 0.771971 0.315595
vn 0.500000 0.866025 -0.000000
vt 0.585563 0.121321
v 0.712470 0.771971 0.631190
vn 0.514025 0.854929 0.069812
vt 0.560305 0.121321
v 0.631190 0.793750 0.315595
vn 0.130526 0.991445 -0.000000
vt 0.585563 0.153347
v 0.631190 0.793750 0.631190
vn 0.108730 0.988107 0.108730
vt 0.560305 0.153347
v 0.701581 0.712470 0.753110
vn 0.437991 0.482342 0.758624
vt 0.597637 0.312931
v 0.671830 0.771971 0.701581
vn 0.265450 0.847435 0.459773
vt 0.603028 0.342390
v 0.631190 0.771971 0.712470
vn 0.069812 0.854929 0.514025
vt 0.590272 0.347876
v 0.631190 0.712470 0.771971
vn 0.112921 0.488332 0.865321
vt 0.575543 0.322434
v -0.631190 0.631190 0.793750
vn -0.128148 0.128148 0.983441
vt 0.560305 0.052313
v -0.315595 0.631190 0.793750
vn 0.000000 0.130526 0.991445
vt 0.585563 0.052313
v -0.315595 0.712470 0.771971
vn 0.000000 0.500000 0.866025
vt 0.585563 0.084339
v -0.631190 0.712470 0.771971
vn -0.112922 0.488332 0.865321
vt 0.560305 0.084339
v -0.315595 0.771971 0.712470
vn 0.000000 0.866025 0.500000
vt 0.585563 0.121321
v -0.631190 0.771971 0.712470
vn -0.069812 0.854929 0.514025
vt 0.560305 0.121321
v -0.315595 0.793750 0.631190
vn 0.000000 0.991445 0.130526
vt 0.585563 0.153347
v -0.631190 0.793750 0.631190
vn -0.108730 0.988107 0.108730
vt 0.560305 0.153347
v -0.631190 -0.315627 -0.793750
vn -0.130526 0.000000 -0.991445
vt 0.560231 0.188172
v -0.712470 -0.315624 -0.771971
vn -0.500000 -0.000000 -0.866026
vt 0.592289 0.188172
v -0.712470 -0.000010 -0.771971
vn -0.500000 0.000000 -0.866026
vt 0.592289 0.213455
v -0.631190 -0.631190 -0.793750
vn -0.128148 -0.128148 -0.983441
vt 0.560231 0.162888
v 0.315595 0.631190 -0.793750
vn -0.000000 0.130526 -0.991445
vt 0.828125 0.937500
v 0.631190 0.631190 -0.793750
vn 0.128148 0.128148 -0.983441
vt 0.781250 0.937500
v 0.631190 0.315530 -0.793750
vn 0.130526 -0.000000 -0.991445
vt 0.781250 0.843731
v 0.315595 0.315538 -0.793750
vn 0.000000 -0.000000 -1.000000
vt 0.828125 0.843733
v 0.631190 -0.000010 -0.793750
vn 0.130526 0.000000 -0.991445
vt 0.781250 0.749997
v 0.000000 0.631190 -0.793750
vn 0.000000 0.130526 -0.991445
vt 0.875000 0.937500
v 0.315595 0.315538 -0.793750
vn 0.000000 -0.000000 -1.000000
vt 0.828125 0.843733
v -0.631190 -0.631190 -0.793750
vn -0.128148 -0.128148 -0.983441
vt 0.968750 0.562500
v -0.631190 -0.315627 -0.793750
vn -0.130526 0.000000 -0.991445
vt 0.968750 0.656241
v -0.315595 -0.315635 -0.793750
vn 0.000000 -0.000000 -1.000000
vt 0.921875 0.656238
v -0.315595 -0.631190 -0.793750
vn 0.000000 -0.130526 -0.991445
vt 0.921875 0.562500
v 0.000000 -0.315643 -0.793750
vn 0.000000 -0.000000 -1.000000
vt 0.875000 0.656236
v 0.000000 -0.631190 -0.793750
vn 0.000000 -0.130526 -0.991445
vt 0.875000 0.562500
v 0.315595 -0.315652 -0.793750
vn -0.000000 -0.000000 -1.000000
vt 0.828125 0.656233
v 0.315595 -0.631190 -0.793750
vn 0.000000 -0.130526 -0.991445
vt 0.828125 0.562500
v 0.631190 -0.631190 -0.793750
vn 0.128148 -0.128148 -0.983441
vt 0.781250 0.562500
v 0.631190 -0.315660 -0.793750
vn 0.130526 0.000000 -0.991445
vt 0.781250 0.656231
v 0.315595 -0.000010 -0.793750
vn 0.000000 0.000000 -1.000000
vt 0.828125 0.749997
v 0.000000 0.315547 -0.793750
vn 0.000000 0.000000 -1.000000
vt 0.875000 0.843736
v -0.315595 0.631190 -0.793750
vn -0.000000 0.130526 -0.991445
vt 0.921875 0.937500
v -0.315595 0.315555 -0.793750
vn 0.000000 -0.000000 -1.000000
vt 0.921875 0.843738
v -0.631190 0.631190 -0.793750
vn -0.128148 0.128148 -0.983441
vt 0.968750 0.937500
v -0.631190 0.315563 -0.793750
vn -0.130526 0.000000 -0.991445
vt 0.968750 0.843741
v -0.315595 -0.000010 -0.793750
vn 0.000000 -0.000000 -1.000000
vt 0.921875 0.749997
v -0.631190 -0.000010 -0.793750
vn -0.130526 0.000000 -0.991445
vt 0.968750 0.749997
v 0.000000 -0.000010 -0.793750
vn 0.000000 -0.000000 -1.000000
vt 0.875000 0.749997
v -0.631190 0.793750 0.631190
vn -0.108730 0.988107 0.108730
vt 0.610393 0.368161
v -0.671830 0.771971 0.701581
vn -0.265450 0.847435 0.459773
vt 0.617757 0.342390
v -0.631190 0.771971 0.712470
vn -0.069812 0.854929 0.514025
vt 0.630513 0.347876
v 0.712470 0.315528 -0.771971
vn 0.500000 -0.000000 -0.866025
vt 0.629308 0.238740
v 0.631190 0.315530 -0.793750
vn 0.130526 -0.000000 -0.991445
vt 0.661367 0.238740
v 0.631190 0.631190 -0.793750
vn 0.128148 0.128148 -0.983441
vt 0.661367 0.264024
v 0.712470 -0.000010 -0.771971
vn 0.500000 -0.000000 -0.866026
vt 0.629308 0.213455
v 0.771971 0.315527 -0.712470
vn 0.866026 -0.000000 -0.500000
vt 0.592289 0.238740
v 0.712470 0.315528 -0.771971
vn 0.500000 -0.000000 -0.866025
vt 0.629308 0.238740
v 0.712470 0.631190 -0.771971
vn 0.495898 0.127826 -0.858921
vt 0.629308 0.264024
v 0.771971 -0.000010 -0.712470
vn 0.866026 0.000000 -0.500000
vt 0.592289 0.213455
v 0.793750 0.315528 -0.631190
vn 0.991445 -0.000000 -0.130526
vt 0.560231 0.238740
v 0.771971 0.315527 -0.712470
vn 0.866026 -0.000000 -0.500000
vt 0.592289 0.238740
v 0.771971 0.631190 -0.712470
vn 0.858921 0.127826 -0.495898
vt 0.592289 0.264024
v 0.793750 -0.000010 -0.631190
vn 0.991445 0.000000 -0.130526
vt 0.560231 0.213455
v 0.771971 0.315549 0.712470
vn 0.866026 -0.000000 0.500000
vt 0.629308 0.238740
v 0.793750 0.315548 0.631190
vn 0.991445 -0.000000 0.130526
vt 0.661367 0.238740
v 0.793750 0.631190 0.631190
vn 0.983441 0.128148 0.128148
vt 0.661367 0.264024
v 0.771971 -0.000010 0.712470
vn 0.866026 0.000000 0.500000
vt 0.629308 0.213455
v 0.000000 -0.000010 0.793750
vn 0.000000 -0.000000 1.000000
vt 0.625000 0.749997
v -0.315595 -0.000010 0.793750
vn 0.000000 -0.000000 1.000000
vt 0.578125 0.749997
v -0.315595 -0.315610 0.793750
vn -0.000000 -0.000000 1.000000
vt 0.578125 0.656246
v 0.000000 -0.315618 0.793750
vn -0.000000 -0.000000 1.000000
vt 0.625000 0.656243
v 0.000000 0.631190 0.793750
vn -0.000000 0.130526 0.991445
vt 0.625000 0.937500
v -0.315595 0.631190 0.793750
vn 0.000000 0.130526 0.991445
vt 0.578125 0.937500
v -0.315595 0.315580 0.793750
vn -0.000000 0.000000 1.000000
vt 0.578125 0.843745
v 0.000000 0.315571 0.793750
vn 0.000000 -0.000000 1.000000
vt 0.625000 0.843743
v 0.315595 0.315563 0.793750
vn 0.000000 -0.000000 1.000000
vt 0.671875 0.843740
v 0.315595 -0.000010 0.793750
vn 0.000000 0.000000 1.000000
vt 0.671875 0.749997
v 0.315595 -0.315627 0.793750
vn 0.000000 0.000000 1.000000
vt 0.671875 0.656241
v 0.315595 0.631190 0.793750
vn 0.000000 0.130526 0.991445
vt 0.671875 0.937500
v 0.631190 0.631190 0.793750
vn 0.128148 0.128148 0.983441
vt 0.718750 0.937500
v 0.631190 0.315554 0.793750
vn 0.130526 -0.000000 0.991445
vt 0.718750 0.843738
v 0.631190 -0.000010 0.793750
vn 0.130526 0.000000 0.991445
vt 0.718750 0.749997
v 0.631190 -0.315635 0.793750
vn 0.130526 0.000000 0.991445
vt 0.718750 0.656238
v 0.631190 -0.631190 0.793750
vn 0.128148 -0.128148 0.983441
vt 0.718750 0.562500
v 0.315595 -0.631190 0.793750
vn 0.000000 -0.130526 0.991445
vt 0.671875 0.562500
v 0.000000 -0.631190 0.793750
vn -0.000000 -0.130526 0.991445
vt 0.625000 0.562500
v -0.315595 -0.631190 0.793750
vn 0.000000 -0.130526 0.991445
vt 0.578125 0.562500
v -0.631190 -0.631190 0.793750
vn -0.128148 -0.128148 0.983441
vt 0.531250 0.562500
v -0.631190 -0.315602 0.793750
vn -0.130526 -0.000000 0.991445
vt 0.531250 0.656248
v -0.631190 -0.000010 0.793750
vn -0.130526 0.000000 0.991445
vt 0.531250 0.749997
v -0.631190 0.315588 0.793750
vn -0.130526 0.000000 0.991445
vt 0.531250 0.843748
v -0.631190 0.631190 0.793750
vn -0.128148 0.128148 0.983441
vt 0.531250 0.937500
v -0.631190 0.793750 0.631190
vn -0.108730 0.988107 0.108730
vt 0.610393 0.368161
v -0.712470 0.771971 0.631190
vn -0.514025 0.854929 0.069812
vt 0.590272 0.347876
v -0.701581 0.771971 0.671830
vn -0.459772 0.847435 0.265450
vt 0.603028 0.342390
v 0.712470 -0.000010 -0.771971
vn 0.500000 -0.000000 -0.866026
vt 0.629308 0.213455
v 0.631190 -0.000010 -0.793750
vn 0.130526 0.000000 -0.991445
vt 0.661367 0.213455
v 0.631190 0.315530 -0.793750
vn 0.130526 -0.000000 -0.991445
vt 0.661367 0.238740
v 0.712470 -0.315662 -0.771971
vn 0.500000 0.000000 -0.866025
vt 0.629308 0.188172
v 0.771971 -0.000010 -0.712470
vn 0.866026 0.000000 -0.500000
vt 0.592289 0.213455
v 0.712470 0.315528 -0.771971
vn 0.500000 -0.000000 -0.866025
vt 0.629308 0.238740
v 0.771971 -0.315663 -0.712470
vn 0.866025 0.000000 -0.500000
vt 0.592289 0.188172
v 0.793750 -0.000010 -0.631190
vn 0.991445 0.000000 -0.130526
vt 0.560231 0.213455
v 0.771971 0.315527 -0.712470
vn 0.866026 -0.000000 -0.500000
vt 0.592289 0.238740
v 0.793750 -0.315662 -0.631190
vn 0.991445 0.000000 -0.130526
vt 0.560231 0.188172
v 0.712470 0.631190 -0.771971
vn 0.495898 0.127826 -0.858921
vt 0.629308 0.264024
v 0.771971 0.631190 -0.712470
vn 0.858921 0.127826 -0.495898
vt 0.592289 0.264024
v 0.771971 -0.631190 -0.712470
vn 0.858921 -0.127826 -0.495898
vt 0.592289 0.162888
v 0.712470 -0.631190 -0.771971
vn 0.495898 -0.127826 -0.858921
vt 0.629308 0.162888
v 0.631190 0.631190 -0.793750
vn 0.128148 0.128148 -0.983441
vt 0.661367 0.264024
v 0.712470 0.631190 -0.771971
vn 0.495898 0.127826 -0.858921
vt 0.629308 0.264024
v 0.793750 -0.631190 -0.631190
vn 0.983441 -0.128148 -0.128148
vt 0.560231 0.162888
v 0.771971 -0.631190 -0.712470
vn 0.858921 -0.127826 -0.495898
vt 0.592289 0.162888
v 0.631190 -0.315660 -0.793750
vn 0.130526 0.000000 -0.991445
vt 0.661367 0.188172
v 0.712470 -0.315662 -0.771971
vn 0.500000 0.000000 -0.866025
vt 0.629308 0.188172
v 0.712470 -0.631190 -0.771971
vn 0.495898 -0.127826 -0.858921
vt 0.629308 0.162888
v 0.631190 -0.000010 -0.793750
vn 0.130526 0.000000 -0.991445
vt 0.661367 0.213455
v 0.712470 -0.315662 -0.771971
vn 0.500000 0.000000 -0.866025
vt 0.629308 0.188172
v 0.771971 -0.315663 -0.712470
vn 0.866025 0.000000 -0.500000
vt 0.592289 0.188172
v 0.771971 -0.631190 -0.712470
vn 0.858921 -0.127826 -0.495898
vt 0.592289 0.162888
v 0.712470 -0.000010 -0.771971
vn 0.500000 -0.000000 -0.866026
vt 0.629308 0.213455
v 0.771971 -0.315663 -0.712470
vn 0.866025 0.000000 -0.500000
vt 0.592289 0.188172
v 0.793750 -0.315662 -0.631190
vn 0.991445 0.000000 -0.130526
vt 0.560231 0.188172
v 0.793750 -0.631190 -0.631190
vn 0.983441 -0.128148 -0.128148
vt 0.560231 0.162888
v 0.771971 -0.000010 -0.712470
vn 0.866026 0.000000 -0.500000
vt 0.592289 0.213455
v 0.771971 -0.000010 0.712470
vn 0.866026 0.000000 0.500000
vt 0.629308 0.213455
v 0.793750 -0.000010 0.631190
vn 0.991445 0.000000 0.130526
vt 0.661367 0.213455
v 0.793750 0.315548 0.631190
vn 0.991445 -0.000000 0.130526
vt 0.661367 0.238740
v 0.771971 -0.315640 0.712470
vn 0.866026 0.000000 0.500000
vt 0.629308 0.188172
v 0.712470 -0.000010 0.771971
vn 0.500000 0.000000 0.866026
vt 0.592289 0.213455
v 0.771971 0.315549 0.712470
vn 0.866026 -0.000000 0.500000
vt 0.629308 0.238740
v 0.712470 -0.315638 0.771971
vn 0.500000 0.000000 0.866026
vt 0.592289 0.188172
v 0.631190 -0.000010 0.793750
vn 0.130526 0.000000 0.991445
vt 0.560231 0.213455
v 0.712470 0.315552 0.771971
vn 0.500000 -0.000000 0.866026
vt 0.592289 0.238740
v 0.631190 -0.315635 0.793750
vn 0.130526 0.000000 0.991445
vt 0.560231 0.188172
v 0.771971 0.631190 0.712470
vn 0.858921 0.127826 0.495898
vt 0.629308 0.264024
v 0.712470 0.631190 0.771971
vn 0.495898 0.127826 0.858921
vt 0.592289 0.264024
v 0.712470 -0.631190 0.771971
vn 0.495898 -0.127826 0.858921
vt 0.592289 0.162888
v 0.771971 -0.631190 0.712470
vn 0.858921 -0.127826 0.495898
vt 0.629308 0.162888
v 0.793750 0.631190 0.631190
vn 0.983441 0.128148 0.128148
vt 0.661367 0.264024
v 0.771971 0.631190 0.712470
vn 0.858921 0.127826 0.495898
vt 0.629308 0.264024
v 0.631190 -0.631190 0.793750
vn 0.128148 -0.128148 0.983441
vt 0.560231 0.162888
v 0.712470 -0.631190 0.771971
vn 0.495898 -0.127826 0.858921
vt 0.592289 0.162888
v 0.793750 -0.315642 0.631190
vn 0.991445 0.000000 0.130526
vt 0.661367 0.188172
v 0.771971 -0.315640 0.712470
vn 0.866026 0.000000 0.500000
vt 0.629308 0.188172
v 0.771971 -0.631190 0.712470
vn 0.858921 -0.127826 0.495898
vt 0.629308 0.162888
v 0.793750 -0.000010 0.631190
vn 0.991445 0.000000 0.130526
vt 0.661367 0.213455
v 0.771971 -0.315640 0.712470
vn 0.866026 0.000000 0.500000
vt 0.629308 0.188172
v 0.712470 -0.315638 0.771971
vn 0.500000 0.000000 0.866026
vt 0.592289 0.188172
v 0.712470 -0.631190 0.771971
vn 0.495898 -0.127826 0.858921
vt 0.592289 0.162888
v 0.771971 -0.000010 0.712470
vn 0.866026 0.000000 0.500000
vt 0.629308 0.213455
v -0.753110 0.712470 0.701581
vn -0.758624 0.482342 0.437992
vt 0.597637 0.312931
v -0.701581 0.771971 0.671830
vn -0.459772 0.847435 0.265450
vt 0.603028 0.342390
v -0.712470 0.771971 0.631190
vn -0.514025 0.854929 0.069812
vt 0.590272 0.347876
v -0.771971 0.712470 0.631190
vn -0.865321 0.488332 0.112921
vt 0.575543 0.322434
v -0.712470 -0.771971 0.315595
vn -0.500000 -0.866025 -0.000000
vt 0.636081 0.084340
v -0.771971 -0.712470 0.315595
vn -0.866025 -0.500000 -0.000000
vt 0.636081 0.121321
v -0.771971 -0.712470 -0.000000
vn -0.866025 -0.500000 -0.000000
vt 0.610822 0.121321
v -0.712470 -0.771971 -0.000000
vn -0.500000 -0.866025 -0.000000
vt 0.610822 0.084340
v -0.771971 -0.712470 -0.315595
vn -0.866025 -0.500000 -0.000000
vt 0.585563 0.121321
v -0.712470 -0.771971 -0.315595
vn -0.500000 -0.866025 -0.000000
vt 0.585563 0.084339
v -0.771971 -0.712470 0.631190
vn -0.865321 -0.488332 0.112921
vt 0.661339 0.121321
v -0.793750 -0.631190 0.631190
vn -0.983441 -0.128148 0.128148
vt 0.661339 0.153347
v -0.793750 -0.631190 0.315595
vn -0.991445 -0.130526 0.000000
vt 0.636081 0.153347
v -0.793750 -0.631190 -0.000000
vn -0.991445 -0.130526 0.000000
vt 0.610822 0.153347
v -0.793750 -0.631190 -0.315595
vn -0.991445 -0.130526 -0.000000
vt 0.585563 0.153347
v -0.771971 -0.712470 -0.631190
vn -0.865321 -0.488332 -0.112921
vt 0.560305 0.121321
v -0.712470 -0.771971 -0.631190
vn -0.514025 -0.854929 -0.069812
vt 0.560305 0.084339
v -0.631190 -0.793750 -0.631190
vn -0.108729 -0.988107 -0.108729
vt 0.560305 0.052313
v -0.631190 -0.793750 -0.315595
vn -0.130526 -0.991445 -0.000000
vt 0.585563 0.052313
v -0.631190 -0.793750 -0.000000
vn -0.130526 -0.991445 -0.000000
vt 0.610822 0.052313
v -0.631190 -0.793750 0.315595
vn -0.130526 -0.991445 -0.000000
vt 0.636081 0.052313
v -0.631190 -0.793750 0.631190
vn -0.108729 -0.988107 0.108729
vt 0.661339 0.052313
v -0.712470 -0.771971 0.631190
vn -0.514025 -0.854929 0.069812
vt 0.661339 0.084340
v -0.793750 -0.631190 -0.631190
vn -0.983441 -0.128148 -0.128148
vt 0.560305 0.153347
v 0.315595 -0.712470 0.771971
vn 0.000000 -0.500000 0.866025
vt 0.636081 0.121321
v 0.315595 -0.631190 0.793750
vn 0.000000 -0.130526 0.991445
vt 0.636081 0.153347
v 0.000000 -0.631190 0.793750
vn -0.000000 -0.130526 0.991445
vt 0.610822 0.153347
v 0.000000 -0.712470 0.771971
vn 0.000000 -0.500000 0.866025
vt 0.610822 0.121321
v 0.315595 -0.771971 0.712470
vn 0.000000 -0.866025 0.500000
vt 0.636081 0.084340
v 0.000000 -0.771971 0.712470
vn 0.000000 -0.866025 0.500000
vt 0.610822 0.084340
v 0.315595 -0.793750 0.631190
vn 0.000000 -0.991445 0.130526
vt 0.636081 0.052313
v 0.000000 -0.793750 0.631190
vn 0.000000 -0.991445 0.130526
vt 0.610822 0.052313
v -0.631190 0.793750 -0.631190
vn -0.108730 0.988107 -0.108730
vt 0.610393 0.368161
v -0.701581 0.771971 -0.671830
vn -0.459773 0.847435 -0.265450
vt 0.617757 0.342390
v -0.712470 0.771971 -0.631190
vn -0.514025 0.854929 -0.069812
vt 0.630513 0.347876
v 0.000000 -0.793750 -0.000000
vn 0.000000 -1.000000 -0.000000
vt 0.375000 0.250000
v 0.000000 -0.793750 -0.315595
vn 0.000000 -1.000000 -0.000000
vt 0.375000 0.343750
v 0.315595 -0.793750 -0.315595
vn 0.000000 -1.000000 -0.000000
vt 0.328125 0.343750
v -0.315595 -0.793750 -0.000000
vn 0.000000 -1.000000 -0.000000
vt 0.421875 0.250000
v -0.315595 -0.793750 0.315595
vn 0.000000 -1.000000 -0.000000
vt 0.421875 0.156250
v 0.000000 -0.793750 0.315595
vn 0.000000 -1.000000 -0.000000
vt 0.375000 0.156250
v 0.315595 -0.793750 -0.000000
vn 0.000000 -1.000000 -0.000000
vt 0.328125 0.250000
v 0.315595 -0.793750 0.315595
vn 0.000000 -1.000000 -0.000000
vt 0.328125 0.156250
v -0.315595 -0.793750 -0.315595
vn 0.000000 -1.000000 -0.000000
vt 0.421875 0.343750
v -0.631190 -0.793750 -0.315595
vn -0.130526 -0.991445 -0.000000
vt 0.468750 0.343750
v -0.631190 -0.793750 -0.631190
vn -0.108729 -0.988107 -0.108729
vt 0.468750 0.437500
v -0.315595 -0.793750 -0.631190
vn 0.000000 -0.991445 -0.130526
vt 0.421875 0.437500
v 0.000000 -0.793750 -0.631190
vn 0.000000 -0.991445 -0.130526
vt 0.375000 0.437500
v 0.315595 -0.793750 -0.631190
vn 0.000000 -0.991445 -0.130526
vt 0.328125 0.437500
v 0.631190 -0.793750 -0.315595
vn 0.130526 -0.991445 -0.000000
vt 0.281250 0.343750
v 0.631190 -0.793750 -0.000000
vn 0.130526 -0.991445 -0.000000
vt 0.281250 0.250000
v 0.631190 -0.793750 0.315595
vn 0.130526 -0.991445 -0.000000
vt 0.281250 0.156250
v 0.631190 -0.793750 0.631190
vn 0.108729 -0.988107 0.108729
vt 0.281250 0.062500
v 0.315595 -0.793750 0.631190
vn 0.000000 -0.991445 0.130526
vt 0.328125 0.062500
v 0.000000 -0.793750 0.631190
vn 0.000000 -0.991445 0.130526
vt 0.375000 0.062500
v -0.315595 -0.793750 0.631190
vn 0.000000 -0.991445 0.130526
vt 0.421875 0.062500
v 0.631190 -0.793750 -0.631190
vn 0.108729 -0.988107 -0.108729
vt 0.281250 0.437500
v -0.631190 -0.793750 0.631190
vn -0.108729 -0.988107 0.108729
vt 0.468750 0.062500
v -0.631190 -0.793750 0.315595
vn -0.130526 -0.991445 -0.000000
vt 0.468750 0.156250
v -0.631190 -0.793750 -0.000000
vn -0.130526 -0.991445 -0.000000
vt 0.468750 0.250000
v -0.631190 0.793750 -0.631190
vn -0.108730 0.988107 -0.108730
vt 0.610393 0.368161
v -0.671830 0.771971 -0.701581
vn -0.265450 0.847435 -0.459773
vt 0.603028 0.342390
v -0.701581 0.771971 -0.671830
vn -0.459773 0.847435 -0.265450
vt 0.617757 0.342390
v -0.753110 0.712470 -0.701581
vn -0.758624 0.482342 -0.437992
vt 0.623148 0.312931
v -0.631190 0.793750 -0.631190
vn -0.108730 0.988107 -0.108730
vt 0.610393 0.368161
v -0.631190 0.771971 -0.712470
vn -0.069812 0.854929 -0.514025
vt 0.590272 0.347876
v -0.671830 0.771971 -0.701581
vn -0.265450 0.847435 -0.459773
vt 0.603028 0.342390
v 0.000000 -0.712470 0.771971
vn 0.000000 -0.500000 0.866025
vt 0.661339 0.121321
v 0.000000 -0.631190 0.793750
vn -0.000000 -0.130526 0.991445
vt 0.661339 0.153347
v -0.315595 -0.631190 0.793750
vn 0.000000 -0.130526 0.991445
vt 0.636081 0.153347
v -0.315595 -0.712470 0.771971
vn 0.000000 -0.500000 0.866025
vt 0.636081 0.121321
v 0.000000 -0.771971 0.712470
vn 0.000000 -0.866025 0.500000
vt 0.661339 0.084340
v -0.315595 -0.771971 0.712470
vn 0.000000 -0.866025 0.500000
vt 0.636081 0.084340
v 0.000000 -0.793750 0.631190
vn 0.000000 -0.991445 0.130526
vt 0.661339 0.052313
v -0.315595 -0.793750 0.631190
vn 0.000000 -0.991445 0.130526
vt 0.636081 0.052313
v -0.315595 0.793750 -0.631190
vn 0.000000 0.991445 -0.130527
vt 0.078125 0.937500
v -0.631190 0.793750 -0.631190
vn -0.108730 0.988107 -0.108730
vt 0.031250 0.937500
v -0.631190 0.793750 -0.315595
vn -0.130526 0.991445 0.000000
vt 0.031250 0.843750
v 0.315595 0.793750 -0.000000
vn 0.000000 1.000000 -0.000000
vt 0.171875 0.750000
v 0.631190 0.793750 -0.000000
vn 0.130526 0.991445 -0.000000
vt 0.218750 0.750000
v 0.631190 0.793750 -0.315595
vn 0.130526 0.991445 -0.000000
vt 0.218750 0.843750
v 0.315595 0.793750 -0.315595
vn 0.000000 1.000000 -0.000000
vt 0.171875 0.843750
v 0.631190 0.793750 -0.631190
vn 0.108730 0.988107 -0.108730
vt 0.218750 0.937500
v 0.315595 0.793750 -0.631190
vn 0.000000 0.991445 -0.130526
vt 0.171875 0.937500
v 0.000000 0.793750 -0.631190
vn 0.000000 0.991445 -0.130526
vt 0.125000 0.937500
v 0.000000 0.793750 -0.315595
vn 0.000000 1.000000 0.000000
vt 0.125000 0.843750
v -0.315595 0.793750 -0.315595
vn -0.000000 1.000000 0.000000
vt 0.078125 0.843750
v -0.631190 0.793750 -0.000000
vn -0.130526 0.991445 -0.000000
vt 0.031250 0.750000
v -0.315595 0.793750 -0.000000
vn 0.000000 1.000000 -0.000000
vt 0.078125 0.750000
v -0.631190 0.793750 0.315595
vn -0.130526 0.991445 -0.000000
vt 0.031250 0.656250
v -0.315595 0.793750 0.315595
vn 0.000000 1.000000 -0.000000
vt 0.078125 0.656250
v -0.631190 0.793750 0.631190
vn -0.108730 0.988107 0.108730
vt 0.031250 0.562500
v -0.315595 0.793750 0.631190
vn 0.000000 0.991445 0.130526
vt 0.078125 0.562500
v 0.000000 0.793750 0.631190
vn 0.000000 0.991445 0.130526
vt 0.125000 0.562500
v 0.000000 0.793750 0.315595
vn 0.000000 1.000000 -0.000000
vt 0.125000 0.656250
v 0.315595 0.793750 0.631190
vn 0.000000 0.991445 0.130526
vt 0.171875 0.562500
v 0.315595 0.793750 0.315595
vn 0.000000 1.000000 -0.000000
vt 0.171875 0.656250
v 0.631190 0.793750 0.631190
vn 0.108730 0.988107 0.108730
vt 0.218750 0.562500
v 0.631190 0.793750 0.315595
vn 0.130526 0.991445 -0.000000
vt 0.218750 0.656250
v 0.000000 0.793750 -0.000000
vn 0.000000 1.000000 -0.000000
vt 0.125000 0.750000
v 0.712470 -0.631190 -0.771971
vn 0.495898 -0.127826 -0.858921
vt 0.629308 0.162888
v 0.631190 -0.631190 -0.793750
vn 0.128148 -0.128148 -0.983441
vt 0.661367 0.162888
v 0.631190 -0.315660 -0.793750
vn 0.130526 0.000000 -0.991445
vt 0.661367 0.188172
v 0.000000 0.771971 0.712470
vn 0.000000 0.866025 0.500000
vt 0.661339 0.121321
v 0.000000 0.793750 0.631190
vn 0.000000 0.991445 0.130526
vt 0.661339 0.153347
v -0.315595 0.793750 0.631190
vn 0.000000 0.991445 0.130526
vt 0.636081 0.153347
v -0.315595 0.771971 0.712470
vn 0.000000 0.866025 0.500000
vt 0.636081 0.121321
v 0.000000 0.712470 0.771971
vn 0.000000 0.500000 0.866025
vt 0.661339 0.084340
v -0.315595 0.712470 0.771971
vn 0.000000 0.500000 0.866025
vt 0.636081 0.084340
v 0.000000 0.631190 0.793750
vn -0.000000 0.130526 0.991445
vt 0.661339 0.052313
v -0.315595 0.631190 0.793750
vn 0.000000 0.130526 0.991445
vt 0.636081 0.052313
v 0.771971 -0.631190 0.712470
vn 0.858921 -0.127826 0.495898
vt 0.629308 0.162888
v 0.793750 -0.631190 0.631190
vn 0.983441 -0.128148 0.128148
vt 0.661367 0.162888
v 0.793750 -0.315642 0.631190
vn 0.991445 0.000000 0.130526
vt 0.661367 0.188172
v 0.771971 -0.712470 -0.631190
vn 0.865321 -0.488332 -0.112921
vt 0.610822 0.121321
v 0.793750 -0.631190 -0.631190
vn 0.983441 -0.128148 -0.128148
vt 0.610822 0.153347
v 0.793750 -0.631190 -0.315595
vn 0.991445 -0.130526 -0.000000
vt 0.585563 0.153347
v 0.771971 -0.712470 -0.315595
vn 0.866025 -0.500000 -0.000000
vt 0.585563 0.121321
v 0.712470 -0.771971 -0.631190
vn 0.514025 -0.854929 -0.069812
vt 0.610822 0.084340
v 0.712470 -0.771971 -0.315595
vn 0.500000 -0.866025 -0.000000
vt 0.585563 0.084339
v 0.631190 -0.793750 -0.631190
vn 0.108729 -0.988107 -0.108729
vt 0.610822 0.052313
v 0.631190 -0.793750 -0.315595
vn 0.130526 -0.991445 -0.000000
vt 0.585563 0.052313
v -0.712470 -0.631190 0.771971
vn -0.495898 -0.127827 0.858921
vt 0.629308 0.162888
v -0.631190 -0.631190 0.793750
vn -0.128148 -0.128148 0.983441
vt 0.661367 0.162888
v -0.631190 -0.315602 0.793750
vn -0.130526 -0.000000 0.991445
vt 0.661367 0.188172
v -0.712470 0.771971 -0.000000
vn -0.500000 0.866025 -0.000000
vt 0.610822 0.121321
v -0.631190 0.793750 -0.000000
vn -0.130526 0.991445 -0.000000
vt 0.610822 0.153347
v -0.631190 0.793750 -0.315595
vn -0.130526 0.991445 0.000000
vt 0.585563 0.153347
v -0.712470 0.771971 0.315595
vn -0.500000 0.866025 -0.000000
vt 0.636081 0.121321
v -0.771971 0.712470 0.315595
vn -0.866025 0.500000 -0.000000
vt 0.636081 0.084340
v -0.771971 0.712470 -0.000000
vn -0.866025 0.500000 -0.000000
vt 0.610822 0.084340
v -0.712470 0.771971 -0.315595
vn -0.500000 0.866025 -0.000000
vt 0.585563 0.121321
v -0.712470 0.771971 -0.631190
vn -0.514025 0.854929 -0.069812
vt 0.560305 0.121321
v -0.631190 0.793750 -0.631190
vn -0.108730 0.988107 -0.108730
vt 0.560305 0.153347
v -0.631190 0.793750 0.315595
vn -0.130526 0.991445 -0.000000
vt 0.636081 0.153347
v -0.771971 0.712470 -0.631190
vn -0.865321 0.488332 -0.112921
vt 0.560305 0.084339
v -0.771971 0.712470 -0.315595
vn -0.866025 0.500000 -0.000000
vt 0.585563 0.084339
v -0.793750 0.631190 -0.000000
vn -0.991445 0.130526 -0.000000
vt 0.610822 0.052313
v -0.793750 0.631190 0.315595
vn -0.991445 0.130526 -0.000000
vt 0.636081 0.052313
v -0.793750 0.631190 0.631190
vn -0.983441 0.128148 0.128148
vt 0.661339 0.052313
v -0.771971 0.712470 0.631190
vn -0.865321 0.488332 0.112921
vt 0.661339 0.084340
v -0.712470 0.771971 0.631190
vn -0.514025 0.854929 0.069812
vt 0.661339 0.121321
v -0.631190 0.793750 0.631190
vn -0.108730 0.988107 0.108730
vt 0.661339 0.153347
v -0.793750 0.631190 -0.631190
vn -0.983441 0.128148 -0.128148
vt 0.560305 0.052313
v -0.793750 0.631190 -0.315595
vn -0.991445 0.130526 -0.000000
vt 0.585563 0.052313
v 0.771971 -0.712470 0.000000
vn 0.866025 -0.500000 -0.000000
vt 0.661339 0.121321
v 0.793750 -0.631190 0.000000
vn 0.991445 -0.130526 -0.000000
vt 0.661339 0.153347
v 0.793750 -0.631190 0.315595
vn 0.991445 -0.130526 -0.000000
vt 0.636081 0.153347
v 0.771971 -0.712470 0.315595
vn 0.866025 -0.500000 -0.000000
vt 0.636081 0.121321
v 0.712470 -0.771971 0.000000
vn 0.500000 -0.866025 -0.000000
vt 0.661339 0.084340
v 0.712470 -0.771971 0.315595
vn 0.500000 -0.866025 -0.000000
vt 0.636081 0.084340
v 0.631190 -0.793750 -0.000000
vn 0.130526 -0.991445 -0.000000
vt 0.661339 0.052313
v 0.631190 -0.793750 0.315595
vn 0.130526 -0.991445 -0.000000
vt 0.636081 0.052313
v -0.771971 -0.631190 -0.712470
vn -0.858921 -0.127826 -0.495898
vt 0.629308 0.162888
v -0.793750 -0.631190 -0.631190
vn -0.983441 -0.128148 -0.128148
vt 0.661367 0.162888
v -0.793750 -0.315620 -0.631190
vn -0.991445 -0.000000 -0.130526
vt 0.661367 0.188172
v 0.712470 0.771971 0.000000
vn 0.500000 0.866025 -0.000000
vt 0.661339 0.121321
v 0.631190 0.793750 -0.000000
vn 0.130526 0.991445 -0.000000
vt 0.661339 0.153347
v 0.631190 0.793750 0.315595
vn 0.130526 0.991445 -0.000000
vt 0.636081 0.153347
v 0.712470 0.771971 0.315595
vn 0.500000 0.866025 -0.000000
vt 0.636081 0.121321
v 0.771971 0.712470 0.000000
vn 0.866025 0.500000 -0.000000
vt 0.661339 0.084340
v 0.771971 0.712470 0.315595
vn 0.866025 0.500000 -0.000000
vt 0.636081 0.084340
v 0.793750 0.631190 0.000000
vn 0.991445 0.130526 0.000000
vt 0.661339 0.052313
v 0.793750 0.631190 0.315595
vn 0.991445 0.130526 0.000000
vt 0.636081 0.052313
v 0.671830 -0.771971 -0.701581
vn 0.265450 -0.847435 -0.459773
vt 0.617807 0.404201
v 0.631190 -0.793750 -0.631190
vn 0.108729 -0.988107 -0.108729
vt 0.610571 0.378881
v 0.631190 -0.771971 -0.712470
vn 0.069812 -0.854929 -0.514025
vt 0.630340 0.398811
v 0.315595 0.771971 0.712470
vn 0.000000 0.866025 0.500000
vt 0.636081 0.121321
v 0.315595 0.793750 0.631190
vn 0.000000 0.991445 0.130526
vt 0.636081 0.153347
v 0.000000 0.793750 0.631190
vn 0.000000 0.991445 0.130526
vt 0.610822 0.153347
v 0.000000 0.771971 0.712470
vn 0.000000 0.866025 0.500000
vt 0.610822 0.121321
v 0.315595 0.712470 0.771971
vn 0.000000 0.500000 0.866025
vt 0.636081 0.084340
v 0.000000 0.712470 0.771971
vn 0.000000 0.500000 0.866025
vt 0.610822 0.084340
v 0.315595 0.631190 0.793750
vn 0.000000 0.130526 0.991445
vt 0.636081 0.052313
v 0.000000 0.631190 0.793750
vn -0.000000 0.130526 0.991445
vt 0.610822 0.052313
v 0.771971 0.712470 -0.315595
vn 0.866025 0.500000 -0.000000
vt 0.585563 0.084339
v 0.793750 0.631190 -0.315595
vn 0.991445 0.130526 0.000000
vt 0.585563 0.052313
v 0.793750 0.631190 -0.631190
vn 0.983441 0.128148 -0.128148
vt 0.610822 0.052313
v 0.771971 0.712470 -0.631190
vn 0.865321 0.488332 -0.112921
vt 0.610822 0.084340
v 0.712470 0.771971 -0.315595
vn 0.500000 0.866025 -0.000000
vt 0.585563 0.121321
v 0.712470 0.771971 -0.631190
vn 0.514025 0.854929 -0.069812
vt 0.610822 0.121321
v 0.631190 0.793750 -0.315595
vn 0.130526 0.991445 -0.000000
vt 0.585563 0.153347
v 0.631190 0.793750 -0.631190
vn 0.108730 0.988107 -0.108730
vt 0.610822 0.153347
v -0.701581 0.712470 0.753110
vn -0.437991 0.482342 0.758624
vt 0.623148 0.312931
v -0.671830 0.771971 0.701581
vn -0.265450 0.847435 0.459773
vt 0.617757 0.342390
v -0.701581 0.771971 0.671830
vn -0.459772 0.847435 0.265450
vt 0.603028 0.342390
v -0.631190 0.793750 0.631190
vn -0.108730 0.988107 0.108730
vt 0.610393 0.368161
v -0.701581 0.771971 0.671830
vn -0.459772 0.847435 0.265450
vt 0.603028 0.342390
v -0.753110 0.712470 0.701581
vn -0.758624 0.482342 0.437992
vt 0.597637 0.312931
v -0.701581 0.712470 0.753110
vn -0.437991 0.482342 0.758624
vt 0.623148 0.312931
v -0.712470 0.631190 0.771971
vn -0.495898 0.127827 0.858921
vt 0.625122 0.287679
v -0.671830 0.771971 0.701581
vn -0.265450 0.847435 0.459773
vt 0.617757 0.342390
v -0.701581 0.712470 0.753110
vn -0.437991 0.482342 0.758624
vt 0.623148 0.312931
v -0.631190 0.712470 0.771971
vn -0.112922 0.488332 0.865321
vt 0.645242 0.322434
v 0.712470 -0.771971 -0.631190
vn 0.514025 -0.854929 -0.069812
vt 0.590802 0.398811
v 0.631190 -0.793750 -0.631190
vn 0.108729 -0.988107 -0.108729
vt 0.610571 0.378881
v 0.701581 -0.771971 -0.671830
vn 0.459773 -0.847435 -0.265450
vt 0.603335 0.404201
v 0.753110 0.712470 0.701581
vn 0.758624 0.482342 0.437992
vt 0.623148 0.312931
v 0.701581 0.771971 0.671830
vn 0.459773 0.847435 0.265450
vt 0.617757 0.342390
v 0.671830 0.771971 0.701581
vn 0.265450 0.847435 0.459773
vt 0.603028 0.342390
v 0.631190 0.793750 0.631190
vn 0.108730 0.988107 0.108730
vt 0.610393 0.368161
v 0.671830 0.771971 0.701581
vn 0.265450 0.847435 0.459773
vt 0.603028 0.342390
v 0.701581 0.712470 0.753110
vn 0.437991 0.482342 0.758624
vt 0.597637 0.312931
v 0.753110 0.712470 0.701581
vn 0.758624 0.482342 0.437992
vt 0.623148 0.312931
v 0.771971 0.631190 0.712470
vn 0.858921 0.127826 0.495898
vt 0.625122 0.287679
v 0.771971 0.712470 0.631190
vn 0.865321 0.488332 0.112921
vt 0.645242 0.322434
v 0.712470 0.771971 0.631190
vn 0.514025 0.854929 0.069812
vt 0.630513 0.347876
v 0.701581 0.771971 0.671830
vn 0.459773 0.847435 0.265450
vt 0.617757 0.342390
v 0.753110 0.712470 0.701581
vn 0.758624 0.482342 0.437992
vt 0.623148 0.312931
v 0.771971 0.712470 0.631190
vn 0.865321 0.488332 0.112921
vt 0.645242 0.322434
v 0.701581 0.712470 -0.753110
vn 0.437991 0.482342 -0.758624
vt 0.623148 0.312931
v 0.671830 0.771971 -0.701581
vn 0.265450 0.847435 -0.459773
vt 0.617757 0.342390
v 0.701581 0.771971 -0.671830
vn 0.459772 0.847435 -0.265450
vt 0.603028 0.342390
v 0.631190 0.793750 -0.631190
vn 0.108730 0.988107 -0.108730
vt 0.610393 0.368161
v 0.701581 0.771971 -0.671830
vn 0.459772 0.847435 -0.265450
vt 0.603028 0.342390
v 0.753110 0.712470 -0.701581
vn 0.758624 0.482342 -0.437992
vt 0.597637 0.312931
v 0.701581 0.712470 -0.753110
vn 0.437991 0.482342 -0.758624
vt 0.623148 0.312931
v 0.712470 0.631190 -0.771971
vn 0.495898 0.127826 -0.858921
vt 0.625122 0.287679
v 0.631190 0.712470 -0.771971
vn 0.112922 0.488332 -0.865321
vt 0.645242 0.322434
v 0.631190 0.771971 -0.712470
vn 0.069812 0.854929 -0.514025
vt 0.630513 0.347876
v 0.671830 0.771971 -0.701581
vn 0.265450 0.847435 -0.459773
vt 0.617757 0.342390
v 0.701581 -0.771971 0.671830
vn 0.459772 -0.847435 0.265450
vt 0.617807 0.404201
v 0.631190 -0.793750 0.631190
vn 0.108729 -0.988107 0.108729
vt 0.610571 0.378881
v 0.712470 -0.771971 0.631190
vn 0.514025 -0.854929 0.069812
vt 0.630340 0.398811
v 0.671830 0.771971 -0.701581
vn 0.265450 0.847435 -0.459773
vt 0.617757 0.342390
v 0.701581 0.712470 -0.753110
vn 0.437991 0.482342 -0.758624
vt 0.623148 0.312931
v 0.631190 0.712470 -0.771971
vn 0.112922 0.488332 -0.865321
vt 0.645242 0.322434
v 0.631190 -0.771971 0.712470
vn 0.069812 -0.854929 0.514025
vt 0.590802 0.398811
v 0.631190 -0.793750 0.631190
vn 0.108729 -0.988107 0.108729
vt 0.610571 0.378881
v 0.671830 -0.771971 0.701581
vn 0.265450 -0.847435 0.459773
vt 0.603335 0.404201
v -0.771971 0.631190 -0.712470
vn -0.858921 0.127826 -0.495898
vt 0.625122 0.287679
v -0.753110 0.712470 -0.701581
vn -0.758624 0.482342 -0.437992
vt 0.623148 0.312931
v -0.701581 0.712470 -0.753110
vn -0.437991 0.482342 -0.758624
vt 0.597637 0.312931
v -0.671830 0.771971 -0.701581
vn -0.265450 0.847435 -0.459773
vt 0.603028 0.342390
v -0.701581 0.712470 -0.753110
vn -0.437991 0.482342 -0.758624
vt 0.597637 0.312931
v -0.712470 0.631190 -0.771971
vn -0.495898 0.127827 -0.858921
vt 0.595663 0.287679
v -0.771971 0.631190 -0.712470
vn -0.858921 0.127826 -0.495898
vt 0.625122 0.287679
v -0.671830 -0.771971 0.701581
vn -0.265450 -0.847435 0.459773
vt 0.617807 0.404201
v -0.631190 -0.793750 0.631190
vn -0.108729 -0.988107 0.108729
vt 0.610571 0.378881
v -0.631190 -0.771971 0.712470
vn -0.069812 -0.854929 0.514025
vt 0.630340 0.398811
v -0.793750 0.631190 -0.631190
vn -0.983441 0.128148 -0.128148
vt 0.650634 0.298651
v -0.771971 0.712470 -0.631190
vn -0.865321 0.488332 -0.112921
vt 0.645242 0.322434
v -0.753110 0.712470 -0.701581
vn -0.758624 0.482342 -0.437992
vt 0.623148 0.312931
v -0.712470 -0.771971 0.631190
vn -0.514025 -0.854929 0.069812
vt 0.590802 0.398811
v -0.631190 -0.793750 0.631190
vn -0.108729 -0.988107 0.108729
vt 0.610571 0.378881
v -0.701581 -0.771971 0.671830
vn -0.459773 -0.847435 0.265450
vt 0.603335 0.404201
v -0.753110 0.712470 -0.701581
vn -0.758624 0.482342 -0.437992
vt 0.623148 0.312931
v -0.771971 0.631190 -0.712470
vn -0.858921 0.127826 -0.495898
vt 0.625122 0.287679
v -0.793750 0.631190 -0.631190
vn -0.983441 0.128148 -0.128148
vt 0.650634 0.298651
v -0.701581 -0.771971 -0.671830
vn -0.459772 -0.847435 -0.265450
vt 0.617807 0.404201
v -0.631190 -0.793750 -0.631190
vn -0.108729 -0.988107 -0.108729
vt 0.610571 0.378881
v -0.712470 -0.771971 -0.631190
vn -0.514025 -0.854929 -0.069812
vt 0.630340 0.398811
v -0.753110 0.712470 0.701581
vn -0.758624 0.482342 0.437992
vt 0.597637 0.312931
v -0.771971 0.631190 0.712470
vn -0.858921 0.127826 0.495898
vt 0.595663 0.287679
v -0.712470 0.631190 0.771971
vn -0.495898 0.127827 0.858921
vt 0.625122 0.287679
v -0.631190 -0.771971 -0.712470
vn -0.069812 -0.854929 -0.514025
vt 0.590802 0.398811
v -0.631190 -0.793750 -0.631190
vn -0.108729 -0.988107 -0.108729
vt 0.610571 0.378881
v -0.671830 -0.771971 -0.701581
vn -0.265450 -0.847435 -0.459773
vt 0.603335 0.404201
v -0.631190 0.631190 0.793750
vn -0.128148 0.128148 0.983441
vt 0.650634 0.298651
v -0.631190 0.712470 0.771971
vn -0.112922 0.488332 0.865321
vt 0.645242 0.322434
v -0.701581 0.712470 0.753110
vn -0.437991 0.482342 0.758624
vt 0.623148 0.312931
v 0.701581 -0.712470 -0.753110
vn 0.437992 -0.482342 -0.758624
vt 0.623104 0.433144
v 0.671830 -0.771971 -0.701581
vn 0.265450 -0.847435 -0.459773
vt 0.617807 0.404201
v 0.631190 -0.771971 -0.712470
vn 0.069812 -0.854929 -0.514025
vt 0.630340 0.398811
v -0.701581 0.712470 0.753110
vn -0.437991 0.482342 0.758624
vt 0.623148 0.312931
v -0.712470 0.631190 0.771971
vn -0.495898 0.127827 0.858921
vt 0.625122 0.287679
v -0.631190 0.631190 0.793750
vn -0.128148 0.128148 0.983441
vt 0.650634 0.298651
v 0.631190 -0.771971 -0.712470
vn 0.069812 -0.854929 -0.514025
vt 0.630340 0.398811
v 0.631190 -0.712470 -0.771971
vn 0.112921 -0.488332 -0.865321
vt 0.644811 0.423808
v 0.701581 -0.712470 -0.753110
vn 0.437992 -0.482342 -0.758624
vt 0.623104 0.433144
v 0.701581 0.712470 0.753110
vn 0.437991 0.482342 0.758624
vt 0.597637 0.312931
v 0.712470 0.631190 0.771971
vn 0.495898 0.127826 0.858921
vt 0.595663 0.287679
v 0.771971 0.631190 0.712470
vn 0.858921 0.127826 0.495898
vt 0.625122 0.287679
v 0.771971 -0.712470 -0.631190
vn 0.865321 -0.488332 -0.112921
vt 0.576330 0.423808
v 0.712470 -0.771971 -0.631190
vn 0.514025 -0.854929 -0.069812
vt 0.590802 0.398811
v 0.701581 -0.771971 -0.671830
vn 0.459773 -0.847435 -0.265450
vt 0.603335 0.404201
v 0.793750 0.631190 0.631190
vn 0.983441 0.128148 0.128148
vt 0.650634 0.298651
v 0.771971 0.712470 0.631190
vn 0.865321 0.488332 0.112921
vt 0.645242 0.322434
v 0.753110 0.712470 0.701581
vn 0.758624 0.482342 0.437992
vt 0.623148 0.312931
v 0.701581 -0.771971 -0.671830
vn 0.459773 -0.847435 -0.265450
vt 0.603335 0.404201
v 0.753110 -0.712470 -0.701581
vn 0.758624 -0.482342 -0.437992
vt 0.598038 0.433144
v 0.771971 -0.712470 -0.631190
vn 0.865321 -0.488332 -0.112921
vt 0.576330 0.423808
v 0.753110 0.712470 0.701581
vn 0.758624 0.482342 0.437992
vt 0.623148 0.312931
v 0.771971 0.631190 0.712470
vn 0.858921 0.127826 0.495898
vt 0.625122 0.287679
v 0.793750 0.631190 0.631190
vn 0.983441 0.128148 0.128148
vt 0.650634 0.298651
v 0.753110 -0.712470 0.701581
vn 0.758624 -0.482342 0.437992
vt 0.623104 0.433144
v 0.701581 -0.771971 0.671830
vn 0.459772 -0.847435 0.265450
vt 0.617807 0.404201
v 0.712470 -0.771971 0.631190
vn 0.514025 -0.854929 0.069812
vt 0.630340 0.398811
v 0.753110 0.712470 -0.701581
vn 0.758624 0.482342 -0.437992
vt 0.597637 0.312931
v 0.771971 0.631190 -0.712470
vn 0.858921 0.127826 -0.495898
vt 0.595663 0.287679
v 0.712470 0.631190 -0.771971
vn 0.495898 0.127826 -0.858921
vt 0.625122 0.287679
v 0.712470 -0.771971 0.631190
vn 0.514025 -0.854929 0.069812
vt 0.630340 0.398811
v 0.771971 -0.712470 0.631190
vn 0.865321 -0.488332 0.112921
vt 0.644811 0.423808
v 0.753110 -0.712470 0.701581
vn 0.758624 -0.482342 0.437992
vt 0.623104 0.433144
v 0.631190 0.631190 -0.793750
vn 0.128148 0.128148 -0.983441
vt 0.650634 0.298651
v 0.631190 0.712470 -0.771971
vn 0.112922 0.488332 -0.865321
vt 0.645242 0.322434
v 0.701581 0.712470 -0.753110
vn 0.437991 0.482342 -0.758624
vt 0.623148 0.312931
v 0.631190 -0.712470 0.771971
vn 0.112922 -0.488332 0.865321
vt 0.576330 0.423808
v 0.631190 -0.771971 0.712470
vn 0.069812 -0.854929 0.514025
vt 0.590802 0.398811
v 0.671830 -0.771971 0.701581
vn 0.265450 -0.847435 0.459773
vt 0.603335 0.404201
v 0.701581 -0.712470 0.753110
vn 0.437991 -0.482342 0.758624
vt 0.598038 0.433144
v 0.631190 -0.712470 0.771971
vn 0.112922 -0.488332 0.865321
vt 0.576330 0.423808
v -0.701581 -0.712470 0.753110
vn -0.437992 -0.482342 0.758624
vt 0.623104 0.433144
v -0.671830 -0.771971 0.701581
vn -0.265450 -0.847435 0.459773
vt 0.617807 0.404201
v -0.631190 -0.771971 0.712470
vn -0.069812 -0.854929 0.514025
vt 0.630340 0.398811
v 0.701581 0.712470 -0.753110
vn 0.437991 0.482342 -0.758624
vt 0.623148 0.312931
v 0.712470 0.631190 -0.771971
vn 0.495898 0.127826 -0.858921
vt 0.625122 0.287679
v 0.631190 0.631190 -0.793750
vn 0.128148 0.128148 -0.983441
vt 0.650634 0.298651
v -0.631190 -0.771971 0.712470
vn -0.069812 -0.854929 0.514025
vt 0.630340 0.398811
v -0.631190 -0.712470 0.771971
vn -0.112921 -0.488332 0.865321
vt 0.644811 0.423808
v -0.701581 -0.712470 0.753110
vn -0.437992 -0.482342 0.758624
vt 0.623104 0.433144
v -0.712470 0.631190 -0.771971
vn -0.495898 0.127827 -0.858921
vt 0.592289 0.264024
v -0.631190 0.631190 -0.793750
vn -0.128148 0.128148 -0.983441
vt 0.560231 0.264024
v -0.631190 0.315563 -0.793750
vn -0.130526 0.000000 -0.991445
vt 0.560231 0.238740
v -0.771971 -0.712470 0.631190
vn -0.865321 -0.488332 0.112921
vt 0.576330 0.423808
v -0.712470 -0.771971 0.631190
vn -0.514025 -0.854929 0.069812
vt 0.590802 0.398811
v -0.701581 -0.771971 0.671830
vn -0.459773 -0.847435 0.265450
vt 0.603335 0.404201
v -0.771971 0.631190 0.712470
vn -0.858921 0.127826 0.495898
vt 0.592289 0.264024
v -0.793750 0.631190 0.631190
vn -0.983441 0.128148 0.128148
vt 0.560231 0.264024
v -0.793750 0.315590 0.631190
vn -0.991445 0.000000 0.130526
vt 0.560231 0.238740
v -0.701581 -0.771971 0.671830
vn -0.459773 -0.847435 0.265450
vt 0.603335 0.404201
v -0.753110 -0.712470 0.701581
vn -0.758624 -0.482342 0.437992
vt 0.598038 0.433144
v -0.771971 -0.712470 0.631190
vn -0.865321 -0.488332 0.112921
vt 0.576330 0.423808
v 0.712470 0.631190 0.771971
vn 0.495898 0.127826 0.858921
vt 0.592289 0.264024
v 0.631190 0.631190 0.793750
vn 0.128148 0.128148 0.983441
vt 0.560231 0.264024
v 0.631190 0.315554 0.793750
vn 0.130526 -0.000000 0.991445
vt 0.560231 0.238740
v -0.753110 -0.712470 -0.701581
vn -0.758624 -0.482342 -0.437992
vt 0.623104 0.433144
v -0.701581 -0.771971 -0.671830
vn -0.459772 -0.847435 -0.265450
vt 0.617807 0.404201
v -0.712470 -0.771971 -0.631190
vn -0.514025 -0.854929 -0.069812
vt 0.630340 0.398811
v 0.771971 0.631190 -0.712470
vn 0.858921 0.127826 -0.495898
vt 0.592289 0.264024
v 0.793750 0.631190 -0.631190
vn 0.983441 0.128148 -0.128148
vt 0.560231 0.264024
v 0.793750 0.315528 -0.631190
vn 0.991445 -0.000000 -0.130526
vt 0.560231 0.238740
v -0.712470 -0.771971 -0.631190
vn -0.514025 -0.854929 -0.069812
vt 0.630340 0.398811
v -0.771971 -0.712470 -0.631190
vn -0.865321 -0.488332 -0.112921
vt 0.644811 0.423808
v -0.753110 -0.712470 -0.701581
vn -0.758624 -0.482342 -0.437992
vt 0.623104 0.433144
v -0.631190 -0.712470 0.771971
vn -0.112921 -0.488332 0.865321
vt 0.644811 0.423808
v -0.631190 -0.631190 0.793750
vn -0.128148 -0.128148 0.983441
vt 0.650108 0.447175
v -0.712470 -0.631190 0.771971
vn -0.495898 -0.127827 0.858921
vt 0.625043 0.457955
v -0.712470 -0.631190 0.771971
vn -0.495898 -0.127827 0.858921
vt 0.625043 0.457955
v -0.701581 -0.712470 0.753110
vn -0.437992 -0.482342 0.758624
vt 0.623104 0.433144
v 0.631190 -0.712470 -0.771971
vn 0.112921 -0.488332 -0.865321
vt 0.644811 0.423808
v 0.631190 -0.631190 -0.793750
vn 0.128148 -0.128148 -0.983441
vt 0.650108 0.447175
v 0.712470 -0.631190 -0.771971
vn 0.495898 -0.127826 -0.858921
vt 0.625043 0.457955
v 0.712470 -0.631190 -0.771971
vn 0.495898 -0.127826 -0.858921
vt 0.625043 0.457955
v 0.701581 -0.712470 -0.753110
vn 0.437992 -0.482342 -0.758624
vt 0.623104 0.433144
v -0.671830 -0.771971 -0.701581
vn -0.265450 -0.847435 -0.459773
vt 0.603335 0.404201
v -0.701581 -0.712470 -0.753110
vn -0.437991 -0.482342 -0.758624
vt 0.598038 0.433144
v -0.631190 -0.712470 -0.771971
vn -0.112922 -0.488332 -0.865321
vt 0.576330 0.423808
v -0.631190 -0.712470 -0.771971
vn -0.112922 -0.488332 -0.865321
vt 0.576330 0.423808
v -0.631190 -0.771971 -0.712470
vn -0.069812 -0.854929 -0.514025
vt 0.590802 0.398811
g Wuerfel_part_1
# Submesh 1: 600 triangles
f 828/828/828 829/829/829 830/830/830
f 831/831/831 832/832/832 833/833/833
f 833/833/833 834/834/834 831/831/831
f 835/835/835 836/836/836 837/837/837
f 837/837/837 838/838/838 835/835/835
f 839/839/839 840/840/840 841/841/841
f 841/841/841 836/836/836 839/839/839
f 836/836/836 841/841/841 842/842/842
f 842/842/842 837/837/837 836/836/836
f 837/837/837 842/842/842 843/843/843
f 843/843/843 844/844/844 837/837/837
f 838/838/838 837/837/837 844/844/844
f 844/844/844 845/845/845 838/838/838
f 846/846/846 839/839/839 836/836/836
f 836/836/836 835/835/835 846/846/846
f 847/847/847 846/846/846 835/835/835
f 835/835/835 848/848/848 847/847/847
f 848/848/848 835/835/835 838/838/838
f 838/838/838 849/849/849 848/848/848
f 849/849/849 838/838/838 845/845/845
f 845/845/845 850/850/850 849/849/849
f 851/851/851 850/850/850 845/845/845
f 845/845/845 852/852/852 851/851/851
f 852/852/852 845/845/845 844/844/844
f 844/844/844 853/853/853 852/852/852
f 853/853/853 844/844/844 843/843/843
f 843/843/843 854/854/854 853/853/853
f 855/855/855 854/854/854 843/843/843
f 843/843/843 856/856/856 855/855/855
f 856/856/856 843/843/843 842/842/842
f 842/842/842 857/857/857 856/856/856
f 857/857/857 842/842/842 841/841/841
f 841/841/841 858/858/858 857/857/857
f 858/858/858 841/841/841 840/840/840
f 840/840/840 859/859/859 858/858/858
f 860/860/860 861/861/861 862/862/862
f 862/862/862 863/863/863 860/860/860
f 864/864/864 865/865/865 866/866/866
f 866/866/866 861/861/861 864/864/864
f 867/867/867 864/864/864 861/861/861
f 861/861/861 860/860/860 867/867/867
f 868/868/868 867/867/867 860/860/860
f 860/860/860 869/869/869 868/868/868
f 869/869/869 860/860/860 863/863/863
f 863/863/863 870/870/870 869/869/869
f 861/861/861 866/866/866 871/871/871
f 871/871/871 862/862/862 861/861/861
f 862/862/862 871/871/871 872/872/872
f 872/872/872 873/873/873 862/862/862
f 862/862/862 873/873/873 874/874/874
f 874/874/874 863/863/863 862/862/862
f 863/863/863 874/874/874 875/875/875
f 875/875/875 870/870/870 863/863/863
f 870/870/870 875/875/875 876/876/876
f 876/876/876 877/877/877 870/870/870
f 870/870/870 877/877/877 878/878/878
f 878/878/878 869/869/869 870/870/870
f 869/869/869 878/878/878 879/879/879
f 879/879/879 868/868/868 869/869/869
f 868/868/868 879/879/879 880/880/880
f 880/880/880 881/881/881 868/868/868
f 867/867/867 868/868/868 881/881/881
f 881/881/881 882/882/882 867/867/867
f 864/864/864 867/867/867 882/882/882
f 882/882/882 883/883/883 864/864/864
f 865/865/865 864/864/864 883/883/883
f 883/883/883 884/884/884 865/865/865
f 885/885/885 886/886/886 887/887/887
f 886/886/886 885/885/885 888/888/888
f 889/889/889 890/890/890 891/891/891
f 890/890/890 889/889/889 892/892/892
f 893/893/893 889/889/889 894/894/894
f 889/889/889 893/893/893 895/895/895
f 896/896/896 893/893/893 897/897/897
f 893/893/893 896/896/896 898/898/898
f 899/899/899 900/900/900 897/897/897
f 901/901/901 902/902/902 892/892/892
f 903/903/903 904/904/904 894/894/894
f 905/905/905 906/906/906 895/895/895
f 907/907/907 908/908/908 909/909/909
f 908/908/908 907/907/907 910/910/910
f 911/911/911 912/912/912 913/913/913
f 912/912/912 911/911/911 914/914/914
f 915/915/915 916/916/916 914/914/914
f 916/916/916 915/915/915 917/917/917
f 918/918/918 919/919/919 920/920/920
f 919/919/919 918/918/918 921/921/921
f 922/922/922 923/923/923 921/921/921
f 923/923/923 922/922/922 924/924/924
f 925/925/925 926/926/926 927/927/927
f 926/926/926 925/925/925 928/928/928
f 929/929/929 925/925/925 930/930/930
f 925/925/925 929/929/929 931/931/931
f 932/932/932 929/929/929 933/933/933
f 929/929/929 932/932/932 934/934/934
f 935/935/935 936/936/936 933/933/933
f 937/937/937 938/938/938 928/928/928
f 939/939/939 940/940/940 930/930/930
f 941/941/941 942/942/942 931/931/931
f 943/943/943 944/944/944 945/945/945
f 944/944/944 943/943/943 946/946/946
f 947/947/947 948/948/948 949/949/949
f 948/948/948 947/947/947 950/950/950
f 951/951/951 952/952/952 953/953/953
f 953/953/953 954/954/954 951/951/951
f 955/955/955 951/951/951 954/954/954
f 954/954/954 956/956/956 955/955/955
f 957/957/957 955/955/955 956/956/956
f 956/956/956 958/958/958 957/957/957
f 959/959/959 960/960/960 961/961/961
f 962/962/962 963/963/963 959/959/959
f 964/964/964 965/965/965 966/966/966
f 967/967/967 968/968/968 969/969/969
f 968/968/968 967/967/967 964/964/964
f 964/964/964 970/970/970 968/968/968
f 966/966/966 970/970/970 964/964/964
f 970/970/970 966/966/966 971/971/971
f 971/971/971 972/972/972 970/970/970
f 972/972/972 971/971/971 973/973/973
f 973/973/973 974/974/974 972/972/972
f 972/972/972 974/974/974 975/975/975
f 975/975/975 976/976/976 972/972/972
f 976/976/976 975/975/975 977/977/977
f 977/977/977 978/978/978 976/976/976
f 978/978/978 977/977/977 979/979/979
f 979/979/979 980/980/980 978/978/978
f 969/969/969 978/978/978 980/980/980
f 980/980/980 981/981/981 969/969/969
f 982/982/982 969/969/969 981/981/981
f 981/981/981 983/983/983 982/982/982
f 978/978/978 969/969/969 968/968/968
f 968/968/968 976/976/976 978/978/978
f 976/976/976 968/968/968 970/970/970
f 970/970/970 972/972/972 976/976/976
f 969/969/969 982/982/982 967/967/967
f 984/984/984 985/985/985 986/986/986
f 987/987/987 988/988/988 989/989/989
f 989/989/989 990/990/990 987/987/987
f 991/991/991 987/987/987 990/990/990
f 990/990/990 992/992/992 991/991/991
f 993/993/993 991/991/991 992/992/992
f 992/992/992 994/994/994 993/993/993
f 995/995/995 996/996/996 997/997/997
f 998/998/998 999/999/999 1000/1000/1000
f 1000/1000/1000 1001/1001/1001 998/998/998
f 1002/1002/1002 998/998/998 1001/1001/1001
f 1001/1001/1001 1003/1003/1003 1002/1002/1002
f 1004/1004/1004 1002/1002/1002 1003/1003/1003
f 1003/1003/1003 1005/1005/1005 1004/1004/1004
f 1006/1006/1006 1007/1007/1007 1008/1008/1008
f 1009/1009/1009 1010/1010/1010 1011/1011/1011
f 1011/1011/1011 1012/1012/1012 1009/1009/1009
f 1013/1013/1013 1009/1009/1009 1012/1012/1012
f 1012/1012/1012 1014/1014/1014 1013/1013/1013
f 1015/1015/1015 1013/1013/1013 1014/1014/1014
f 1014/1014/1014 1016/1016/1016 1015/1015/1015
f 1017/1017/1017 1018/1018/1018 1019/1019/1019
f 1020/1020/1020 1021/1021/1021 1022/1022/1022
f 1023/1023/1023 1021/1021/1021 1020/1020/1020
f 1020/1020/1020 1024/1024/1024 1023/1023/1023
f 1025/1025/1025 1026/1026/1026 1024/1024/1024
f 1024/1024/1024 1020/1020/1020 1025/1025/1025
f 1025/1025/1025 1020/1020/1020 1027/1027/1027
f 1022/1022/1022 1027/1027/1027 1020/1020/1020
f 1027/1027/1027 1022/1022/1022 1028/1028/1028
f 1029/1029/1029 1030/1030/1030 1026/1026/1026
f 1026/1026/1026 1025/1025/1025 1029/1029/1029
f 1029/1029/1029 1025/1025/1025 1031/1031/1031
f 1027/1027/1027 1031/1031/1031 1025/1025/1025
f 1031/1031/1031 1027/1027/1027 1032/1032/1032
f 1028/1028/1028 1032/1032/1032 1027/1027/1027
f 1032/1032/1032 1028/1028/1028 1033/1033/1033
f 1033/1033/1033 1034/1034/1034 1032/1032/1032
f 1035/1035/1035 1032/1032/1032 1034/1034/1034
f 1034/1034/1034 1036/1036/1036 1035/1035/1035
f 1037/1037/1037 1035/1035/1035 1036/1036/1036
f 1036/1036/1036 1038/1038/1038 1037/1037/1037
f 1035/1035/1035 1037/1037/1037 1039/1039/1039
f 1039/1039/1039 1031/1031/1031 1035/1035/1035
f 1032/1032/1032 1035/1035/1035 1031/1031/1031
f 1031/1031/1031 1039/1039/1039 1029/1029/1029
f 1040/1040/1040 1041/1041/1041 1042/1042/1042
f 1042/1042/1042 1043/1043/1043 1040/1040/1040
f 1044/1044/1044 1040/1040/1040 1043/1043/1043
f 1043/1043/1043 1045/1045/1045 1044/1044/1044
f 1045/1045/1045 1046/1046/1046 1044/1044/1044
f 1047/1047/1047 1048/1048/1048 1049/1049/1049
f 1049/1049/1049 1050/1050/1050 1047/1047/1047
f 1051/1051/1051 1052/1052/1052 1053/1053/1053
f 1053/1053/1053 1054/1054/1054 1051/1051/1051
f 1054/1054/1054 1053/1053/1053 1055/1055/1055
f 1055/1055/1055 1056/1056/1056 1054/1054/1054
f 1056/1056/1056 1055/1055/1055 1057/1057/1057
f 1057/1057/1057 1058/1058/1058 1056/1056/1056
f 1059/1059/1059 1060/1060/1060 1061/1061/1061
f 1061/1061/1061 1062/1062/1062 1059/1059/1059
f 1063/1063/1063 1064/1064/1064 1065/1065/1065
f 1065/1065/1065 1066/1066/1066 1063/1063/1063
f 1067/1067/1067 1063/1063/1063 1066/1066/1066
f 1066/1066/1066 1068/1068/1068 1067/1067/1067
f 1068/1068/1068 1069/1069/1069 1067/1067/1067
f 1070/1070/1070 1071/1071/1071 1072/1072/1072
f 1072/1072/1072 1073/1073/1073 1070/1070/1070
f 1074/1074/1074 1075/1075/1075 1076/1076/1076
f 1076/1076/1076 1077/1077/1077 1074/1074/1074
f 1077/1077/1077 1076/1076/1076 1078/1078/1078
f 1078/1078/1078 1079/1079/1079 1077/1077/1077
f 1079/1079/1079 1078/1078/1078 1080/1080/1080
f 1080/1080/1080 1081/1081/1081 1079/1079/1079
f 1082/1082/1082 1083/1083/1083 1084/1084/1084
f 1084/1084/1084 1085/1085/1085 1082/1082/1082
f 1086/1086/1086 1082/1082/1082 1085/1085/1085
f 1085/1085/1085 1087/1087/1087 1086/1086/1086
f 1087/1087/1087 1088/1088/1088 1086/1086/1086
f 1089/1089/1089 1090/1090/1090 1091/1091/1091
f 1091/1091/1091 1092/1092/1092 1089/1089/1089
f 1093/1093/1093 1094/1094/1094 1095/1095/1095
f 1095/1095/1095 1096/1096/1096 1093/1093/1093
f 1097/1097/1097 1098/1098/1098 1099/1099/1099
f 1099/1099/1099 1100/1100/1100 1097/1097/1097
f 1101/1101/1101 1097/1097/1097 1100/1100/1100
f 1100/1100/1100 1102/1102/1102 1101/1101/1101
f 1102/1102/1102 1103/1103/1103 1101/1101/1101
f 1104/1104/1104 1105/1105/1105 1106/1106/1106
f 1106/1106/1106 1107/1107/1107 1104/1104/1104
f 1108/1108/1108 1109/1109/1109 1110/1110/1110
f 1109/1109/1109 1108/1108/1108 1111/1111/1111
f 1112/1112/1112 1113/1113/1113 1114/1114/1114
f 1113/1113/1113 1112/1112/1112 1115/1115/1115
f 1116/1116/1116 1117/1117/1117 1118/1118/1118
f 1117/1117/1117 1116/1116/1116 1119/1119/1119
f 1120/1120/1120 1121/1121/1121 1122/1122/1122
f 1121/1121/1121 1120/1120/1120 1123/1123/1123
f 1124/1124/1124 1125/1125/1125 1126/1126/1126
f 1125/1125/1125 1124/1124/1124 1127/1127/1127
f 1128/1128/1128 1129/1129/1129 1130/1130/1130
f 1129/1129/1129 1128/1128/1128 1131/1131/1131
f 1132/1132/1132 1133/1133/1133 1134/1134/1134
f 1134/1134/1134 1135/1135/1135 1132/1132/1132
f 1136/1136/1136 1137/1137/1137 1138/1138/1138
f 1138/1138/1138 1139/1139/1139 1136/1136/1136
f 1140/1140/1140 1141/1141/1141 1142/1142/1142
f 1142/1142/1142 1143/1143/1143 1140/1140/1140
f 1144/1144/1144 1145/1145/1145 1146/1146/1146
f 1146/1146/1146 1147/1147/1147 1144/1144/1144
f 1148/1148/1148 1149/1149/1149 1150/1150/1150
f 1150/1150/1150 1151/1151/1151 1148/1148/1148
f 1152/1152/1152 1153/1153/1153 1154/1154/1154
f 1154/1154/1154 1155/1155/1155 1152/1152/1152
f 1155/1155/1155 1154/1154/1154 1156/1156/1156
f 1156/1156/1156 1157/1157/1157 1155/1155/1155
f 1157/1157/1157 1156/1156/1156 1158/1158/1158
f 1158/1158/1158 1159/1159/1159 1157/1157/1157
f 1160/1160/1160 1161/1161/1161 1162/1162/1162
f 1162/1162/1162 1163/1163/1163 1160/1160/1160
f 1164/1164/1164 1165/1165/1165 1166/1166/1166
f 1166/1166/1166 1167/1167/1167 1164/1164/1164
f 1167/1167/1167 1166/1166/1166 1168/1168/1168
f 1168/1168/1168 1169/1169/1169 1167/1167/1167
f 1169/1169/1169 1168/1168/1168 1170/1170/1170
f 1170/1170/1170 1171/1171/1171 1169/1169/1169
f 1172/1172/1172 1173/1173/1173 1174/1174/1174
f 1173/1173/1173 1172/1172/1172 1175/1175/1175
f 1176/1176/1176 1177/1177/1177 1178/1178/1178
f 1178/1178/1178 1179/1179/1179 1176/1176/1176
f 1179/1179/1179 1178/1178/1178 1180/1180/1180
f 1181/1181/1181 1176/1176/1176 1182/1182/1182
f 1183/1183/1183 1184/1184/1184 1185/1185/1185
f 1185/1185/1185 1186/1186/1186 1183/1183/1183
f 1186/1186/1186 1185/1185/1185 1187/1187/1187
f 1187/1187/1187 1188/1188/1188 1186/1186/1186
f 1188/1188/1188 1187/1187/1187 1189/1189/1189
f 1189/1189/1189 1190/1190/1190 1188/1188/1188
f 1191/1191/1191 1190/1190/1190 1189/1189/1189
f 1189/1189/1189 1192/1192/1192 1191/1191/1191
f 1192/1192/1192 1189/1189/1189 1193/1193/1193
f 1193/1193/1193 1180/1180/1180 1192/1192/1192
f 1180/1180/1180 1193/1193/1193 1182/1182/1182
f 1194/1194/1194 1182/1182/1182 1193/1193/1193
f 1182/1182/1182 1194/1194/1194 1181/1181/1181
f 1195/1195/1195 1181/1181/1181 1194/1194/1194
f 1194/1194/1194 1196/1196/1196 1195/1195/1195
f 1197/1197/1197 1195/1195/1195 1196/1196/1196
f 1196/1196/1196 1198/1198/1198 1197/1197/1197
f 1198/1198/1198 1196/1196/1196 1199/1199/1199
f 1199/1199/1199 1200/1200/1200 1198/1198/1198
f 1200/1200/1200 1199/1199/1199 1185/1185/1185
f 1185/1185/1185 1184/1184/1184 1200/1200/1200
f 1201/1201/1201 1199/1199/1199 1196/1196/1196
f 1196/1196/1196 1194/1194/1194 1201/1201/1201
f 1193/1193/1193 1201/1201/1201 1194/1194/1194
f 1201/1201/1201 1193/1193/1193 1189/1189/1189
f 1189/1189/1189 1187/1187/1187 1201/1201/1201
f 1199/1199/1199 1201/1201/1201 1187/1187/1187
f 1187/1187/1187 1185/1185/1185 1199/1199/1199
f 1202/1202/1202 1203/1203/1203 1204/1204/1204
f 1205/1205/1205 1206/1206/1206 1207/1207/1207
f 1206/1206/1206 1205/1205/1205 1208/1208/1208
f 1209/1209/1209 1210/1210/1210 1211/1211/1211
f 1210/1210/1210 1209/1209/1209 1212/1212/1212
f 1213/1213/1213 1214/1214/1214 1215/1215/1215
f 1214/1214/1214 1213/1213/1213 1216/1216/1216
f 1217/1217/1217 1218/1218/1218 1219/1219/1219
f 1218/1218/1218 1217/1217/1217 1220/1220/1220
f 1221/1221/1221 1222/1222/1222 1223/1223/1223
f 1223/1223/1223 1224/1224/1224 1221/1221/1221
f 1225/1225/1225 1226/1226/1226 1227/1227/1227
f 1227/1227/1227 1228/1228/1228 1225/1225/1225
f 1228/1228/1228 1227/1227/1227 1222/1222/1222
f 1222/1222/1222 1221/1221/1221 1228/1228/1228
f 1229/1229/1229 1228/1228/1228 1221/1221/1221
f 1221/1221/1221 1230/1230/1230 1229/1229/1229
f 1230/1230/1230 1221/1221/1221 1224/1224/1224
f 1224/1224/1224 1231/1231/1231 1230/1230/1230
f 1232/1232/1232 1225/1225/1225 1228/1228/1228
f 1228/1228/1228 1229/1229/1229 1232/1232/1232
f 1233/1233/1233 1232/1232/1232 1229/1229/1229
f 1229/1229/1229 1234/1234/1234 1233/1233/1233
f 1234/1234/1234 1229/1229/1229 1230/1230/1230
f 1230/1230/1230 1235/1235/1235 1234/1234/1234
f 1235/1235/1235 1230/1230/1230 1231/1231/1231
f 1231/1231/1231 1236/1236/1236 1235/1235/1235
f 1237/1237/1237 1236/1236/1236 1231/1231/1231
f 1231/1231/1231 1238/1238/1238 1237/1237/1237
f 1238/1238/1238 1231/1231/1231 1224/1224/1224
f 1224/1224/1224 1239/1239/1239 1238/1238/1238
f 1239/1239/1239 1224/1224/1224 1223/1223/1223
f 1223/1223/1223 1240/1240/1240 1239/1239/1239
f 1241/1241/1241 1240/1240/1240 1223/1223/1223
f 1223/1223/1223 1242/1242/1242 1241/1241/1241
f 1242/1242/1242 1223/1223/1223 1222/1222/1222
f 1222/1222/1222 1243/1243/1243 1242/1242/1242
f 1243/1243/1243 1222/1222/1222 1227/1227/1227
f 1227/1227/1227 1244/1244/1244 1243/1243/1243
f 1244/1244/1244 1227/1227/1227 1226/1226/1226
f 1226/1226/1226 1245/1245/1245 1244/1244/1244
f 1246/1246/1246 1247/1247/1247 1248/1248/1248
f 1249/1249/1249 1250/1250/1250 1251/1251/1251
f 1250/1250/1250 1249/1249/1249 1252/1252/1252
f 1253/1253/1253 1249/1249/1249 1254/1254/1254
f 1249/1249/1249 1253/1253/1253 1255/1255/1255
f 1256/1256/1256 1253/1253/1253 1257/1257/1257
f 1253/1253/1253 1256/1256/1256 1258/1258/1258
f 1259/1259/1259 1260/1260/1260 1257/1257/1257
f 1261/1261/1261 1262/1262/1262 1252/1252/1252
f 1263/1263/1263 1264/1264/1264 1254/1254/1254
f 1265/1265/1265 1266/1266/1266 1255/1255/1255
f 1267/1267/1267 1268/1268/1268 1269/1269/1269
f 1268/1268/1268 1267/1267/1267 1270/1270/1270
f 1271/1271/1271 1272/1272/1272 1273/1273/1273
f 1272/1272/1272 1271/1271/1271 1274/1274/1274
f 1275/1275/1275 1276/1276/1276 1277/1277/1277
f 1276/1276/1276 1275/1275/1275 1278/1278/1278
f 1279/1279/1279 1280/1280/1280 1281/1281/1281
f 1280/1280/1280 1279/1279/1279 1282/1282/1282
f 1283/1283/1283 1279/1279/1279 1284/1284/1284
f 1279/1279/1279 1283/1283/1283 1285/1285/1285
f 1286/1286/1286 1283/1283/1283 1287/1287/1287
f 1283/1283/1283 1286/1286/1286 1288/1288/1288
f 1289/1289/1289 1290/1290/1290 1287/1287/1287
f 1291/1291/1291 1292/1292/1292 1282/1282/1282
f 1293/1293/1293 1294/1294/1294 1284/1284/1284
f 1295/1295/1295 1296/1296/1296 1285/1285/1285
f 1297/1297/1297 1298/1298/1298 1299/1299/1299
f 1298/1298/1298 1297/1297/1297 1300/1300/1300
f 1301/1301/1301 1302/1302/1302 1303/1303/1303
f 1302/1302/1302 1301/1301/1301 1304/1304/1304
f 1305/1305/1305 1306/1306/1306 1307/1307/1307
f 1307/1307/1307 1308/1308/1308 1305/1305/1305
f 1309/1309/1309 1310/1310/1310 1311/1311/1311
f 1311/1311/1311 1312/1312/1312 1309/1309/1309
f 1312/1312/1312 1311/1311/1311 1313/1313/1313
f 1313/1313/1313 1314/1314/1314 1312/1312/1312
f 1315/1315/1315 1316/1316/1316 1317/1317/1317
f 1317/1317/1317 1310/1310/1310 1315/1315/1315
f 1310/1310/1310 1317/1317/1317 1318/1318/1318
f 1318/1318/1318 1311/1311/1311 1310/1310/1310
f 1311/1311/1311 1318/1318/1318 1319/1319/1319
f 1319/1319/1319 1313/1313/1313 1311/1311/1311
f 1320/1320/1320 1313/1313/1313 1319/1319/1319
f 1313/1313/1313 1320/1320/1320 1321/1321/1321
f 1321/1321/1321 1314/1314/1314 1313/1313/1313
f 1314/1314/1314 1321/1321/1321 1322/1322/1322
f 1322/1322/1322 1323/1323/1323 1314/1314/1314
f 1314/1314/1314 1323/1323/1323 1324/1324/1324
f 1324/1324/1324 1312/1312/1312 1314/1314/1314
f 1312/1312/1312 1324/1324/1324 1325/1325/1325
f 1325/1325/1325 1309/1309/1309 1312/1312/1312
f 1309/1309/1309 1325/1325/1325 1326/1326/1326
f 1326/1326/1326 1327/1327/1327 1309/1309/1309
f 1310/1310/1310 1309/1309/1309 1327/1327/1327
f 1327/1327/1327 1315/1315/1315 1310/1310/1310
f 1319/1319/1319 1328/1328/1328 1320/1320/1320
f 1329/1329/1329 1330/1330/1330 1331/1331/1331
f 1331/1331/1331 1332/1332/1332 1329/1329/1329
f 1333/1333/1333 1329/1329/1329 1332/1332/1332
f 1332/1332/1332 1334/1334/1334 1333/1333/1333
f 1335/1335/1335 1333/1333/1333 1334/1334/1334
f 1334/1334/1334 1336/1336/1336 1335/1335/1335
f 1337/1337/1337 1338/1338/1338 1339/1339/1339
f 1340/1340/1340 1341/1341/1341 1342/1342/1342
f 1341/1341/1341 1340/1340/1340 1343/1343/1343
f 1344/1344/1344 1343/1343/1343 1340/1340/1340
f 1340/1340/1340 1345/1345/1345 1344/1344/1344
f 1345/1345/1345 1340/1340/1340 1346/1346/1346
f 1346/1346/1346 1347/1347/1347 1345/1345/1345
f 1342/1342/1342 1346/1346/1346 1340/1340/1340
f 1343/1343/1343 1348/1348/1348 1341/1341/1341
f 1349/1349/1349 1348/1348/1348 1343/1343/1343
f 1348/1348/1348 1349/1349/1349 1350/1350/1350
f 1350/1350/1350 1351/1351/1351 1348/1348/1348
f 1348/1348/1348 1351/1351/1351 1352/1352/1352
f 1352/1352/1352 1341/1341/1341 1348/1348/1348
f 1341/1341/1341 1352/1352/1352 1353/1353/1353
f 1353/1353/1353 1342/1342/1342 1341/1341/1341
f 1354/1354/1354 1342/1342/1342 1353/1353/1353
f 1342/1342/1342 1354/1354/1354 1355/1355/1355
f 1355/1355/1355 1346/1346/1346 1342/1342/1342
f 1346/1346/1346 1355/1355/1355 1356/1356/1356
f 1356/1356/1356 1347/1347/1347 1346/1346/1346
f 1347/1347/1347 1356/1356/1356 1357/1357/1357
f 1357/1357/1357 1358/1358/1358 1347/1347/1347
f 1347/1347/1347 1358/1358/1358 1359/1359/1359
f 1359/1359/1359 1345/1345/1345 1347/1347/1347
f 1345/1345/1345 1359/1359/1359 1360/1360/1360
f 1360/1360/1360 1344/1344/1344 1345/1345/1345
f 1353/1353/1353 1361/1361/1361 1354/1354/1354
f 1344/1344/1344 1360/1360/1360 1362/1362/1362
f 1362/1362/1362 1363/1363/1363 1344/1344/1344
f 1344/1344/1344 1363/1363/1363 1364/1364/1364
f 1364/1364/1364 1343/1343/1343 1344/1344/1344
f 1343/1343/1343 1364/1364/1364 1349/1349/1349
f 1365/1365/1365 1366/1366/1366 1367/1367/1367
f 1368/1368/1368 1367/1367/1367 1366/1366/1366
f 1369/1369/1369 1370/1370/1370 1371/1371/1371
f 1372/1372/1372 1373/1373/1373 1374/1374/1374
f 1374/1374/1374 1375/1375/1375 1372/1372/1372
f 1376/1376/1376 1372/1372/1372 1375/1375/1375
f 1375/1375/1375 1377/1377/1377 1376/1376/1376
f 1378/1378/1378 1376/1376/1376 1377/1377/1377
f 1377/1377/1377 1379/1379/1379 1378/1378/1378
f 1380/1380/1380 1381/1381/1381 1382/1382/1382
f 1383/1383/1383 1384/1384/1384 1385/1385/1385
f 1385/1385/1385 1386/1386/1386 1383/1383/1383
f 1386/1386/1386 1385/1385/1385 1387/1387/1387
f 1387/1387/1387 1388/1388/1388 1386/1386/1386
f 1386/1386/1386 1388/1388/1388 1389/1389/1389
f 1389/1389/1389 1390/1390/1390 1386/1386/1386
f 1390/1390/1390 1389/1389/1389 1380/1380/1380
f 1380/1380/1380 1391/1391/1391 1390/1390/1390
f 1382/1382/1382 1391/1391/1391 1380/1380/1380
f 1391/1391/1391 1382/1382/1382 1392/1392/1392
f 1392/1392/1392 1393/1393/1393 1391/1391/1391
f 1393/1393/1393 1392/1392/1392 1394/1394/1394
f 1394/1394/1394 1395/1395/1395 1393/1393/1393
f 1395/1395/1395 1394/1394/1394 1396/1396/1396
f 1396/1396/1396 1397/1397/1397 1395/1395/1395
f 1395/1395/1395 1397/1397/1397 1398/1398/1398
f 1398/1398/1398 1399/1399/1399 1395/1395/1395
f 1399/1399/1399 1398/1398/1398 1400/1400/1400
f 1383/1383/1383 1386/1386/1386 1390/1390/1390
f 1400/1400/1400 1401/1401/1401 1399/1399/1399
f 1401/1401/1401 1400/1400/1400 1402/1402/1402
f 1402/1402/1402 1403/1403/1403 1401/1401/1401
f 1401/1401/1401 1403/1403/1403 1384/1384/1384
f 1384/1384/1384 1383/1383/1383 1401/1401/1401
f 1401/1401/1401 1383/1383/1383 1404/1404/1404
f 1390/1390/1390 1404/1404/1404 1383/1383/1383
f 1404/1404/1404 1390/1390/1390 1391/1391/1391
f 1391/1391/1391 1393/1393/1393 1404/1404/1404
f 1399/1399/1399 1404/1404/1404 1393/1393/1393
f 1393/1393/1393 1395/1395/1395 1399/1399/1399
f 1404/1404/1404 1399/1399/1399 1401/1401/1401
f 1405/1405/1405 1406/1406/1406 1407/1407/1407
f 1408/1408/1408 1409/1409/1409 1410/1410/1410
f 1410/1410/1410 1411/1411/1411 1408/1408/1408
f 1412/1412/1412 1408/1408/1408 1411/1411/1411
f 1411/1411/1411 1413/1413/1413 1412/1412/1412
f 1414/1414/1414 1412/1412/1412 1413/1413/1413
f 1413/1413/1413 1415/1415/1415 1414/1414/1414
f 1416/1416/1416 1417/1417/1417 1418/1418/1418
f 1419/1419/1419 1420/1420/1420 1421/1421/1421
f 1421/1421/1421 1422/1422/1422 1419/1419/1419
f 1423/1423/1423 1419/1419/1419 1422/1422/1422
f 1422/1422/1422 1424/1424/1424 1423/1423/1423
f 1425/1425/1425 1423/1423/1423 1424/1424/1424
f 1424/1424/1424 1426/1426/1426 1425/1425/1425
f 1427/1427/1427 1428/1428/1428 1429/1429/1429
f 1430/1430/1430 1431/1431/1431 1432/1432/1432
f 1431/1431/1431 1430/1430/1430 1433/1433/1433
f 1434/1434/1434 1433/1433/1433 1430/1430/1430
f 1430/1430/1430 1435/1435/1435 1434/1434/1434
f 1435/1435/1435 1430/1430/1430 1436/1436/1436
f 1432/1432/1432 1436/1436/1436 1430/1430/1430
f 1437/1437/1437 1436/1436/1436 1432/1432/1432
f 1432/1432/1432 1438/1438/1438 1437/1437/1437
f 1433/1433/1433 1439/1439/1439 1431/1431/1431
f 1436/1436/1436 1437/1437/1437 1440/1440/1440
f 1440/1440/1440 1441/1441/1441 1436/1436/1436
f 1436/1436/1436 1441/1441/1441 1435/1435/1435
f 1442/1442/1442 1435/1435/1435 1441/1441/1441
f 1435/1435/1435 1442/1442/1442 1443/1443/1443
f 1443/1443/1443 1434/1434/1434 1435/1435/1435
f 1434/1434/1434 1443/1443/1443 1444/1444/1444
f 1444/1444/1444 1445/1445/1445 1434/1434/1434
f 1433/1433/1433 1434/1434/1434 1445/1445/1445
f 1445/1445/1445 1446/1446/1446 1433/1433/1433
f 1439/1439/1439 1433/1433/1433 1446/1446/1446
f 1446/1446/1446 1447/1447/1447 1439/1439/1439
f 1441/1441/1441 1440/1440/1440 1448/1448/1448
f 1448/1448/1448 1449/1449/1449 1441/1441/1441
f 1441/1441/1441 1449/1449/1449 1442/1442/1442
f 1450/1450/1450 1451/1451/1451 1452/1452/1452
f 1452/1452/1452 1453/1453/1453 1450/1450/1450
f 1454/1454/1454 1450/1450/1450 1453/1453/1453
f 1453/1453/1453 1455/1455/1455 1454/1454/1454
f 1456/1456/1456 1454/1454/1454 1455/1455/1455
f 1455/1455/1455 1457/1457/1457 1456/1456/1456
f 1458/1458/1458 1459/1459/1459 1460/1460/1460
f 1461/1461/1461 1462/1462/1462 1463/1463/1463
f 1463/1463/1463 1464/1464/1464 1461/1461/1461
f 1465/1465/1465 1461/1461/1461 1464/1464/1464
f 1464/1464/1464 1466/1466/1466 1465/1465/1465
f 1467/1467/1467 1465/1465/1465 1466/1466/1466
f 1466/1466/1466 1468/1468/1468 1467/1467/1467
f 1469/1469/1469 1470/1470/1470 1471/1471/1471
f 1472/1472/1472 1473/1473/1473 1474/1474/1474
f 1474/1474/1474 1475/1475/1475 1472/1472/1472
f 1476/1476/1476 1472/1472/1472 1475/1475/1475
f 1475/1475/1475 1477/1477/1477 1476/1476/1476
f 1478/1478/1478 1476/1476/1476 1477/1477/1477
f 1477/1477/1477 1479/1479/1479 1478/1478/1478
f 1480/1480/1480 1481/1481/1481 1482/1482/1482
f 1482/1482/1482 1483/1483/1483 1480/1480/1480
f 1484/1484/1484 1480/1480/1480 1483/1483/1483
f 1483/1483/1483 1485/1485/1485 1484/1484/1484
f 1486/1486/1486 1484/1484/1484 1485/1485/1485
f 1485/1485/1485 1487/1487/1487 1486/1486/1486
f 1488/1488/1488 1489/1489/1489 1490/1490/1490
f 1491/1491/1491 1490/1490/1490 1489/1489/1489
f 1492/1492/1492 1493/1493/1493 1494/1494/1494
f 1495/1495/1495 1494/1494/1494 1493/1493/1493
f 1496/1496/1496 1497/1497/1497 1498/1498/1498
f 1499/1499/1499 1500/1500/1500 1501/1501/1501
f 1502/1502/1502 1503/1503/1503 1504/1504/1504
f 1505/1505/1505 1504/1504/1504 1503/1503/1503
f 1506/1506/1506 1507/1507/1507 1508/1508/1508
f 1509/1509/1509 1508/1508/1508 1507/1507/1507
f 1510/1510/1510 1511/1511/1511 1512/1512/1512
f 1512/1512/1512 1513/1513/1513 1514/1514/1514
f 1515/1515/1515 1516/1516/1516 1517/1517/1517
f 1518/1518/1518 1517/1517/1517 1516/1516/1516
f 1519/1519/1519 1520/1520/1520 1521/1521/1521
f 1522/1522/1522 1521/1521/1521 1520/1520/1520
f 1523/1523/1523 1524/1524/1524 1525/1525/1525
f 1526/1526/1526 1527/1527/1527 1528/1528/1528
f 1529/1529/1529 1530/1530/1530 1531/1531/1531
f 1532/1532/1532 1533/1533/1533 1534/1534/1534
f 1535/1535/1535 1536/1536/1536 1537/1537/1537
f 1538/1538/1538 1537/1537/1537 1536/1536/1536
f 1539/1539/1539 1540/1540/1540 1541/1541/1541
f 1542/1542/1542 1543/1543/1543 1544/1544/1544
f 1545/1545/1545 1546/1546/1546 1547/1547/1547
f 1548/1548/1548 1549/1549/1549 1550/1550/1550
f 1551/1551/1551 1552/1552/1552 1553/1553/1553
f 1554/1554/1554 1555/1555/1555 1556/1556/1556
f 1557/1557/1557 1558/1558/1558 1559/1559/1559
f 1560/1560/1560 1561/1561/1561 1562/1562/1562
f 1563/1563/1563 1564/1564/1564 1565/1565/1565
f 1566/1566/1566 1567/1567/1567 1568/1568/1568
f 1569/1569/1569 1570/1570/1570 1571/1571/1571
f 1572/1572/1572 1573/1573/1573 1574/1574/1574
f 1575/1575/1575 1576/1576/1576 1577/1577/1577
f 1578/1578/1578 1579/1579/1579 1580/1580/1580
f 1581/1581/1581 1582/1582/1582 1583/1583/1583
f 1584/1584/1584 1585/1585/1585 1586/1586/1586
f 1587/1587/1587 1588/1588/1588 1589/1589/1589
f 1590/1590/1590 1591/1591/1591 1592/1592/1592
f 1593/1593/1593 1594/1594/1594 1595/1595/1595
f 1596/1596/1596 1597/1597/1597 1598/1598/1598
f 1599/1599/1599 1600/1600/1600 1601/1601/1601
f 1602/1602/1602 1603/1603/1603 1604/1604/1604
f 1604/1604/1604 1605/1605/1605 1606/1606/1606
f 1607/1607/1607 1608/1608/1608 1609/1609/1609
f 1610/1610/1610 1611/1611/1611 1612/1612/1612
f 1613/1613/1613 1614/1614/1614 1615/1615/1615
f 1616/1616/1616 1617/1617/1617 1618/1618/1618
f 1619/1619/1619 1620/1620/1620 1621/1621/1621
f 1622/1622/1622 1623/1623/1623 1624/1624/1624
f 1625/1625/1625 1626/1626/1626 1627/1627/1627
f 1628/1628/1628 1629/1629/1629 1630/1630/1630
f 1631/1631/1631 1632/1632/1632 1633/1633/1633
f 1634/1634/1634 1635/1635/1635 1636/1636/1636
f 1637/1637/1637 1638/1638/1638 1639/1639/1639
f 1640/1640/1640 1641/1641/1641 1642/1642/1642
f 1643/1643/1643 1644/1644/1644 1640/1640/1640
f 1645/1645/1645 1646/1646/1646 1647/1647/1647
f 1648/1648/1648 1649/1649/1649 1645/1645/1645
f 1650/1650/1650 1651/1651/1651 1652/1652/1652
f 1653/1653/1653 1654/1654/1654 1650/1650/1650
