# Converted from HGS (Mercury 3D Engine)
# Model: Hund
o Hund

# Submesh 0: 784 vertices
v 0.020385 0.940525 1.022106
vn 0.364807 0.036174 0.930380
vt 0.281870 0.773093
v 0.000005 0.971912 1.022404
vn -0.000012 0.401422 0.915893
vt 0.295198 0.782989
v 0.000006 0.953075 1.027115
vn 0.000004 0.052424 0.998625
vt 0.286541 0.782857
v 0.000007 0.917805 1.015720
vn 0.000015 -0.281112 0.959675
vt 0.271511 0.781501
v 0.000009 0.828281 0.990829
vn 0.000011 -0.394181 0.919033
vt 0.233093 0.777299
v 0.082278 0.830826 0.991814
vn 0.327075 -0.388723 0.861346
vt 0.249859 0.748972
v 0.085675 0.912407 0.991539
vn 0.633766 0.233682 0.737383
vt 0.271098 0.751307
v 0.000011 0.708055 0.830166
vn 0.000020 -0.846046 -0.533110
vt 0.213713 0.700257
v 0.072084 0.698887 0.873325
vn 0.270273 -0.912931 0.305793
vt 0.235582 0.728450
v 0.000012 0.696697 0.847176
vn 0.000025 -0.990413 -0.138136
vt 0.207696 0.707637
v 0.000012 0.721461 0.926920
vn 0.000019 -0.752749 0.658308
vt 0.204752 0.744873
v 0.126043 0.911980 0.720507
vn 0.608211 -0.556768 -0.565764
vt 0.283909 0.674946
v 0.000005 0.877548 0.688593
vn 0.000019 -0.717705 -0.696347
vt 0.270181 0.648790
v 0.000004 0.895302 0.604843
vn 0.000036 -0.978749 0.205061
vt 0.277379 0.634068
v 0.061884 0.762974 0.765627
vn 0.248414 -0.592543 -0.766278
vt 0.260096 0.680193
v 0.000010 0.727280 0.797785
vn 0.000019 -0.737505 -0.675342
vt 0.224242 0.686538
v 0.165557 0.746685 0.839909
vn 0.741946 -0.598833 -0.301521
vt 0.262043 0.710496
v 0.151352 0.748144 0.894947
vn 0.565145 -0.658224 0.497344
vt 0.253945 0.730995
v 0.182635 0.805727 0.904461
vn 0.899652 -0.111527 0.422124
vt 0.268292 0.736058
v 0.166177 0.914165 0.893841
vn 0.797177 0.307538 0.519546
vt 0.284378 0.747105
v 0.064929 0.981094 0.994156
vn 0.636833 0.458712 0.619700
vt 0.312208 0.747597
v 0.000003 1.028564 0.985603
vn -0.000010 0.571230 0.820790
vt 0.324691 0.778216
v 0.007491 1.046680 0.971268
vn 0.202628 0.659503 0.723877
vt 0.332400 0.770980
v 0.013687 1.132748 0.868660
vn 0.318056 0.745724 0.585437
vt 0.357168 0.749129
v 0.015913 1.163681 0.824070
vn 0.430506 0.213489 0.876976
vt 0.389012 0.740381
v 0.157979 1.062119 0.730770
vn 0.853387 0.230688 0.467455
vt 0.346957 0.712037
v 0.104082 1.121017 0.759174
vn 0.625659 -0.109548 0.772367
vt 0.378948 0.712345
v 0.017061 1.179615 0.830246
vn 0.143776 -0.281839 0.948628
vt 0.421061 0.744545
v 0.166173 0.951580 0.847878
vn 0.944588 0.276741 0.176544
vt 0.288428 0.727472
v 0.181117 0.824135 0.813911
vn 0.974689 -0.059145 -0.215599
vt 0.292383 0.705605
v 0.159544 0.976101 0.799902
vn 0.951081 0.285170 0.118837
vt 0.311253 0.717972
v 0.158052 0.972305 0.747116
vn 0.994651 -0.078952 -0.066599
vt 0.316278 0.697142
v 0.051025 1.396263 0.541866
vn -0.250048 0.871252 -0.422370
vt 0.515847 0.675820
v 0.110576 1.393974 0.537210
vn 0.387100 0.666441 -0.637189
vt 0.492421 0.641298
v -0.000012 1.376122 0.511351
vn -0.000032 0.738687 -0.674049
vt 0.538664 0.634281
v -0.000012 1.382271 0.520947
vn -0.000035 0.976052 -0.217536
vt 0.554145 0.667725
v 0.010334 1.370628 0.620544
vn -0.541933 0.825312 0.158645
vt 0.511683 0.707719
v -0.000010 1.370533 0.618958
vn -0.000028 0.998464 0.055399
vt 0.541619 0.726489
v -0.000010 1.373116 0.683516
vn -0.000019 0.943152 0.332363
vt 0.509389 0.747566
v 0.066397 1.369198 0.683668
vn 0.236858 0.728053 0.643301
vt 0.469223 0.707449
v 0.021081 1.235405 0.844181
vn 0.104224 0.302951 0.947290
vt 0.447948 0.729055
v 0.128153 1.242229 0.802988
vn 0.545265 0.242193 0.802514
vt 0.435278 0.714613
v 0.138196 1.201210 0.790489
vn 0.724602 -0.202414 0.658773
vt 0.405698 0.703268
v 0.186312 1.116554 0.677132
vn 0.848033 -0.040731 0.528376
vt 0.374147 0.693687
v 0.196461 1.074203 0.654436
vn 0.946264 -0.199713 0.254361
vt 0.346885 0.675151
v 0.143469 0.973816 0.603121
vn 0.715074 -0.673109 0.188663
vt 0.308991 0.648337
v -0.000004 1.236115 0.839344
vn 0.000189 0.214120 0.976807
vt 0.466183 0.749617
v 0.076590 1.489323 0.658499
vn -0.132321 0.740174 0.659268
vt 0.487826 0.686986
v 0.000005 0.659885 0.533473
vn -0.000000 0.080951 0.996718
vt 0.203408 0.600598
v 0.122173 0.665642 0.524384
vn 0.229976 0.095450 0.968504
vt 0.210781 0.577684
v 0.113264 0.726681 0.523277
vn 0.252450 0.108390 0.961520
vt 0.239154 0.595680
v -0.000002 0.730471 0.524487
vn -0.000005 0.061274 0.998121
vt 0.226255 0.618049
v 0.116261 0.790627 0.508049
vn 0.436729 0.089929 0.895087
vt 0.266660 0.603226
v -0.000005 0.784407 0.534277
vn -0.000006 -0.139298 0.990251
vt 0.241712 0.625905
v 0.000002 0.865192 0.549139
vn 0.000020 -0.644081 0.764957
vt 0.259432 0.627391
v 0.064566 0.858521 0.550110
vn 0.490466 -0.527026 0.694037
vt 0.294128 0.623466
v 0.165596 0.955448 0.501015
vn 0.907713 -0.346197 0.237077
vt 0.342690 0.634065
v 0.208246 1.128464 0.623735
vn 0.988088 -0.013835 0.153265
vt 0.392254 0.665622
v 0.165909 1.257282 0.734280
vn 0.826607 0.368370 0.425469
vt 0.432431 0.688756
v 0.100804 1.415688 0.621620
vn 0.740017 0.193096 0.644274
vt 0.460009 0.677476
v 0.190429 1.004711 0.454927
vn 0.999792 -0.020290 -0.002239
vt 0.384376 0.628168
v 0.185801 1.199619 0.525143
vn 0.951477 0.207264 -0.227450
vt 0.419783 0.637810
v 0.179561 1.274632 0.613621
vn 0.945275 0.306860 0.110869
vt 0.432100 0.664124
v 0.154321 1.369267 0.567598
vn 0.935991 0.344189 -0.073851
vt 0.456018 0.650976
v 0.107271 1.471985 0.636253
vn 0.710338 0.703303 -0.028009
vt 0.482406 0.666505
v 0.141735 1.186363 0.421516
vn 0.760807 0.397410 -0.513066
vt 0.449304 0.618583
v 0.166252 1.059177 0.346088
vn 0.833306 0.402305 -0.379147
vt 0.404609 0.599366
v 0.206294 0.939045 0.315442
vn 0.979110 0.192653 0.065022
vt 0.362533 0.603980
v 0.199914 0.895206 0.389714
vn 0.879176 0.159342 0.449064
vt 0.309655 0.593720
v 0.174526 0.733894 0.492357
vn 0.561291 0.223265 0.796935
vt 0.248642 0.577357
v 0.198682 0.676297 0.491208
vn 0.595414 0.177120 0.783653
vt 0.220077 0.556165
v 0.218166 0.629839 0.490280
vn 0.586732 0.138880 0.797783
vt 0.187823 0.540889
v 0.235800 0.747314 0.422403
vn 0.816720 0.279427 0.504865
vt 0.268663 0.554352
v 0.056484 1.071751 0.227144
vn 0.469467 0.647449 -0.600342
vt 0.442171 0.577393
v 0.110669 1.264393 0.436531
vn 0.454264 0.606332 -0.652691
vt 0.480815 0.604656
v 0.087711 0.963917 -0.368756
vn 0.283197 0.958877 -0.018824
vt 0.401721 0.379229
v 0.132041 0.934504 -0.450977
vn 0.530983 0.847380 -0.001795
vt 0.394795 0.348161
v 0.073192 0.971485 -0.455427
vn 0.277505 0.959878 0.040308
vt 0.410550 0.343036
v 0.144789 0.926735 -0.372916
vn 0.541544 0.839195 -0.049822
vt 0.387095 0.384242
v 0.111053 0.974380 -0.155538
vn 0.294462 0.955101 -0.032775
vt 0.397906 0.425067
v 0.176415 0.931374 -0.154053
vn 0.546404 0.836909 -0.032028
vt 0.383457 0.425937
v 0.100082 0.972923 0.060212
vn 0.311148 0.935561 -0.167072
vt 0.404748 0.478056
v 0.171753 0.926636 0.048967
vn 0.569460 0.819363 -0.066031
vt 0.385663 0.471984
v 0.084016 1.011383 0.135581
vn 0.331798 0.869916 -0.364905
vt 0.419660 0.526905
v 0.174685 0.947403 0.145014
vn 0.610144 0.771503 -0.180297
vt 0.392935 0.518833
v 0.110051 1.016296 0.249589
vn 0.637306 0.656940 -0.402829
vt 0.402777 0.565047
v 0.185278 0.974167 0.271253
vn 0.837083 0.520695 -0.167835
vt 0.371369 0.564605
v 0.223853 0.893884 0.294634
vn 0.923130 0.363466 0.125391
vt 0.323282 0.543242
v 0.262428 0.813601 0.318016
vn 0.954381 0.250966 0.161781
vt 0.283278 0.517593
v 0.250112 0.698225 0.416320
vn 0.875938 0.199455 0.439261
vt 0.233068 0.528736
v 0.300254 0.578865 0.024466
vn 0.966522 -0.185361 0.177418
vt 0.249025 0.411470
v 0.300253 0.657059 0.023590
vn 0.985982 0.007188 0.166694
vt 0.276033 0.426266
v 0.277834 0.668519 0.168556
vn 0.996806 0.055432 0.057497
vt 0.262633 0.459966
v 0.300253 0.754000 0.022505
vn 0.965290 0.217472 0.144638
vt 0.304582 0.441165
v 0.276249 0.758556 0.163550
vn 0.974979 0.210942 0.070132
vt 0.294835 0.478943
v 0.257178 0.822096 0.159054
vn 0.929047 0.365529 0.057103
vt 0.328839 0.497052
v 0.238107 0.885635 0.154557
vn 0.804894 0.591548 -0.047072
vt 0.363658 0.511399
v 0.240874 0.881977 0.038573
vn 0.771051 0.636707 0.009160
vt 0.361515 0.465116
v 0.239441 0.889900 -0.152622
vn 0.706666 0.706751 -0.033549
vt 0.363190 0.422468
v 0.199827 0.890884 -0.379084
vn 0.668677 0.740694 -0.065144
vt 0.368417 0.383648
v 0.188784 0.898957 -0.447656
vn 0.656327 0.754042 -0.025613
vt 0.376498 0.349103
v 0.117109 0.943604 -0.542410
vn 0.532365 0.846218 0.022429
vt 0.405043 0.316273
v 0.286304 0.818090 -0.154075
vn 0.838253 0.545247 -0.006196
vt 0.339386 0.415179
v 0.279113 0.595894 0.172593
vn 0.983211 -0.179641 0.032029
vt 0.233366 0.440837
v 0.281065 0.693116 0.305207
vn 0.985320 0.127991 0.112970
vt 0.246316 0.493832
v 0.296098 0.595932 0.294875
vn 0.998372 -0.043770 -0.036558
vt 0.206296 0.469042
v 0.333169 0.647368 -0.155523
vn 0.999089 0.000548 0.042663
vt 0.287919 0.392479
v 0.333166 0.746281 -0.155528
vn 0.958008 0.284738 0.033850
vt 0.313879 0.404838
v 0.270564 0.817988 0.030539
vn 0.903603 0.420883 0.079748
vt 0.333580 0.454627
v 0.166671 0.913296 -0.632181
vn 0.632535 0.766968 -0.107980
vt 0.398329 0.293372
v 0.226626 0.857316 -0.619656
vn 0.653428 0.754064 0.066478
vt 0.378697 0.291038
v 0.203976 0.880135 -0.691011
vn 0.526924 0.833617 0.165630
vt 0.391492 0.269575
v 0.175850 0.908413 -0.527975
vn 0.648680 0.761057 -0.002489
vt 0.386670 0.318801
v 0.230918 0.841528 -0.517205
vn 0.748025 0.663654 0.004735
vt 0.366818 0.316469
v 0.244395 0.833101 -0.441485
vn 0.765798 0.639749 -0.065381
vt 0.356115 0.345810
v 0.255902 0.825907 -0.376840
vn 0.779012 0.622425 -0.075678
vt 0.346889 0.378793
v 0.311976 0.760929 -0.374596
vn 0.937249 0.329645 -0.113571
vt 0.323643 0.370543
v 0.300006 0.767245 -0.435315
vn 0.929966 0.338052 -0.144512
vt 0.334264 0.338885
v 0.285985 0.774643 -0.506435
vn 0.933938 0.355574 -0.036432
vt 0.345808 0.310242
v 0.286580 0.801336 -0.607130
vn 0.894946 0.429504 0.120822
vt 0.358163 0.284750
v 0.100940 0.960247 -0.656488
vn 0.611214 0.788013 -0.073842
vt 0.415156 0.289335
v 0.117038 0.929409 -0.685349
vn 0.645850 0.762685 -0.034499
vt 0.412803 0.274322
v 0.198472 0.905981 -0.761280
vn 0.487115 0.872744 0.032191
vt 0.403402 0.250719
v 0.290914 0.830860 -0.696674
vn 0.827561 0.521069 0.208878
vt 0.371074 0.262229
v 0.297441 0.773500 -0.688595
vn 0.979484 0.129062 0.154772
vt 0.350748 0.252603
v 0.286580 0.733788 -0.587908
vn 0.996614 0.041202 0.071151
vt 0.337085 0.275503
v 0.285985 0.698802 -0.502785
vn 0.995293 -0.002689 -0.096870
vt 0.324006 0.300879
v 0.300006 0.681687 -0.433692
vn 0.979871 -0.004112 -0.199591
vt 0.311516 0.328958
v 0.311976 0.667074 -0.374705
vn 0.989012 -0.000811 -0.147832
vt 0.299556 0.359666
v 0.102303 0.953270 -0.751625
vn 0.628052 0.777559 0.030875
vt 0.422555 0.257751
v 0.134474 0.919838 -0.844788
vn 0.477333 0.802575 -0.357810
vt 0.415669 0.233561
v 0.294641 0.858692 -0.770935
vn 0.746962 0.651931 -0.130513
vt 0.383901 0.241998
v 0.306793 0.808777 -0.774040
vn 0.923677 0.311558 -0.223053
vt 0.364526 0.231692
v 0.302706 0.727232 -0.682077
vn 0.987200 -0.001678 0.159481
vt 0.330319 0.240997
v 0.286580 0.679302 -0.572403
vn 0.991568 -0.124162 0.037097
vt 0.315430 0.263792
v 0.285985 0.637629 -0.499840
vn 0.966326 -0.181081 -0.182819
vt 0.301624 0.288823
v 0.300005 0.612674 -0.432384
vn 0.949426 -0.174342 -0.261141
vt 0.288254 0.316415
v 0.311975 0.591370 -0.374793
vn 0.965697 -0.180718 -0.186469
vt 0.275166 0.346700
v 0.333171 0.567583 -0.155519
vn 0.981310 -0.188844 0.037004
vt 0.262233 0.379161
v 0.256319 0.564295 -0.504112
vn 0.898106 -0.351094 -0.264836
vt 0.278810 0.274218
v 0.250545 0.587055 -0.566570
vn 0.956606 -0.287303 0.048593
vt 0.292705 0.249852
v 0.300485 0.655649 -0.673153
vn 0.974402 -0.129156 0.184007
vt 0.309858 0.227620
v 0.270431 0.536834 -0.434247
vn 0.887600 -0.338544 -0.312336
vt 0.264710 0.301193
v 0.226620 0.490879 -0.508389
vn 0.677621 -0.667811 -0.307991
vt 0.256211 0.257013
v 0.214469 0.494705 -0.560730
vn 0.791414 -0.532830 0.299592
vt 0.266734 0.233787
v 0.298262 0.583986 -0.664219
vn 0.955004 -0.106167 0.276941
vt 0.290116 0.212556
v 0.302503 0.659679 -0.763424
vn 0.976567 -0.017006 -0.214541
vt 0.308345 0.193131
v 0.309553 0.714127 -0.769988
vn 0.970731 -0.051578 -0.234565
vt 0.326301 0.207085
v 0.316595 0.768515 -0.776545
vn 0.967663 0.127001 -0.217944
vt 0.345254 0.219985
v 0.219141 0.455021 -0.595167
vn 0.611484 -0.438129 0.658886
vt 0.256489 0.212054
v 0.301030 0.519949 -0.675690
vn 0.933484 -0.098960 0.344694
vt 0.275530 0.195690
v 0.223180 0.422308 -0.623863
vn 0.539095 -0.513313 0.667748
vt 0.246901 0.195570
v 0.176619 0.880238 -0.872375
vn 0.517712 0.648549 -0.557995
vt 0.396609 0.223361
v 0.196089 0.823302 -0.902285
vn 0.592807 0.473800 -0.651225
vt 0.378212 0.212189
v 0.211794 0.777376 -0.926411
vn 0.690704 0.220554 -0.688683
vt 0.359883 0.200176
v 0.222652 0.732672 -0.920084
vn 0.721057 -0.049159 -0.691130
vt 0.341753 0.187612
v 0.233522 0.687918 -0.913750
vn 0.724191 -0.049549 -0.687817
vt 0.324344 0.174554
v 0.303626 0.577826 -0.771528
vn 0.976502 0.016800 -0.214853
vt 0.292623 0.178335
v 0.303419 0.467617 -0.683222
vn 0.908334 -0.203517 0.365390
vt 0.262893 0.179818
v 0.224697 0.354320 -0.681301
vn 0.475412 -0.600168 0.643259
vt 0.237302 0.179494
v 0.287570 0.376004 -0.735003
vn 0.841983 -0.369225 0.393367
vt 0.250735 0.164492
v 0.218195 0.296712 -0.726679
vn 0.419791 -0.638414 0.645138
vt 0.227584 0.164289
v 0.271577 0.314649 -0.776367
vn 0.767548 -0.449752 0.456720
vt 0.237955 0.149842
v 0.211693 0.239608 -0.771795
vn 0.410608 -0.356748 0.839126
vt 0.215587 0.151177
v 0.133004 0.633396 -0.965702
vn 0.354115 -0.127662 -0.926447
vt 0.339072 0.156476
v 0.134247 0.702781 -0.974143
vn 0.378292 -0.104649 -0.919752
vt 0.356489 0.168640
v 0.135488 0.772089 -0.982574
vn 0.386221 0.239770 -0.890698
vt 0.374320 0.180927
v 0.233489 0.602713 -0.907692
vn 0.701110 -0.054327 -0.710980
vt 0.308209 0.160999
v 0.150317 0.557650 -0.942795
vn 0.355714 -0.146192 -0.923090
vt 0.322532 0.143982
v 0.083869 0.532228 -0.957668
vn 0.160342 -0.195805 -0.967445
vt 0.335652 0.127239
v 0.064708 0.618914 -0.975182
vn 0.150067 -0.180322 -0.972092
vt 0.352927 0.138734
v 0.061943 0.692899 -0.988144
vn 0.170681 -0.161460 -0.972008
vt 0.370816 0.149547
v 0.059181 0.766802 -1.001091
vn 0.176801 0.198888 -0.963942
vt 0.389076 0.161366
v 0.123938 0.823177 -0.949373
vn 0.330391 0.551025 -0.766298
vt 0.391837 0.193532
v 0.233459 0.529545 -0.902027
vn 0.687895 0.105641 -0.718081
vt 0.293344 0.147128
v 0.000018 0.689626 -0.996085
vn -0.000000 -0.181985 -0.983301
vt 0.384774 0.129452
v 0.000018 0.761515 -1.010502
vn 0.000000 0.182697 -0.983169
vt 0.405014 0.139678
v 0.000018 0.825809 -0.972463
vn -0.000000 0.521867 -0.853027
vt 0.422646 0.156218
v 0.051788 0.826664 -0.964302
vn 0.163650 0.532654 -0.830360
vt 0.406158 0.175314
v 0.109620 0.886513 -0.908211
vn 0.351014 0.595569 -0.722556
vt 0.408664 0.205705
v 0.089319 0.917948 -0.889284
vn 0.431139 0.646941 -0.628956
vt 0.425142 0.215790
v 0.092329 0.959438 -0.817200
vn 0.786650 0.592087 -0.174970
vt 0.437529 0.244382
v 0.066191 0.992996 -0.706402
vn 0.818420 0.544978 0.182171
vt 0.436491 0.261584
v 0.032768 1.008938 -0.681694
vn 0.393399 0.822728 0.410313
vt 0.444455 0.273378
v 0.056185 0.980350 -0.556946
vn 0.276816 0.955981 0.097332
vt 0.423559 0.308794
v 0.046833 1.082336 -0.855103
vn 0.835572 0.167863 -0.523108
vt 0.473417 0.231432
v 0.030805 1.086529 -0.881596
vn 0.441488 0.205599 -0.873394
vt 0.480282 0.215478
v 0.025287 1.166027 -0.858746
vn 0.438529 0.601616 -0.667645
vt 0.503528 0.234316
v 0.069017 0.949383 -0.870358
vn 0.688360 0.431301 -0.583215
vt 0.445513 0.222480
v 0.000018 0.905518 -0.925304
vn 0.000000 0.479625 -0.877474
vt 0.438746 0.178132
v 0.042621 0.900879 -0.918694
vn 0.214744 0.501983 -0.837794
vt 0.421073 0.190141
v 0.040874 0.926056 -0.907772
vn 0.321686 0.500866 -0.803524
vt 0.430726 0.201416
v 0.039126 0.951233 -0.896851
vn 0.302526 0.376244 -0.875739
vt 0.449400 0.191287
v -0.039093 0.951233 -0.896851
vn -0.302528 0.376228 -0.875745
vt 0.480581 0.175583
v -0.030779 1.086529 -0.881596
vn -0.441489 0.205605 -0.873392
vt 0.496727 0.204459
v -0.068984 0.949383 -0.870358
vn -0.688381 0.431270 -0.583213
vt 0.506417 0.171185
v -0.046807 1.082336 -0.855103
vn -0.835577 0.167870 -0.523097
vt 0.514502 0.197419
v -0.092291 0.959438 -0.817200
vn -0.786678 0.592053 -0.174961
vt 0.530825 0.161534
v -0.075199 1.081524 -0.799757
vn -0.978932 0.198324 -0.048584
vt 0.530672 0.192136
v -0.066158 0.992996 -0.706402
vn -0.818447 0.544937 0.182176
vt 0.552229 0.159076
v -0.045828 1.085640 -0.741894
vn -0.856129 0.247000 0.453910
vt 0.544810 0.190618
v -0.032736 1.008938 -0.681694
vn -0.393410 0.822718 0.410323
vt 0.575751 0.162471
v -0.024420 1.083138 -0.703075
vn -0.445006 0.332494 0.831515
vt 0.556624 0.193025
v 0.024449 1.083138 -0.703075
vn 0.445001 0.332499 0.831516
vt 0.567135 0.210673
v 0.016131 1.162144 -0.730598
vn 0.439669 0.533492 0.722549
vt 0.553708 0.234323
v 0.032768 1.008938 -0.681694
vn 0.393399 0.822728 0.410313
vt 0.580546 0.191155
v -0.025255 1.166027 -0.858746
vn -0.438525 0.601631 -0.667634
vt 0.514081 0.227529
v -0.042887 1.156590 -0.838055
vn -0.767342 0.477583 -0.427903
vt 0.524191 0.221897
v -0.062720 1.158222 -0.805550
vn -0.868012 0.496367 0.013192
vt 0.532552 0.218981
v -0.040763 1.160007 -0.771994
vn -0.788554 0.420174 0.449039
vt 0.539717 0.218237
v -0.016102 1.162144 -0.730598
vn -0.439679 0.533502 0.722536
vt 0.545874 0.219690
v 0.000016 1.214336 -0.781033
vn -0.000002 0.996021 0.089122
vt 0.531797 0.258681
v 0.042919 1.156590 -0.838055
vn 0.767355 0.477552 -0.427914
vt 0.497912 0.243055
v 0.075225 1.081524 -0.799757
vn 0.978930 0.198327 -0.048598
vt 0.467423 0.246537
v 0.045857 1.085640 -0.741894
vn 0.856127 0.247009 0.453908
vt 0.465116 0.258093
v 0.024449 1.083138 -0.703075
vn 0.445001 0.332499 0.831516
vt 0.464674 0.264867
v 0.040795 1.160007 -0.771994
vn 0.788556 0.420154 0.449054
vt 0.491877 0.259382
v 0.016131 1.162144 -0.730598
vn 0.439669 0.533492 0.722549
vt 0.491445 0.267179
v 0.062752 1.158222 -0.805550
vn 0.868031 0.496334 0.013189
vt 0.493632 0.252246
v 0.000018 0.980350 -0.556946
vn -0.000000 0.985604 0.169068
vt 0.446124 0.302491
v 0.000017 0.971483 -0.454669
vn -0.000000 0.996242 0.086616
vt 0.433071 0.335962
v 0.000016 0.963913 -0.367350
vn -0.000005 0.999828 0.018552
vt 0.423277 0.364578
v -0.000008 0.974537 -0.155537
vn -0.000014 0.999544 -0.030195
vt 0.414626 0.417046
v -0.000002 0.981083 0.060210
vn -0.000026 0.975503 -0.219988
vt 0.420730 0.479312
v -0.000015 1.013157 0.135583
vn -0.000038 0.875715 -0.482828
vt 0.442697 0.530700
v -0.000012 1.071751 0.227145
vn -0.000040 0.753961 -0.656919
vt 0.447206 0.548604
v -0.000010 1.291138 0.416529
vn -0.000033 0.728231 -0.685331
vt 0.490814 0.578576
v -0.000011 1.333359 0.478123
vn -0.000031 0.725751 -0.687957
vt 0.529329 0.607388
v -0.108630 0.364470 -0.374581
vn -0.243406 -0.915058 -0.321594
vt 0.756810 0.446773
v -0.130280 0.335889 -0.155394
vn -0.291874 -0.956387 0.011556
vt 0.782263 0.499995
v -0.270109 0.418524 -0.155373
vn -0.752423 -0.658296 0.022509
vt 0.757046 0.518428
v -0.252922 0.435324 -0.374406
vn -0.717569 -0.642857 -0.268012
vt 0.736533 0.480082
v -0.106430 0.403159 -0.442911
vn -0.198573 -0.855799 -0.477679
vt 0.737818 0.425596
v -0.240791 0.460910 -0.436112
vn -0.673612 -0.617849 -0.405597
vt 0.717359 0.452538
v -0.282456 0.513390 -0.374600
vn -0.909774 -0.355287 -0.214670
vt 0.714914 0.502586
v -0.301655 0.493086 -0.155443
vn -0.927617 -0.372333 0.029925
vt 0.733261 0.534055
v -0.243420 0.440014 0.046290
vn -0.767005 -0.596969 0.235228
vt 0.776122 0.559579
v -0.119738 0.387464 0.158123
vn -0.191241 -0.965910 0.174484
vt 0.808886 0.567817
v -0.271838 0.509476 0.035369
vn -0.909487 -0.369954 0.189652
vt 0.750146 0.564737
v -0.301655 0.493086 -0.155443
vn -0.927803 -0.371843 0.030235
vt 0.733261 0.534055
v -0.300225 0.578861 0.024459
vn -0.966516 -0.185368 0.177441
vt 0.728804 0.579486
v -0.333166 0.567566 -0.155513
vn -0.981297 -0.188906 0.037029
vt 0.710933 0.550467
v -0.333168 0.647351 -0.155517
vn -0.999088 0.000517 0.042699
vt 0.688374 0.567105
v -0.300227 0.657055 0.023583
vn -0.985973 0.007182 0.166752
vt 0.705512 0.597318
v -0.300228 0.753996 0.022497
vn -0.965283 0.217457 0.144712
vt 0.680788 0.615274
v -0.119738 0.387464 0.158123
vn -0.619401 -0.699566 0.356302
vt 0.808886 0.567817
v -0.231787 0.495762 0.175969
vn -0.867751 -0.475453 -0.144750
vt 0.788408 0.587333
v -0.255455 0.545851 0.174280
vn -0.913252 -0.395860 0.096262
vt 0.762392 0.585830
v -0.279097 0.595884 0.172592
vn -0.983219 -0.179605 0.031989
vt 0.748618 0.605422
v -0.277813 0.668512 0.168553
vn -0.996804 0.055484 0.057484
vt 0.724072 0.627402
v -0.276221 0.758553 0.163545
vn -0.974979 0.210938 0.070148
vt 0.696737 0.649205
v -0.257151 0.822092 0.159049
vn -0.929071 0.365468 0.057105
vt 0.667754 0.670001
v -0.270538 0.817985 0.030533
vn -0.903606 0.420862 0.079821
vt 0.655476 0.631734
v -0.238081 0.885632 0.154553
vn -0.804950 0.591472 -0.047083
vt 0.637824 0.687015
v -0.240849 0.881973 0.038568
vn -0.771093 0.636656 0.009219
vt 0.630817 0.645089
v -0.174680 0.947395 0.145013
vn -0.610244 0.771428 -0.180281
vt 0.612633 0.696704
v -0.171755 0.926628 0.048967
vn -0.569545 0.819306 -0.066006
vt 0.609328 0.654353
v -0.084045 1.011375 0.135585
vn -0.331899 0.869884 -0.364890
vt 0.591411 0.705533
v -0.100086 0.972919 0.060212
vn -0.311218 0.935539 -0.167062
vt 0.592879 0.661485
v -0.000015 1.013157 0.135583
vn -0.000038 0.875715 -0.482828
vt 0.573108 0.706425
v -0.056508 1.071747 0.227146
vn -0.469543 0.647414 -0.600320
vt 0.580281 0.755824
v -0.111069 0.974377 -0.155536
vn -0.294504 0.955087 -0.032789
vt 0.584863 0.616984
v -0.176429 0.931362 -0.154050
vn -0.546448 0.836880 -0.032048
vt 0.600976 0.614128
v -0.110600 1.393967 0.537212
vn -0.387160 0.666414 -0.637181
vt 0.534612 0.804601
v -0.154343 1.369255 0.567602
vn -0.936016 0.344128 -0.073825
vt 0.564779 0.822200
v -0.107297 1.471977 0.636255
vn -0.710394 0.703247 -0.027985
vt 0.526023 0.838981
v -0.141748 1.186356 0.421518
vn -0.760842 0.397377 -0.513041
vt 0.574800 0.789934
v -0.110687 1.264385 0.436533
vn -0.454315 0.606310 -0.652677
vt 0.550325 0.778862
v -0.000010 1.291138 0.416529
vn -0.000033 0.728231 -0.685331
vt 0.546217 0.764735
v -0.000012 1.071751 0.227145
vn -0.000040 0.753961 -0.656919
vt 0.565653 0.735036
v -0.000011 1.333359 0.478123
vn -0.000031 0.725751 -0.687957
vt 0.518241 0.773320
v -0.000012 1.376122 0.511351
vn -0.000032 0.738687 -0.674049
vt 0.496815 0.777267
v -0.051049 1.396259 0.541866
vn 0.249975 0.871266 -0.422383
vt 0.490711 0.816155
v -0.076617 1.489319 0.658501
vn 0.132279 0.740183 0.659266
vt 0.483593 0.894768
v -0.100828 1.415684 0.621622
vn -0.740015 0.193047 0.644291
vt 0.556419 0.857196
v -0.179576 1.274620 0.613625
vn -0.945293 0.306801 0.110880
vt 0.592871 0.835231
v -0.185813 1.199608 0.525146
vn -0.951494 0.207211 -0.227428
vt 0.603953 0.807276
v -0.166257 1.059174 0.346083
vn -0.833339 0.402252 -0.379130
vt 0.614860 0.770866
v -0.110070 1.016285 0.249594
vn -0.637388 0.656859 -0.402830
vt 0.611966 0.739917
v -0.185286 0.974155 0.271258
vn -0.837150 0.520574 -0.167879
vt 0.640082 0.736268
v -0.223838 0.893878 0.294638
vn -0.923207 0.363292 0.125334
vt 0.680969 0.712050
v -0.000012 1.382271 0.520947
vn -0.000035 0.976052 -0.217536
vt 0.487033 0.786807
v -0.066417 1.369194 0.683670
vn -0.236880 0.728039 0.643309
vt 0.553923 0.889278
v -0.165921 1.257275 0.734283
vn -0.826620 0.368318 0.425489
vt 0.601004 0.859451
v -0.208252 1.128452 0.623739
vn -0.988084 -0.013892 0.153284
vt 0.638196 0.830035
v -0.190432 1.004696 0.454933
vn -0.999790 -0.020350 -0.002208
vt 0.638176 0.795359
v -0.206298 0.939034 0.315449
vn -0.979129 0.192558 0.065023
vt 0.654781 0.771486
v -0.199913 0.895195 0.389721
vn -0.879212 0.159237 0.449033
vt 0.701706 0.757801
v -0.262391 0.813601 0.318017
vn -0.954393 0.250917 0.161785
vt 0.714329 0.684142
v -0.281040 0.693110 0.305207
vn -0.985306 0.128056 0.113018
vt 0.745414 0.657655
v -0.296082 0.595921 0.294875
vn -0.998375 -0.043742 -0.036524
vt 0.779196 0.628967
v -0.128163 1.242222 0.802990
vn -0.545309 0.241971 0.802551
vt 0.611043 0.879383
v -0.021089 1.235405 0.844181
vn -0.104257 0.302482 0.947436
vt 0.610251 0.893378
v -0.138204 1.201202 0.790491
vn -0.724490 -0.202036 0.659011
vt 0.637247 0.862320
v -0.186316 1.116543 0.677135
vn -0.848022 -0.040781 0.528390
vt 0.666483 0.850633
v -0.104085 1.121014 0.759176
vn -0.625436 -0.108952 0.772631
vt 0.670263 0.865187
v -0.116266 0.790621 0.508045
vn -0.436743 0.089913 0.895082
vt 0.741730 0.764404
v -0.113249 0.726677 0.523279
vn -0.252450 0.108367 0.961523
vt 0.769331 0.755655
v -0.000002 0.730471 0.524487
vn -0.000005 0.061274 0.998121
vt 0.783730 0.779329
v -0.000005 0.784407 0.534277
vn -0.000006 -0.139298 0.990251
vt 0.761472 0.785902
v 0.000002 0.865192 0.549139
vn 0.000020 -0.644081 0.764957
vt 0.746647 0.787681
v -0.064555 0.858517 0.550112
vn -0.490415 -0.527048 0.694056
vt 0.719480 0.784073
v -0.165594 0.955437 0.501019
vn -0.907685 -0.346252 0.237103
vt 0.679084 0.797123
v -0.196464 1.074192 0.654440
vn -0.946248 -0.199766 0.254377
vt 0.686804 0.832902
v -0.157979 1.062111 0.730772
vn -0.853392 0.230630 0.467475
vt 0.699894 0.862713
v -0.015917 1.163681 0.824070
vn -0.431326 0.213827 0.876491
vt 0.677427 0.885086
v -0.017137 1.180595 0.830433
vn -0.144293 -0.281709 0.948588
vt 0.636484 0.889227
v 0.000004 0.895302 0.604843
vn 0.000036 -0.978749 0.205061
vt 0.741525 0.802182
v -0.013689 1.132748 0.868664
vn -0.318028 0.745718 0.585460
vt 0.712055 0.902528
v -0.064919 0.981091 0.994156
vn -0.636849 0.458670 0.619714
vt 0.741878 0.891118
v -0.007486 1.046680 0.971268
vn -0.202613 0.659493 0.723891
vt 0.730319 0.915343
v -0.143466 0.973804 0.603125
vn -0.715026 -0.673156 0.188677
vt 0.714425 0.808188
v -0.158047 0.972298 0.747118
vn -0.994648 -0.079012 -0.066576
vt 0.722727 0.848706
v -0.159538 0.976093 0.799904
vn -0.951095 0.285117 0.118856
vt 0.733710 0.865382
v -0.166164 0.951572 0.847881
vn -0.944601 0.276683 0.176565
vt 0.756906 0.870715
v -0.166166 0.914154 0.893845
vn -0.797183 0.307493 0.519564
vt 0.765411 0.884328
v -0.182616 0.805716 0.904465
vn -0.899633 -0.111589 0.422148
vt 0.777017 0.875182
v -0.165537 0.746675 0.839912
vn -0.741917 -0.598878 -0.301503
vt 0.776289 0.854629
v -0.151330 0.748137 0.894951
vn -0.565088 -0.658258 0.497365
vt 0.788865 0.870622
v -0.126035 0.911972 0.720509
vn -0.608189 -0.556807 -0.565749
vt 0.746078 0.828874
v -0.181101 0.824123 0.813915
vn -0.974689 -0.059207 -0.215581
vt 0.747142 0.853661
v -0.061866 0.762970 0.765627
vn -0.248393 -0.592560 -0.766273
vt 0.769610 0.830216
v 0.000005 0.877548 0.688593
vn 0.000019 -0.717705 -0.696347
vt 0.751679 0.808757
v 0.000010 0.727280 0.797785
vn 0.000019 -0.737505 -0.675342
vt 0.804395 0.828603
v 0.000011 0.708055 0.830166
vn 0.000020 -0.846046 -0.533110
vt 0.819103 0.840053
v -0.072060 0.698883 0.873325
vn -0.270216 -0.912945 0.305801
vt 0.805576 0.867706
v -0.082260 0.830822 0.991814
vn -0.327028 -0.388751 0.861351
vt 0.796581 0.884972
v -0.085662 0.912399 0.991543
vn -0.633754 0.233630 0.737409
vt 0.778053 0.885822
v -0.020372 0.940521 1.022106
vn -0.364784 0.036149 0.930390
vt 0.773202 0.898801
v 0.000005 0.971912 1.022404
vn -0.000012 0.401422 0.915893
vt 0.763481 0.929121
v 0.000003 1.028564 0.985603
vn -0.000010 0.571230 0.820790
vt 0.739527 0.934068
v 0.000006 0.953075 1.027115
vn 0.000004 0.052424 0.998625
vt 0.771528 0.925754
v 0.000012 0.696697 0.847176
vn 0.000025 -0.990413 -0.138136
vt 0.827716 0.846111
v 0.000012 0.721461 0.926920
vn 0.000019 -0.752749 0.658308
vt 0.838091 0.883060
v 0.000009 0.828281 0.990829
vn 0.000011 -0.394181 0.919033
vt 0.815602 0.912741
v 0.000007 0.917805 1.015720
vn 0.000015 -0.281112 0.959675
vt 0.785777 0.920814
v 0.020385 0.940525 1.022106
vn 0.364807 0.036174 0.930380
vt 0.779777 0.934728
v 0.007491 1.046680 0.971268
vn 0.202628 0.659503 0.723877
vt 0.727822 0.933661
v 0.013687 1.132748 0.868660
vn 0.318056 0.745724 0.585437
vt 0.698603 0.918569
v 0.015913 1.163681 0.824070
vn 0.430506 0.213489 0.876976
vt 0.668434 0.905782
v 0.017061 1.179615 0.830246
vn 0.143776 -0.281839 0.948628
vt 0.659685 0.902816
v -0.000004 1.236115 0.839344
vn 0.000189 0.214120 0.976807
vt 0.623248 0.912365
v -0.000010 1.373116 0.683516
vn -0.000019 0.943152 0.332363
vt 0.589378 0.931583
v -0.000010 1.370533 0.618958
vn -0.000028 0.998464 0.055399
vt 0.557781 0.951421
v -0.010355 1.370628 0.620544
vn 0.541888 0.825344 0.158632
vt 0.539954 0.932007
v -0.000012 1.382271 0.520947
vn -0.000035 0.976052 -0.217536
vt 0.513856 0.973121
v -0.051049 1.396259 0.541866
vn 0.249975 0.871266 -0.422383
vt 0.495715 0.946178
v -0.130280 0.335889 -0.155394
vn -0.291874 -0.956387 0.011556
vt 0.235098 0.951859
v 0.000018 0.317246 -0.155398
vn 0.000006 -0.999950 0.010035
vt 0.235097 0.922126
v 0.000014 0.387465 0.155655
vn 0.000007 -0.984363 0.176151
vt 0.306076 0.922127
v -0.119738 0.387464 0.158123
vn -0.191241 -0.965910 0.174484
vt 0.306639 0.949453
v -0.116948 0.418684 0.360477
vn 0.028680 -0.986733 0.159797
vt 0.352814 0.948817
v 0.000019 0.421940 0.359011
vn 0.000005 -0.987139 0.159862
vt 0.352480 0.922126
v 0.000015 0.451693 0.534050
vn 0.000005 -0.987119 0.159991
vt 0.392422 0.922127
v 0.114583 0.445633 0.534655
vn -0.041112 -0.986284 0.159858
vt 0.392560 0.895984
v 0.116985 0.418684 0.360477
vn -0.028669 -0.986734 0.159796
vt 0.352814 0.895436
v 0.119766 0.387466 0.158123
vn 0.427034 -0.899487 -0.092545
vt 0.306639 0.894801
v 0.130316 0.335891 -0.155391
vn 0.291896 -0.956380 0.011568
vt 0.235099 0.892394
v 0.000009 0.363978 -0.375058
vn 0.000001 -0.940809 -0.338937
vt 0.184973 0.922128
v -0.108630 0.364470 -0.374581
vn -0.243406 -0.915058 -0.321594
vt 0.185082 0.946918
v 0.000013 0.402894 -0.443168
vn -0.000000 -0.869195 -0.494469
vt 0.169431 0.922127
v -0.106430 0.403159 -0.442911
vn -0.198573 -0.855799 -0.477679
vt 0.169490 0.946416
v -0.114553 0.445631 0.534657
vn 0.041122 -0.986284 0.159853
vt 0.392560 0.948270
v 0.108661 0.364470 -0.374581
vn 0.243410 -0.915058 -0.321589
vt 0.185082 0.897335
v 0.106463 0.403159 -0.442911
vn 0.198575 -0.855802 -0.477672
vt 0.169490 0.897836
v -0.287550 0.000000 0.486557
vn 0.048742 -0.997923 0.042126
vt 0.882928 0.425648
v -0.217914 0.000692 0.440025
vn 0.048742 -0.997923 0.042126
vt 0.892316 0.406463
v -0.138626 0.004917 0.430727
vn 0.025516 -0.999642 -0.008022
vt 0.908604 0.394250
v -0.294289 0.002109 0.561956
vn 0.014919 -0.999888 -0.000866
vt 0.891108 0.443135
v -0.212624 -0.003577 0.656166
vn 0.013866 -0.999356 -0.033102
vt 0.921188 0.453436
v -0.135898 0.002275 0.554686
vn 0.046665 -0.998662 -0.022310
vt 0.925095 0.421229
v -0.133549 0.000000 0.661440
vn 0.046665 -0.998662 -0.022310
vt 0.939296 0.444463
v -0.131240 0.160172 0.619682
vn 0.999684 -0.019334 0.016081
vt 0.050424 0.785720
v -0.132395 0.080086 0.647064
vn 0.999629 -0.026686 -0.005541
vt 0.032149 0.791968
v -0.133198 0.072091 0.537560
vn 0.999113 -0.041875 -0.004436
vt 0.030325 0.766981
v -0.130498 0.141906 0.513445
vn 0.999136 -0.037108 0.018694
vt 0.046256 0.761478
v -0.130962 0.262484 0.586142
vn 0.998909 -0.035170 0.030721
vt 0.073770 0.778067
v -0.125766 0.244509 0.473576
vn 0.999119 -0.030394 0.028952
vt 0.069669 0.752380
v -0.121122 0.372254 0.554022
vn 0.997868 -0.062587 0.018518
vt 0.098819 0.770737
v -0.121666 0.334188 0.422722
vn 0.999091 -0.040419 0.013536
vt 0.090133 0.740776
v -0.114553 0.445631 0.534657
vn 0.997622 -0.068732 0.005030
vt 0.115563 0.766318
v -0.116948 0.418684 0.360477
vn 0.998494 -0.054818 0.002039
vt 0.109414 0.726573
v -0.135898 0.002275 0.554686
vn 0.998928 -0.044324 -0.013389
vt 0.014394 0.770888
v -0.133549 0.000000 0.661440
vn 0.999495 -0.028602 -0.013813
vt 0.013875 0.795249
v -0.134131 0.062807 0.410406
vn 0.998366 -0.057055 -0.003331
vt 0.028206 0.737966
v -0.129636 0.120696 0.390085
vn 0.998266 -0.054871 0.021301
vt 0.041416 0.733329
v -0.119733 0.223638 0.342866
vn 0.999302 -0.025617 0.027182
vt 0.064906 0.722554
v -0.122300 0.290008 0.270240
vn 0.999797 -0.018226 0.008546
vt 0.080051 0.705981
v -0.119738 0.387464 0.158123
vn 0.999163 -0.040894 -0.000952
vt 0.102289 0.680397
v -0.138626 0.004917 0.430727
vn 0.998112 -0.060036 -0.012962
vt 0.014997 0.742603
v 0.032768 1.008938 -0.681694
vn 0.393399 0.822728 0.410313
vt 0.494474 0.506870
v -0.032736 1.008938 -0.681694
vn -0.393410 0.822718 0.410323
vt 0.521882 0.497144
v 0.000018 0.980350 -0.556946
vn -0.000000 0.985604 0.169068
vt 0.514409 0.520551
v -0.117001 0.929409 -0.685349
vn -0.645860 0.762676 -0.034495
vt 0.546681 0.480591
v -0.066158 0.992996 -0.706402
vn -0.818447 0.544937 0.182176
vt 0.521121 0.473390
v -0.000002 0.981083 0.060210
vn -0.000026 0.975503 -0.219988
vt 0.574113 0.667382
v -0.000008 0.974537 -0.155537
vn -0.000014 0.999544 -0.030195
vt 0.565451 0.619878
v 0.000016 0.963913 -0.367350
vn -0.000005 0.999828 0.018552
vt 0.550728 0.577037
v -0.087679 0.963917 -0.368757
vn -0.283213 0.958872 -0.018849
vt 0.571716 0.577500
v 0.000017 0.971483 -0.454669
vn -0.000000 0.996242 0.086616
vt 0.534084 0.544610
v -0.073158 0.971485 -0.455428
vn -0.277505 0.959879 0.040302
vt 0.557137 0.545645
v -0.056150 0.980350 -0.556946
vn -0.276820 0.955980 0.097328
vt 0.541404 0.518704
v -0.100902 0.960247 -0.656488
vn -0.611219 0.788010 -0.073842
vt 0.548545 0.498610
v -0.166634 0.913296 -0.632181
vn -0.632527 0.766971 -0.108004
vt 0.564361 0.496278
v -0.203939 0.880135 -0.691011
vn -0.526916 0.833622 0.165632
vt 0.566069 0.469793
v -0.226591 0.857316 -0.619656
vn -0.653427 0.754068 0.066451
vt 0.582598 0.488354
v -0.290877 0.830860 -0.696674
vn -0.827555 0.521077 0.208882
vt 0.584564 0.457411
v -0.286549 0.801336 -0.607130
vn -0.894947 0.429507 0.120800
vt 0.601422 0.477122
v -0.297407 0.773499 -0.688595
vn -0.979482 0.129071 0.154777
vt 0.602838 0.443274
v -0.144758 0.926735 -0.372916
vn -0.541551 0.839188 -0.049862
vt 0.589075 0.577921
v -0.132008 0.934504 -0.450977
vn -0.530969 0.847390 -0.001796
vt 0.575439 0.546824
v -0.117074 0.943604 -0.542410
vn -0.532352 0.846226 0.022421
vt 0.561251 0.520424
v -0.175824 0.908413 -0.527975
vn -0.648667 0.761068 -0.002507
vt 0.579609 0.517559
v -0.230889 0.841528 -0.517205
vn -0.748028 0.663651 0.004705
vt 0.598531 0.510225
v -0.285954 0.774643 -0.506435
vn -0.933937 0.355572 -0.036473
vt 0.617992 0.499370
v -0.286548 0.733788 -0.587908
vn -0.996615 0.041204 0.071136
vt 0.620522 0.463351
v -0.285954 0.698803 -0.502785
vn -0.995289 -0.002692 -0.096918
vt 0.637828 0.485667
v -0.286548 0.679302 -0.572403
vn -0.991568 -0.124169 0.037090
vt 0.639988 0.447343
v -0.285954 0.637629 -0.499840
vn -0.966314 -0.181096 -0.182870
vt 0.657962 0.469451
v -0.250510 0.587055 -0.566570
vn -0.956601 -0.287319 0.048598
vt 0.660395 0.429099
v -0.188755 0.898957 -0.447656
vn -0.656308 0.754059 -0.025604
vt 0.594282 0.543308
v -0.256285 0.564295 -0.504112
vn -0.898085 -0.351118 -0.264875
vt 0.678360 0.450756
v -0.214433 0.494705 -0.560730
vn -0.791412 -0.532825 0.299607
vt 0.684042 0.408189
v -0.226583 0.490879 -0.508389
vn -0.677606 -0.667819 -0.308007
vt 0.698502 0.429495
v -0.270402 0.536834 -0.434247
vn -0.887562 -0.338577 -0.312409
vt 0.696575 0.474980
v -0.299981 0.612674 -0.432384
vn -0.949399 -0.174358 -0.261229
vt 0.675663 0.494037
v -0.299981 0.681687 -0.433692
vn -0.979853 -0.004111 -0.199679
vt 0.654825 0.510493
v -0.299981 0.767245 -0.435315
vn -0.929954 0.338057 -0.144577
vt 0.634178 0.524468
v -0.244368 0.833101 -0.441485
vn -0.765789 0.639759 -0.065396
vt 0.613912 0.535614
v -0.199795 0.890884 -0.379084
vn -0.668667 0.740699 -0.065181
vt 0.608160 0.573234
v -0.239453 0.889889 -0.152617
vn -0.706688 0.706730 -0.033542
vt 0.620626 0.607255
v -0.255876 0.825907 -0.376840
vn -0.779000 0.622435 -0.075724
vt 0.628647 0.564453
v -0.311956 0.760929 -0.374596
vn -0.937240 0.329646 -0.113645
vt 0.649969 0.552391
v -0.286312 0.818076 -0.154070
vn -0.838263 0.545231 -0.006169
vt 0.642543 0.596571
v -0.333171 0.746264 -0.155522
vn -0.958013 0.284716 0.033885
vt 0.665420 0.582837
v -0.311956 0.667074 -0.374705
vn -0.988999 -0.000822 -0.147919
vt 0.671617 0.537802
v -0.311956 0.591370 -0.374793
vn -0.965673 -0.180764 -0.186550
vt 0.693284 0.521223
v -0.105317 0.413919 -0.563860
vn -0.412341 -0.632853 0.655342
vt 0.713899 0.391670
v -0.103852 0.448477 -0.522945
vn -0.257950 -0.961032 -0.099397
vt 0.714239 0.406498
v -0.106430 0.403159 -0.442911
vn -0.182304 -0.859387 -0.477722
vt 0.737818 0.425596
v -0.302673 0.727230 -0.682077
vn -0.987199 -0.001674 0.159485
vt 0.621065 0.427469
v -0.300453 0.655648 -0.673153
vn -0.974401 -0.129158 0.184013
vt 0.639180 0.410108
v -0.298230 0.583986 -0.664219
vn -0.955002 -0.106187 0.276940
vt 0.656387 0.391343
v -0.219105 0.455021 -0.595167
vn -0.611496 -0.438068 0.658915
vt 0.690684 0.384512
v -0.223147 0.422306 -0.623863
vn -0.539113 -0.513274 0.667763
vt 0.696816 0.366330
v -0.106581 0.382875 -0.600243
vn -0.347065 -0.652167 0.673962
vt 0.716415 0.377757
v -0.108508 0.334936 -0.655998
vn -0.257371 -0.677687 0.688840
vt 0.718381 0.360030
v -0.224666 0.354319 -0.681299
vn -0.475420 -0.600173 0.643248
vt 0.702688 0.349147
v -0.113188 0.288027 -0.715071
vn -0.130353 -0.703210 0.698931
vt 0.718764 0.344310
v -0.218164 0.296711 -0.726679
vn -0.419796 -0.638408 0.645140
vt 0.709119 0.333361
v -0.211662 0.239607 -0.771793
vn -0.409515 -0.355477 0.840199
vt 0.718726 0.319369
v -0.255552 0.253290 -0.817730
vn -0.765754 -0.221415 0.603818
vt 0.708791 0.304937
v -0.214921 0.185504 -0.777645
vn -0.374365 -0.018136 0.927104
vt 0.733074 0.306026
v -0.279796 0.132125 -0.829906
vn -0.779209 -0.077734 0.621925
vt 0.745671 0.271501
v -0.253636 0.000006 -0.832375
vn -0.812797 -0.191764 0.550079
vt 0.770354 0.251508
v -0.224172 -0.000028 -0.795368
vn -0.455266 -0.055193 0.888643
vt 0.778300 0.265516
v -0.218177 0.131356 -0.783468
vn -0.414469 -0.038111 0.909265
vt 0.752206 0.290025
v -0.120449 0.186594 -0.772972
vn -0.048653 -0.044261 0.997835
vt 0.736233 0.325706
v -0.117867 0.242087 -0.773647
vn -0.037944 -0.405230 0.913427
vt 0.723920 0.333153
v -0.128927 -0.000053 -0.766832
vn -0.204304 -0.014846 0.978795
vt 0.795045 0.297303
v -0.123027 0.131044 -0.772268
vn -0.144020 -0.028499 0.989164
vt 0.751779 0.317059
v -0.294609 0.858692 -0.770935
vn -0.746957 0.651939 -0.130501
vt 0.567919 0.439457
v -0.196052 0.823302 -0.902285
vn -0.592802 0.473795 -0.651232
vt 0.567753 0.407578
v -0.306761 0.808776 -0.774040
vn -0.923676 0.311563 -0.223047
vt 0.585191 0.424864
v -0.211757 0.777376 -0.926411
vn -0.690696 0.220558 -0.688689
vt 0.583840 0.391743
v -0.316563 0.768513 -0.776545
vn -0.967661 0.127008 -0.217949
vt 0.602243 0.409149
v -0.222617 0.732672 -0.920084
vn -0.721050 -0.049144 -0.691138
vt 0.599694 0.375610
v -0.309520 0.714125 -0.769988
vn -0.970730 -0.051566 -0.234571
vt 0.618867 0.392521
v -0.233490 0.687918 -0.913750
vn -0.724184 -0.049542 -0.687825
vt 0.614765 0.359340
v -0.302470 0.659678 -0.763424
vn -0.976566 -0.017011 -0.214546
vt 0.634344 0.375219
v -0.303594 0.577824 -0.771528
vn -0.976503 0.016801 -0.214846
vt 0.647355 0.357671
v -0.300993 0.519949 -0.675690
vn -0.933479 -0.098947 0.344713
vt 0.667976 0.371858
v -0.304565 0.506994 -0.778524
vn -0.979943 0.021068 -0.198162
vt 0.658671 0.340567
v -0.303388 0.467615 -0.683220
vn -0.908331 -0.203483 0.365417
vt 0.677475 0.353905
v -0.287539 0.376004 -0.735001
vn -0.841982 -0.369224 0.393368
vt 0.686435 0.336866
v -0.271545 0.314648 -0.776365
vn -0.768447 -0.450508 0.454457
vt 0.696297 0.320619
v -0.293351 0.265936 -0.861622
vn -0.954349 -0.057420 0.293123
vt 0.695010 0.290756
v -0.267671 0.193531 -0.823643
vn -0.732227 0.035998 0.680108
vt 0.725130 0.289003
v -0.233427 0.529543 -0.902027
vn -0.687962 0.105298 -0.718067
vt 0.640570 0.326895
v -0.306084 0.395116 -0.790007
vn -0.997634 -0.013170 -0.067472
vt 0.669280 0.323795
v -0.299720 0.330096 -0.825947
vn -0.985061 -0.099607 0.140473
vt 0.680841 0.307312
v -0.304096 0.310602 -0.948616
vn -0.882909 0.175978 -0.435321
vt 0.677424 0.277230
v -0.303212 0.199785 -0.871674
vn -0.962790 0.039869 0.267295
vt 0.712985 0.273547
v -0.294518 0.222274 -0.954266
vn -0.859099 0.005748 -0.511778
vt 0.696805 0.258963
v -0.256719 0.415077 -0.916481
vn -0.731024 0.326276 -0.599289
vt 0.651168 0.310434
v -0.280407 0.362840 -0.932549
vn -0.813278 0.364097 -0.453887
vt 0.662776 0.294077
v -0.313076 0.132798 -0.881828
vn -0.983178 -0.141885 0.115021
vt 0.734992 0.255466
v -0.284942 0.133101 -0.960022
vn -0.825416 -0.132246 -0.548816
vt 0.720473 0.239792
v -0.201964 0.137255 -1.018681
vn -0.359230 -0.045338 -0.932147
vt 0.702130 0.224395
v -0.204165 0.228991 -1.016632
vn -0.308668 0.012869 -0.951083
vt 0.676336 0.245284
v -0.206367 0.319876 -1.014690
vn -0.306428 0.259530 -0.915831
vt 0.655106 0.265125
v -0.192372 0.362324 -0.995457
vn -0.271655 0.486324 -0.830477
vt 0.641668 0.281332
v -0.178377 0.404771 -0.976223
vn -0.209521 0.461223 -0.862191
vt 0.632046 0.296969
v -0.165257 0.491575 -0.923309
vn -0.276600 0.150492 -0.949128
vt 0.624016 0.313541
v -0.233456 0.602711 -0.907692
vn -0.701104 -0.054326 -0.710986
vt 0.628424 0.343040
v -0.150281 0.557648 -0.942795
vn -0.355706 -0.146188 -0.923094
vt 0.611002 0.328255
v -0.258277 0.000052 -0.882923
vn -0.946569 -0.320263 0.037929
vt 0.760839 0.237027
v -0.245485 0.000112 -0.948513
vn -0.804378 -0.270184 -0.529128
vt 0.747966 0.220342
v -0.185752 0.000169 -1.010559
vn -0.402529 -0.103606 -0.909525
vt 0.732531 0.198455
v -0.128927 0.000184 -1.027115
vn -0.139981 -0.013667 -0.990060
vt 0.719345 0.179987
v -0.123027 0.141159 -1.021374
vn -0.084624 0.006769 -0.996390
vt 0.679180 0.214049
v -0.117041 0.237304 -1.018421
vn -0.023295 0.026641 -0.999374
vt 0.651304 0.232653
v -0.111058 0.332598 -1.015568
vn -0.032090 0.256417 -0.966033
vt 0.624993 0.256652
v -0.107454 0.363753 -0.996155
vn -0.013597 0.467383 -0.883950
vt 0.616746 0.269158
v -0.103850 0.394910 -0.976742
vn 0.026284 0.481074 -0.876286
vt 0.611331 0.282568
v -0.100408 0.459057 -0.941677
vn -0.110076 0.042235 -0.993025
vt 0.612445 0.302047
v -0.083833 0.532228 -0.957668
vn -0.160340 -0.195801 -0.967447
vt 0.594972 0.312947
v -0.132967 0.633396 -0.965702
vn -0.354107 -0.127659 -0.926451
vt 0.596591 0.343492
v -0.064672 0.618914 -0.975182
vn -0.150067 -0.180321 -0.972093
vt 0.579297 0.327539
v -0.134210 0.702781 -0.974143
vn -0.378287 -0.104645 -0.919755
vt 0.581299 0.358834
v -0.061907 0.692899 -0.988144
vn -0.170681 -0.161460 -0.972008
vt 0.563243 0.341597
v -0.135451 0.772089 -0.982574
vn -0.386220 0.239772 -0.890698
vt 0.565662 0.374637
v -0.059144 0.766802 -1.001091
vn -0.176800 0.198888 -0.963943
vt 0.547023 0.357005
v -0.123902 0.823177 -0.949373
vn -0.330391 0.551025 -0.766298
vt 0.550483 0.390965
v -0.051751 0.826664 -0.964302
vn -0.163650 0.532654 -0.830360
vt 0.532631 0.374844
v -0.109583 0.886513 -0.908211
vn -0.351016 0.595565 -0.722558
vt 0.535883 0.406801
v -0.042585 0.900879 -0.918694
vn -0.214744 0.501977 -0.837797
vt 0.520852 0.393320
v -0.089284 0.917948 -0.889284
vn -0.431149 0.646934 -0.628958
vt 0.520699 0.420180
v -0.040839 0.926056 -0.907772
vn -0.321687 0.500852 -0.803533
vt 0.511308 0.406407
v -0.068984 0.949383 -0.870358
vn -0.688381 0.431270 -0.583213
vt 0.501206 0.430394
v -0.039093 0.951233 -0.896851
vn -0.302528 0.376228 -0.875745
vt 0.492368 0.405721
v 0.000018 0.905518 -0.925304
vn 0.000000 0.479625 -0.877474
vt 0.503584 0.385232
v 0.000018 0.825809 -0.972463
vn -0.000000 0.521867 -0.853027
vt 0.512160 0.358087
v 0.000018 0.761515 -1.010502
vn 0.000000 0.182697 -0.983169
vt 0.526554 0.336941
v 0.000018 0.689626 -0.996085
vn -0.000000 -0.181985 -0.983301
vt 0.545354 0.323011
v 0.000018 0.617657 -0.981651
vn -0.000000 -0.195890 -0.980626
vt 0.562378 0.312119
v 0.000018 0.531364 -0.960827
vn 0.000001 -0.211933 -0.977284
vt 0.577142 0.293949
v 0.000019 0.455292 -0.943504
vn 0.000002 -0.214489 -0.976726
vt 0.594552 0.273089
v 0.039126 0.951233 -0.896851
vn 0.302526 0.376244 -0.875739
vt 0.478990 0.379912
v -0.176582 0.880238 -0.872375
vn -0.517708 0.648548 -0.558001
vt 0.551489 0.422739
v -0.134436 0.919838 -0.844788
vn -0.477334 0.802575 -0.357806
vt 0.534396 0.437119
v -0.092291 0.959438 -0.817200
vn -0.786678 0.592053 -0.174961
vt 0.514967 0.452744
v -0.102266 0.953270 -0.751625
vn -0.628069 0.777545 0.030868
vt 0.533300 0.464884
v -0.198437 0.905981 -0.761280
vn -0.487106 0.872749 0.032197
vt 0.550423 0.452813
v 0.128963 -0.000479 -0.900978
vn -0.000009 -1.000000 0.000533
vt 0.838656 0.356781
v 0.128963 -0.000546 -1.027023
vn -0.000011 -1.000000 0.000536
vt 0.822499 0.328993
v 0.185787 -0.000539 -1.010471
vn -0.000011 -1.000000 0.000536
vt 0.837149 0.325358
v 0.245521 -0.000506 -0.948425
vn -0.000009 -1.000000 0.000535
vt 0.858271 0.331380
v 0.258312 -0.000471 -0.882832
vn -0.000008 -1.000000 0.000533
vt 0.869499 0.344202
v 0.253672 -0.000444 -0.832287
vn -0.000008 -1.000000 0.000532
vt 0.874955 0.355940
v 0.224207 -0.000424 -0.795279
vn -0.000009 -1.000000 0.000531
vt 0.873203 0.367876
v 0.128963 -0.000408 -0.766743
vn -0.000009 -1.000000 0.000531
vt 0.855863 0.386375
v 0.243438 0.440025 0.046290
vn 0.767024 -0.596934 0.235252
vt 0.196534 0.398153
v 0.119766 0.387466 0.158123
vn 0.427034 -0.899487 -0.092545
vt 0.162918 0.411152
v 0.130316 0.335891 -0.155391
vn 0.291896 -0.956380 0.011568
vt 0.180842 0.338132
v 0.270144 0.418528 -0.155366
vn 0.752467 -0.658244 0.022534
vt 0.209999 0.353662
v 0.108661 0.364470 -0.374581
vn 0.243410 -0.915058 -0.321589
vt 0.201395 0.281668
v 0.252952 0.435324 -0.374407
vn 0.717606 -0.642825 -0.267990
vt 0.225791 0.312367
v 0.106463 0.403159 -0.442911
vn 0.198575 -0.855802 -0.477672
vt 0.217941 0.259764
v 0.240824 0.460910 -0.436112
vn 0.673640 -0.617843 -0.405561
vt 0.241160 0.282583
v 0.282480 0.513390 -0.374600
vn 0.909818 -0.355208 -0.214611
vt 0.250624 0.331563
v 0.301675 0.493097 -0.155443
vn 0.927653 -0.372240 0.029951
vt 0.236834 0.366001
v 0.271862 0.509484 0.035372
vn 0.909487 -0.369944 0.189670
vt 0.224481 0.399625
v 0.255471 0.545860 0.174280
vn 0.913235 -0.395888 0.096309
vt 0.215529 0.422880
v 0.231803 0.495771 0.175969
vn 0.867765 -0.475429 -0.144745
vt 0.188739 0.428180
v 0.241117 0.394644 0.252906
vn 0.724083 -0.380253 -0.575422
vt 0.162422 0.439676
v 0.254189 0.308139 0.323267
vn 0.624180 -0.465889 -0.627173
vt 0.132180 0.447608
v 0.294324 0.365859 0.370499
vn 0.976239 -0.095671 -0.194433
vt 0.132970 0.474598
v 0.300208 0.236170 0.430277
vn 0.936900 -0.164199 -0.308639
vt 0.103601 0.477425
v 0.300375 0.251334 0.506140
vn 0.886374 0.143488 0.440173
vt 0.101071 0.501264
v 0.292639 0.153343 0.533518
vn 0.907845 0.093687 0.408705
vt 0.073230 0.501572
v 0.209035 0.160015 0.607294
vn 0.428938 0.273717 0.860866
vt 0.069144 0.524408
v 0.210848 0.078218 0.630093
vn 0.450607 0.235978 0.860969
vt 0.041070 0.525045
v 0.302041 0.480940 0.332646
vn 0.992119 -0.053471 -0.113313
vt 0.165849 0.471766
v 0.277148 0.396542 0.469318
vn 0.876260 0.156789 0.455615
vt 0.130247 0.501596
v 0.209179 0.260158 0.565247
vn 0.415443 0.269807 0.868684
vt 0.097209 0.524466
v 0.293029 0.135860 0.474314
vn 0.908386 -0.160402 -0.386143
vt 0.076391 0.479772
v 0.236979 0.217497 0.376082
vn 0.506839 -0.430785 -0.746685
vt 0.103978 0.454068
v 0.122334 0.290009 0.270240
vn 0.364769 -0.618481 -0.696006
vt 0.129352 0.422091
v 0.218681 0.123105 0.406183
vn 0.438572 -0.300958 -0.846805
vt 0.077430 0.459577
v 0.119771 0.223638 0.342865
vn 0.249962 -0.498642 -0.829985
vt 0.102707 0.431663
v 0.129673 0.120696 0.390084
vn 0.186196 -0.328833 -0.925851
vt 0.074604 0.442445
v 0.293483 0.077725 0.547737
vn 0.930067 0.089152 0.356410
vt 0.046317 0.500846
v 0.290309 0.067930 0.480436
vn 0.888488 -0.094876 -0.448985
vt 0.051306 0.480514
v 0.215805 0.061898 0.423105
vn 0.391874 -0.230409 -0.890700
vt 0.054748 0.462025
v 0.134168 0.062807 0.410406
vn 0.141103 -0.291405 -0.946136
vt 0.057146 0.443377
v 0.294327 0.002108 0.561956
vn 0.939284 0.088564 0.331516
vt 0.019659 0.496252
v 0.287588 -0.000000 0.486557
vn 0.872698 -0.092799 -0.479360
vt 0.027767 0.479411
v 0.217951 0.000692 0.440025
vn 0.363042 -0.225074 -0.904181
vt 0.033105 0.464628
v 0.138663 0.004917 0.430727
vn 0.120517 -0.290143 -0.949364
vt 0.038140 0.440890
v 0.261657 0.658628 0.411413
vn 0.895332 0.164437 0.413934
vt 0.197220 0.510602
v 0.213147 0.496284 0.507593
vn 0.508001 0.167160 0.844981
vt 0.153525 0.531032
v 0.114583 0.445633 0.534655
vn 0.163704 0.111474 0.980191
vt 0.139338 0.552717
v 0.121160 0.372254 0.554022
vn 0.161884 0.253466 0.953703
vt 0.119933 0.549989
v 0.215925 0.387582 0.536552
vn 0.429826 0.237963 0.870990
vt 0.125230 0.526771
v 0.131000 0.262484 0.586142
vn 0.197035 0.294789 0.935028
vt 0.093390 0.545420
v 0.131279 0.160172 0.619682
vn 0.190866 0.318617 0.928468
vt 0.065069 0.546551
v 0.132433 0.080086 0.647064
vn 0.162173 0.268460 0.949542
vt 0.039396 0.549484
v 0.133587 0.000000 0.661440
vn 0.143902 0.242376 0.959451
vt 0.012948 0.552232
v 0.212662 -0.003577 0.656166
vn 0.454534 0.225281 0.861770
vt 0.009424 0.525443
v 0.269393 0.532412 0.441820
vn 0.887042 0.124154 0.444683
vt 0.161711 0.503749
v 0.301675 0.493097 -0.155443
vn 0.927839 -0.371755 0.030224
vt 0.236834 0.366001
v 0.103889 0.448477 -0.522945
vn 0.257941 -0.961033 -0.099407
vt 0.238155 0.237466
v 0.105331 0.413919 -0.563860
vn 0.412294 -0.632937 0.655289
vt 0.236792 0.223170
v 0.106463 0.403159 -0.442911
vn 0.182305 -0.859391 -0.477716
vt 0.217941 0.259764
v 0.106581 0.382876 -0.600243
vn 0.347014 -0.652199 0.673957
vt 0.230919 0.210917
v 0.108539 0.334938 -0.655998
vn 0.257350 -0.677675 0.688860
vt 0.223989 0.193625
v 0.113218 0.288029 -0.715073
vn 0.130344 -0.703215 0.698927
vt 0.219492 0.176645
v 0.117898 0.242089 -0.773649
vn 0.037936 -0.405234 0.913425
vt 0.211657 0.164385
v 0.120479 0.186595 -0.772974
vn 0.048645 -0.044992 0.997802
vt 0.200464 0.157482
v 0.214952 0.185506 -0.777647
vn 0.376545 -0.018440 0.926215
vt 0.200066 0.139925
v 0.123063 0.130682 -0.772367
vn 0.144014 -0.028526 0.989164
vt 0.185226 0.152090
v 0.218212 0.130977 -0.783567
vn 0.415416 -0.036590 0.908895
vt 0.179480 0.128044
v 0.128963 -0.000408 -0.766743
vn 0.204301 -0.013438 0.978816
vt 0.142357 0.143412
v 0.224207 -0.000424 -0.795279
vn 0.455275 -0.053915 0.888717
vt 0.150558 0.110541
v 0.279832 0.131679 -0.830009
vn 0.779983 -0.073564 0.621462
vt 0.182069 0.109621
v 0.253672 -0.000444 -0.832287
vn 0.812801 -0.190972 0.550349
vt 0.154636 0.095302
v 0.313111 0.132277 -0.881931
vn 0.983480 -0.139598 0.115235
vt 0.189425 0.092139
v 0.258312 -0.000471 -0.882832
vn 0.946568 -0.320209 0.038398
vt 0.160479 0.078482
v 0.255584 0.253292 -0.817732
vn 0.766277 -0.222159 0.602881
vt 0.223042 0.136110
v 0.267713 0.190092 -0.824444
vn 0.735078 0.037974 0.676918
vt 0.204734 0.122998
v 0.303253 0.196145 -0.872501
vn 0.963258 0.041527 0.265348
vt 0.213759 0.106337
v 0.294559 0.218287 -0.955185
vn 0.859071 0.002278 -0.511851
vt 0.226986 0.089787
v 0.304137 0.306639 -0.949902
vn 0.882660 0.173361 -0.436872
vt 0.248311 0.104770
v 0.293392 0.262338 -0.862724
vn 0.954466 -0.057878 0.292650
vt 0.233893 0.120423
v 0.280448 0.358943 -0.934055
vn 0.812567 0.361837 -0.456956
vt 0.265199 0.118828
v 0.299751 0.330098 -0.825947
vn 0.985038 -0.099303 0.140848
vt 0.250459 0.134477
v 0.256760 0.411247 -0.918205
vn 0.730157 0.325925 -0.600535
vt 0.279563 0.132775
v 0.306115 0.395118 -0.790009
vn 0.997576 -0.012721 -0.068418
vt 0.264791 0.148816
v 0.304598 0.506994 -0.778524
vn 0.979972 0.021215 -0.198005
vt 0.278412 0.163523
v 0.165291 0.491575 -0.923309
vn 0.276644 0.149059 -0.949342
vt 0.307198 0.131218
v 0.178418 0.400692 -0.977905
vn 0.209699 0.458067 -0.863830
vt 0.294916 0.116329
v 0.192413 0.358165 -0.996960
vn 0.271663 0.482852 -0.832498
vt 0.282466 0.103293
v 0.284977 0.132466 -0.960125
vn 0.825144 -0.135058 -0.548540
vt 0.201395 0.074118
v 0.204206 0.224745 -1.017582
vn 0.308511 0.006631 -0.951198
vt 0.244478 0.073926
v 0.206409 0.315637 -1.016018
vn 0.306435 0.255713 -0.916902
vt 0.267169 0.090040
v 0.107495 0.359591 -0.997665
vn 0.013605 0.463695 -0.885891
vt 0.302578 0.087977
v 0.103891 0.390828 -0.978382
vn -0.025349 0.476426 -0.878849
vt 0.310438 0.098031
v 0.100440 0.459059 -0.941677
vn 0.110616 0.040201 -0.993050
vt 0.318001 0.117434
v 0.000018 0.531364 -0.960827
vn 0.000001 -0.211933 -0.977284
vt 0.349151 0.108807
v 0.000018 0.617657 -0.981651
vn -0.000000 -0.195890 -0.980626
vt 0.366170 0.121675
v 0.000019 0.455292 -0.943504
vn 0.000002 -0.214489 -0.976726
vt 0.332436 0.093181
v 0.111099 0.328355 -1.016949
vn 0.032084 0.252392 -0.967093
vt 0.293421 0.078172
v 0.117082 0.233049 -1.019402
vn 0.023092 0.020357 -0.999526
vt 0.265839 0.059127
v 0.202000 0.136536 -1.018787
vn 0.358997 -0.050249 -0.931985
vt 0.217919 0.056751
v 0.185787 -0.000539 -1.010471
vn 0.402521 -0.104912 -0.909379
vt 0.187536 0.032974
v 0.245521 -0.000506 -0.948425
vn 0.804379 -0.270944 -0.528739
vt 0.171250 0.057795
v 0.123063 0.140436 -1.021488
vn 0.084422 0.001853 -0.996428
vt 0.238266 0.045984
v 0.128963 -0.000546 -1.027023
vn 0.139968 -0.015093 -0.990041
vt 0.200401 0.015577
v 0.132433 0.080086 0.647064
vn -0.999629 -0.026687 -0.005537
vt 0.069248 0.280091
v 0.135936 0.002275 0.554686
vn -0.998927 -0.044327 -0.013385
vt 0.051493 0.301171
v 0.133587 0.000000 0.661440
vn -0.999495 -0.028605 -0.013811
vt 0.050974 0.276811
v 0.133236 0.072090 0.537560
vn -0.999113 -0.041876 -0.004432
vt 0.067424 0.305079
v 0.131279 0.160172 0.619682
vn -0.999684 -0.019334 0.016084
vt 0.087523 0.286339
v 0.130536 0.141906 0.513445
vn -0.999136 -0.037107 0.018697
vt 0.083355 0.310581
v 0.131000 0.262484 0.586142
vn -0.998909 -0.035171 0.030721
vt 0.110869 0.293993
v 0.125804 0.244510 0.473574
vn -0.999118 -0.030396 0.028957
vt 0.106768 0.319680
v 0.121160 0.372254 0.554022
vn -0.997866 -0.062616 0.018511
vt 0.135918 0.301322
v 0.121704 0.334189 0.422722
vn -0.999090 -0.040435 0.013546
vt 0.127232 0.331283
v 0.114583 0.445633 0.534655
vn -0.997619 -0.068789 0.005016
vt 0.152662 0.305742
v 0.116985 0.418684 0.360477
vn -0.998493 -0.054846 0.002051
vt 0.146513 0.345487
v 0.122334 0.290009 0.270240
vn -0.999797 -0.018229 0.008574
vt 0.117151 0.366078
v 0.119771 0.223638 0.342865
vn -0.999302 -0.025620 0.027192
vt 0.102005 0.349506
v 0.119766 0.387466 0.158123
vn -0.999163 -0.040892 -0.000914
vt 0.139389 0.379896
v 0.129673 0.120696 0.390084
vn -0.998266 -0.054869 0.021305
vt 0.078515 0.338731
v 0.134168 0.062807 0.410406
vn -0.998366 -0.057055 -0.003327
vt 0.065305 0.334094
v 0.138663 0.004917 0.430727
vn -0.998112 -0.060038 -0.012957
vt 0.052096 0.329457
v 0.212662 -0.003577 0.656166
vn -0.013867 -0.999356 -0.033102
vt 0.856124 0.469449
v 0.133587 0.000000 0.661440
vn -0.046666 -0.998661 -0.022310
vt 0.839367 0.480748
v 0.135936 0.002275 0.554686
vn -0.046666 -0.998661 -0.022310
vt 0.826201 0.456911
v 0.138663 0.004917 0.430727
vn -0.025516 -0.999642 -0.008022
vt 0.810913 0.429233
v 0.294327 0.002108 0.561956
vn -0.014919 -0.999888 -0.000866
vt 0.862052 0.438211
v 0.287588 -0.000000 0.486557
vn -0.048742 -0.997923 0.042126
vt 0.850901 0.422452
v 0.217951 0.000692 0.440025
vn -0.048742 -0.997923 0.042126
vt 0.829584 0.421120
v -0.103855 0.448523 -0.716671
vn -0.009380 -0.999769 -0.019324
vt 0.107021 0.945829
v -0.100408 0.459057 -0.941677
vn -0.018756 -0.999086 -0.038404
vt 0.055677 0.945042
v 0.000019 0.455292 -0.943504
vn 0.000009 -0.999262 -0.038411
vt 0.055260 0.922126
v 0.103886 0.448524 -0.716673
vn 0.009394 -0.999769 -0.019327
vt 0.107020 0.898425
v 0.100440 0.459059 -0.941677
vn 0.018775 -0.999086 -0.038404
vt 0.055677 0.899211
v 0.000015 0.448523 -0.716671
vn 0.000007 -0.999813 -0.019327
vt 0.107021 0.922127
v -0.103852 0.448477 -0.522945
vn -0.257950 -0.961032 -0.099397
vt 0.151227 0.945828
v 0.000018 0.448477 -0.522945
vn 0.000002 -0.966721 -0.255833
vt 0.151227 0.922126
v 0.000013 0.402894 -0.443168
vn -0.000000 -0.869217 -0.494432
vt 0.169431 0.922127
v 0.106463 0.403159 -0.442911
vn 0.182305 -0.859391 -0.477716
vt 0.169490 0.897836
v 0.103889 0.448477 -0.522945
vn 0.257941 -0.961033 -0.099407
vt 0.151227 0.898424
v -0.106430 0.403159 -0.442911
vn -0.182304 -0.859387 -0.477722
vt 0.169490 0.946416
v -0.123027 0.139680 -0.900673
vn 0.999056 -0.043444 0.000557
vt 0.096958 0.224518
v -0.128927 0.000069 -0.901066
vn 0.999084 -0.042794 -0.000861
vt 0.065100 0.224428
v -0.128927 0.000184 -1.027115
vn 0.999117 -0.042013 -0.000270
vt 0.065126 0.195665
v -0.123027 0.141159 -1.021374
vn 0.998945 -0.045681 0.004796
vt 0.097295 0.196975
v -0.117041 0.237304 -1.018421
vn 0.998549 -0.049645 0.020841
vt 0.119234 0.197649
v -0.120443 0.217280 -0.902092
vn 0.999000 -0.044339 0.005827
vt 0.114665 0.224194
v -0.117862 0.294043 -0.903618
vn 0.997204 -0.074721 0.001233
vt 0.132182 0.223846
v -0.111058 0.332598 -1.015568
vn 0.995640 -0.090566 0.022321
vt 0.140979 0.198300
v -0.107454 0.363753 -0.996155
vn 0.991554 -0.129179 0.011564
vt 0.148089 0.202730
v -0.123027 0.131044 -0.772268
vn 0.999144 -0.041206 -0.003682
vt 0.094987 0.253818
v -0.128927 -0.000053 -0.766832
vn 0.999049 -0.043574 -0.001453
vt 0.065072 0.255059
v -0.120449 0.186594 -0.772972
vn 0.999196 -0.039022 -0.009188
vt 0.107663 0.253658
v -0.117867 0.242087 -0.773647
vn 0.998071 -0.058834 -0.019841
vt 0.120326 0.253504
v -0.113188 0.288027 -0.715071
vn 0.996423 -0.080921 -0.024337
vt 0.130809 0.266870
v -0.113188 0.331626 -0.860363
vn 0.994441 -0.105098 -0.006390
vt 0.140758 0.233716
v -0.108508 0.370110 -0.816813
vn 0.996770 -0.080308 -0.000493
vt 0.149539 0.243654
v -0.103850 0.394910 -0.976742
vn 0.995085 -0.098170 0.012980
vt 0.155198 0.207160
v -0.100408 0.459057 -0.941677
vn 0.997340 -0.071592 0.013705
vt 0.169836 0.215161
v -0.105940 0.413383 -0.761547
vn 0.998364 -0.057004 0.004481
vt 0.159414 0.256265
v -0.103855 0.448523 -0.716671
vn 0.998146 -0.060625 0.005359
vt 0.167432 0.266505
v -0.104973 0.429682 -0.740734
vn 0.998489 -0.054891 0.002561
vt 0.163133 0.261014
v -0.103852 0.448477 -0.522945
vn 0.998895 -0.046988 -0.001087
vt 0.167422 0.310711
v -0.105317 0.413919 -0.563860
vn 0.998976 -0.045203 -0.002060
vt 0.159536 0.301375
v -0.106581 0.382875 -0.600243
vn 0.999090 -0.042398 -0.004743
vt 0.152452 0.293073
v -0.108508 0.334936 -0.655998
vn 0.997953 -0.062408 -0.013962
vt 0.141513 0.280350
v -0.218139 0.629833 0.490284
vn -0.586749 0.138871 0.797772
vt 0.809658 0.697726
v -0.129337 0.616404 0.525276
vn -0.204824 0.064151 0.976694
vt 0.821595 0.723020
v -0.122154 0.665638 0.524385
vn -0.229971 0.095418 0.968508
vt 0.795200 0.740293
v 0.000005 0.659885 0.533473
vn -0.000000 0.080951 0.996718
vt 0.808479 0.765811
v 0.000011 0.602949 0.540722
vn 0.000001 0.044084 0.999028
vt 0.831696 0.750632
v 0.000015 0.451693 0.534050
vn 0.000004 0.005623 0.999984
vt 0.859096 0.731695
v -0.114553 0.445631 0.534657
vn -0.163705 0.111465 0.980192
vt 0.857411 0.701734
v -0.213116 0.496279 0.507595
vn -0.507997 0.167144 0.844986
vt 0.840417 0.682780
v -0.121122 0.372254 0.554022
vn -0.161887 0.253460 0.953704
vt 0.874390 0.697082
v -0.215887 0.387582 0.536552
vn -0.429828 0.237945 0.870994
vt 0.866620 0.674788
v -0.130962 0.262484 0.586142
vn -0.197025 0.294789 0.935030
vt 0.899313 0.690287
v -0.209142 0.260157 0.565248
vn -0.415442 0.269807 0.868684
vt 0.893716 0.669008
v -0.131240 0.160172 0.619682
vn -0.190861 0.318614 0.928470
vt 0.929270 0.688917
v -0.208997 0.160015 0.607294
vn -0.428937 0.273714 0.860868
vt 0.922339 0.665184
v -0.132395 0.080086 0.647064
vn -0.162173 0.268461 0.949541
vt 0.958892 0.687919
v -0.210810 0.078219 0.630093
vn -0.450606 0.235978 0.860969
vt 0.951823 0.660873
v -0.133549 0.000000 0.661440
vn -0.143902 0.242376 0.959451
vt 0.990888 0.684076
v -0.212624 -0.003577 0.656166
vn -0.454534 0.225281 0.861770
vt 0.984652 0.653524
v -0.294289 0.002109 0.561956
vn -0.939284 0.088564 0.331516
vt 0.966151 0.627591
v -0.290271 0.067930 0.480436
vn -0.888489 -0.094877 -0.448982
vt 0.933110 0.617057
v -0.217914 0.000692 0.440025
vn -0.363045 -0.225074 -0.904179
vt 0.950320 0.599905
v -0.287550 0.000000 0.486557
vn -0.872700 -0.092798 -0.479357
vt 0.955598 0.613392
v -0.293445 0.077726 0.547737
vn -0.930066 0.089148 0.356411
vt 0.941408 0.636864
v -0.292602 0.153343 0.533518
vn -0.907844 0.093682 0.408708
vt 0.914546 0.641937
v -0.300337 0.251333 0.506140
vn -0.886373 0.143490 0.440174
vt 0.886591 0.645773
v -0.277110 0.396542 0.469318
vn -0.876260 0.156742 0.455632
vt 0.857958 0.650287
v -0.269374 0.532402 0.441820
vn -0.887031 0.124128 0.444712
vt 0.827979 0.656871
v -0.261620 0.658628 0.411415
vn -0.895321 0.164463 0.413947
vt 0.795223 0.668418
v -0.198660 0.676291 0.491211
vn -0.595463 0.177093 0.783621
vt 0.781395 0.716682
v -0.235763 0.747314 0.422405
vn -0.816781 0.279357 0.504805
vt 0.734188 0.717659
v -0.174511 0.733887 0.492361
vn -0.561345 0.223215 0.796911
vt 0.756662 0.738597
v -0.250075 0.698225 0.416322
vn -0.875945 0.199468 0.439241
vt 0.764056 0.690104
v -0.302020 0.480928 0.332646
vn -0.992122 -0.053531 -0.113263
vt 0.818316 0.626007
v -0.294286 0.365858 0.370499
vn -0.976240 -0.095730 -0.194399
vt 0.850643 0.623719
v -0.300172 0.236169 0.430277
vn -0.936901 -0.164199 -0.308635
vt 0.880142 0.621854
v -0.292992 0.135860 0.474316
vn -0.908388 -0.160405 -0.386137
vt 0.907847 0.619926
v -0.241093 0.394635 0.252906
vn -0.724075 -0.380320 -0.575388
vt 0.815441 0.594470
v -0.254151 0.308138 0.323268
vn -0.624179 -0.465932 -0.627143
vt 0.846153 0.596725
v -0.236942 0.217497 0.376082
vn -0.506837 -0.430790 -0.746684
vt 0.875488 0.597997
v -0.218643 0.123105 0.406183
vn -0.438571 -0.300958 -0.846806
vt 0.903588 0.598856
v -0.215768 0.061898 0.423105
vn -0.391876 -0.230405 -0.890700
vt 0.927586 0.598049
v -0.138626 0.004917 0.430727
vn -0.120517 -0.290144 -0.949364
vt 0.945654 0.571625
v -0.134131 0.062807 0.410406
vn -0.141102 -0.291402 -0.946137
vt 0.923328 0.576379
v -0.129636 0.120696 0.390085
vn -0.186190 -0.328830 -0.925853
vt 0.903432 0.579452
v -0.119733 0.223638 0.342866
vn -0.249960 -0.498648 -0.829982
vt 0.872066 0.574552
v -0.122300 0.290008 0.270240
vn -0.364758 -0.618511 -0.695985
vt 0.843041 0.570713
v -0.119738 0.387464 0.158123
vn -0.504461 -0.542341 -0.671853
vt 0.808886 0.567817
v -0.128927 0.000069 -0.901066
vn 0.000006 -1.000000 -0.000912
vt 0.838013 0.357157
v -0.128927 -0.000053 -0.766832
vn 0.000006 -1.000000 -0.000914
vt 0.855219 0.386750
v -0.224172 -0.000028 -0.795368
vn 0.000006 -1.000000 -0.000914
vt 0.830564 0.392668
v -0.253636 0.000006 -0.832375
vn 0.000006 -1.000000 -0.000913
vt 0.819324 0.388286
v -0.258277 0.000052 -0.882923
vn 0.000005 -1.000000 -0.000912
vt 0.811822 0.377737
v -0.245485 0.000112 -0.948513
vn 0.000007 -1.000000 -0.000911
vt 0.806234 0.361637
v -0.185752 0.000169 -1.010559
vn 0.000008 -1.000000 -0.000909
vt 0.811450 0.340301
v -0.128927 0.000184 -1.027115
vn 0.000008 -1.000000 -0.000909
vt 0.821855 0.329367
v 0.129359 0.616407 0.525276
vn 0.204828 0.064168 0.976692
vt 0.180483 0.565764
v 0.000015 0.451693 0.534050
vn 0.000004 0.005623 0.999984
vt 0.135986 0.589533
v 0.000011 0.602949 0.540722
vn 0.000001 0.044084 0.999028
vt 0.184004 0.591771
v 0.123063 0.130682 -0.772367
vn -0.999127 -0.041639 -0.003422
vt 0.102769 0.788854
v 0.128963 -0.000479 -0.900978
vn -0.999084 -0.042794 -0.000800
vt 0.072839 0.818202
v 0.128963 -0.000408 -0.766743
vn -0.999049 -0.043576 -0.001390
vt 0.072856 0.787571
v 0.123063 0.139132 -0.900784
vn -0.999026 -0.044117 0.000694
vt 0.104697 0.818157
v 0.120479 0.186595 -0.772974
vn -0.999186 -0.039460 -0.008384
vt 0.115528 0.788993
v 0.120484 0.213513 -0.902992
vn -0.998968 -0.044980 0.006273
vt 0.121670 0.818662
v 0.117898 0.242089 -0.773649
vn -0.998145 -0.058022 -0.018418
vt 0.128191 0.789147
v 0.117903 0.290268 -0.904839
vn -0.997302 -0.073356 0.002823
vt 0.139185 0.819083
v 0.113218 0.288029 -0.715073
vn -0.996510 -0.080101 -0.023487
vt 0.138674 0.775780
v 0.113218 0.331627 -0.860363
vn -0.994528 -0.104379 -0.004408
vt 0.148623 0.808934
v 0.108539 0.334938 -0.655998
vn -0.997921 -0.062915 -0.013999
vt 0.149378 0.762300
v 0.108539 0.370111 -0.816814
vn -0.996720 -0.080923 0.000396
vt 0.157404 0.798997
v 0.106581 0.382876 -0.600243
vn -0.999083 -0.042575 -0.004644
vt 0.160317 0.749577
v 0.105900 0.413385 -0.761549
vn -0.998399 -0.056363 0.004728
vt 0.167279 0.786386
v 0.105331 0.413919 -0.563860
vn -0.999013 -0.044378 -0.001864
vt 0.167401 0.741275
v 0.104966 0.429682 -0.740734
vn -0.998553 -0.053703 0.002721
vt 0.170998 0.781636
v 0.103889 0.448477 -0.522945
vn -0.998941 -0.046006 -0.000970
vt 0.175287 0.731939
v 0.103886 0.448524 -0.716673
vn -0.998233 -0.059177 0.005460
vt 0.175297 0.776145
v 0.100440 0.459059 -0.941677
vn -0.997438 -0.070135 0.014098
vt 0.177701 0.827489
v 0.103891 0.390828 -0.978382
vn -0.994988 -0.098891 0.014794
vt 0.162132 0.835865
v 0.107495 0.359591 -0.997665
vn -0.991594 -0.128556 0.014675
vt 0.155004 0.840265
v 0.111099 0.328355 -1.016949
vn -0.995772 -0.088649 0.024074
vt 0.147876 0.844665
v 0.117082 0.233049 -1.019402
vn -0.998505 -0.050490 0.020930
vt 0.126128 0.845225
v 0.123063 0.140436 -1.021488
vn -0.998902 -0.046594 0.004810
vt 0.104995 0.845701
v 0.128963 -0.000546 -1.027023
vn -0.999117 -0.042012 -0.000211
vt 0.072824 0.846964
g Hund_part_0
# Submesh 0: 1224 triangles
f 1/1/1 2/2/2 3/3/3
f 1/1/1 4/4/4 5/5/5
f 1/1/1 5/5/5 6/6/6
f 6/6/6 7/7/7 1/1/1
f 8/8/8 9/9/9 10/10/10
f 11/11/11 10/10/10 9/9/9
f 11/11/11 9/9/9 6/6/6
f 11/11/11 6/6/6 5/5/5
f 12/12/12 13/13/13 14/14/14
f 12/12/12 15/15/15 13/13/13
f 13/13/13 15/15/15 16/16/16
f 15/15/15 8/8/8 16/16/16
f 15/15/15 17/17/17 8/8/8
f 8/8/8 17/17/17 9/9/9
f 17/17/17 18/18/18 9/9/9
f 18/18/18 6/6/6 9/9/9
f 6/6/6 18/18/18 19/19/19
f 6/6/6 19/19/19 7/7/7
f 7/7/7 19/19/19 20/20/20
f 1/1/1 7/7/7 20/20/20
f 20/20/20 21/21/21 1/1/1
f 1/1/1 21/21/21 2/2/2
f 21/21/21 22/22/22 2/2/2
f 21/21/21 23/23/23 22/22/22
f 21/21/21 24/24/24 23/23/23
f 21/21/21 25/25/25 24/24/24
f 21/21/21 26/26/26 25/25/25
f 26/26/26 27/27/27 25/25/25
f 27/27/27 28/28/28 25/25/25
f 18/18/18 17/17/17 19/19/19
f 19/19/19 17/17/17 29/29/29
f 29/29/29 17/17/17 30/30/30
f 31/31/31 29/29/29 30/30/30
f 20/20/20 19/19/19 29/29/29
f 21/21/21 20/20/20 29/29/29
f 31/31/31 21/21/21 29/29/29
f 26/26/26 21/21/21 31/31/31
f 26/26/26 31/31/31 32/32/32
f 32/32/32 31/31/31 30/30/30
f 12/12/12 32/32/32 30/30/30
f 12/12/12 30/30/30 17/17/17
f 12/12/12 17/17/17 15/15/15
f 33/33/33 34/34/34 35/35/35
f 33/33/33 35/35/35 36/36/36
f 36/36/36 37/37/37 33/33/33
f 36/36/36 38/38/38 37/37/37
f 37/37/37 38/38/38 39/39/39
f 37/37/37 39/39/39 40/40/40
f 39/39/39 41/41/41 40/40/40
f 41/41/41 42/42/42 40/40/40
f 41/41/41 28/28/28 42/42/42
f 43/43/43 42/42/42 28/28/28
f 27/27/27 43/43/43 28/28/28
f 44/44/44 43/43/43 27/27/27
f 26/26/26 44/44/44 27/27/27
f 44/44/44 26/26/26 45/45/45
f 26/26/26 32/32/32 45/45/45
f 46/46/46 45/45/45 32/32/32
f 46/46/46 32/32/32 12/12/12
f 14/14/14 46/46/46 12/12/12
f 28/28/28 41/41/41 47/47/47
f 39/39/39 47/47/47 41/41/41
f 37/37/37 48/48/48 33/33/33
f 48/48/48 37/37/37 40/40/40
f 49/49/49 50/50/50 51/51/51
f 49/49/49 51/51/51 52/52/52
f 53/53/53 52/52/52 51/51/51
f 53/53/53 54/54/54 52/52/52
f 53/53/53 55/55/55 54/54/54
f 53/53/53 56/56/56 55/55/55
f 14/14/14 55/55/55 56/56/56
f 56/56/56 46/46/46 14/14/14
f 46/46/46 56/56/56 57/57/57
f 46/46/46 57/57/57 45/45/45
f 57/57/57 58/58/58 45/45/45
f 44/44/44 45/45/45 58/58/58
f 44/44/44 58/58/58 43/43/43
f 43/43/43 58/58/58 59/59/59
f 59/59/59 42/42/42 43/43/43
f 42/42/42 59/59/59 40/40/40
f 40/40/40 59/59/59 60/60/60
f 40/40/40 60/60/60 48/48/48
f 61/61/61 58/58/58 57/57/57
f 61/61/61 62/62/62 58/58/58
f 63/63/63 58/58/58 62/62/62
f 59/59/59 58/58/58 63/63/63
f 59/59/59 63/63/63 60/60/60
f 64/64/64 60/60/60 63/63/63
f 60/60/60 64/64/64 65/65/65
f 63/63/63 62/62/62 64/64/64
f 48/48/48 60/60/60 65/65/65
f 65/65/65 33/33/33 48/48/48
f 65/65/65 34/34/34 33/33/33
f 64/64/64 34/34/34 65/65/65
f 64/64/64 66/66/66 34/34/34
f 62/62/62 66/66/66 64/64/64
f 62/62/62 67/67/67 66/66/66
f 67/67/67 62/62/62 61/61/61
f 61/61/61 68/68/68 67/67/67
f 57/57/57 68/68/68 61/61/61
f 57/57/57 69/69/69 68/68/68
f 56/56/56 69/69/69 57/57/57
f 56/56/56 53/53/53 69/69/69
f 70/70/70 69/69/69 53/53/53
f 51/51/51 70/70/70 53/53/53
f 50/50/50 70/70/70 51/51/51
f 50/50/50 71/71/71 70/70/70
f 72/72/72 71/71/71 50/50/50
f 71/71/71 73/73/73 70/70/70
f 70/70/70 73/73/73 69/69/69
f 66/66/66 67/67/67 74/74/74
f 66/66/66 74/74/74 75/75/75
f 75/75/75 34/34/34 66/66/66
f 76/76/76 77/77/77 78/78/78
f 76/76/76 79/79/79 77/77/77
f 80/80/80 79/79/79 76/76/76
f 80/80/80 81/81/81 79/79/79
f 82/82/82 81/81/81 80/80/80
f 82/82/82 83/83/83 81/81/81
f 83/83/83 82/82/82 84/84/84
f 83/83/83 84/84/84 85/85/85
f 85/85/85 84/84/84 74/74/74
f 85/85/85 74/74/74 86/86/86
f 86/86/86 74/74/74 67/67/67
f 67/67/67 87/87/87 86/86/86
f 67/67/67 68/68/68 87/87/87
f 68/68/68 88/88/88 87/87/87
f 68/68/68 69/69/69 88/88/88
f 69/69/69 89/89/89 88/88/88
f 69/69/69 73/73/73 89/89/89
f 90/90/90 89/89/89 73/73/73
f 91/91/91 92/92/92 93/93/93
f 93/93/93 92/92/92 94/94/94
f 93/93/93 94/94/94 95/95/95
f 94/94/94 96/96/96 95/95/95
f 95/95/95 96/96/96 88/88/88
f 96/96/96 87/87/87 88/88/88
f 96/96/96 97/97/97 87/87/87
f 97/97/97 86/86/86 87/87/87
f 97/97/97 85/85/85 86/86/86
f 98/98/98 85/85/85 97/97/97
f 98/98/98 83/83/83 85/85/85
f 81/81/81 83/83/83 98/98/98
f 81/81/81 98/98/98 99/99/99
f 79/79/79 81/81/81 99/99/99
f 79/79/79 99/99/99 100/100/100
f 77/77/77 79/79/79 100/100/100
f 77/77/77 100/100/100 101/101/101
f 102/102/102 77/77/77 101/101/101
f 103/103/103 100/100/100 99/99/99
f 91/91/91 93/93/93 104/104/104
f 104/104/104 105/105/105 106/106/106
f 104/104/104 93/93/93 105/105/105
f 105/105/105 93/93/93 95/95/95
f 92/92/92 107/107/107 108/108/108
f 92/92/92 108/108/108 94/94/94
f 94/94/94 108/108/108 103/103/103
f 94/94/94 103/103/103 109/109/109
f 109/109/109 103/103/103 99/99/99
f 109/109/109 99/99/99 98/98/98
f 109/109/109 98/98/98 97/97/97
f 109/109/109 97/97/97 96/96/96
f 94/94/94 109/109/109 96/96/96
f 110/110/110 111/111/111 112/112/112
f 113/113/113 111/111/111 110/110/110
f 113/113/113 114/114/114 111/111/111
f 101/101/101 114/114/114 113/113/113
f 101/101/101 115/115/115 114/114/114
f 100/100/100 115/115/115 101/101/101
f 100/100/100 116/116/116 115/115/115
f 103/103/103 116/116/116 100/100/100
f 108/108/108 116/116/116 103/103/103
f 108/108/108 117/117/117 116/116/116
f 115/115/115 116/116/116 117/117/117
f 115/115/115 117/117/117 118/118/118
f 114/114/114 115/115/115 118/118/118
f 114/114/114 118/118/118 119/119/119
f 111/111/111 114/114/114 119/119/119
f 111/111/111 119/119/119 120/120/120
f 112/112/112 111/111/111 120/120/120
f 102/102/102 101/101/101 113/113/113
f 121/121/121 102/102/102 113/113/113
f 121/121/121 113/113/113 110/110/110
f 122/122/122 121/121/121 110/110/110
f 110/110/110 112/112/112 122/122/122
f 122/122/122 112/112/112 123/123/123
f 123/123/123 112/112/112 124/124/124
f 112/112/112 120/120/120 124/124/124
f 120/120/120 125/125/125 124/124/124
f 120/120/120 126/126/126 125/125/125
f 119/119/119 126/126/126 120/120/120
f 119/119/119 127/127/127 126/126/126
f 118/118/118 127/127/127 119/119/119
f 118/118/118 128/128/128 127/127/127
f 117/117/117 128/128/128 118/118/118
f 117/117/117 129/129/129 128/128/128
f 107/107/107 129/129/129 117/117/117
f 107/107/107 117/117/117 108/108/108
f 122/122/122 123/123/123 130/130/130
f 130/130/130 123/123/123 131/131/131
f 131/131/131 123/123/123 132/132/132
f 123/123/123 124/124/124 132/132/132
f 124/124/124 133/133/133 132/132/132
f 124/124/124 125/125/125 133/133/133
f 133/133/133 125/125/125 134/134/134
f 126/126/126 134/134/134 125/125/125
f 126/126/126 135/135/135 134/134/134
f 127/127/127 135/135/135 126/126/126
f 127/127/127 136/136/136 135/135/135
f 128/128/128 136/136/136 127/127/127
f 128/128/128 137/137/137 136/136/136
f 129/129/129 137/137/137 128/128/128
f 129/129/129 138/138/138 137/137/137
f 139/139/139 138/138/138 129/129/129
f 139/139/139 129/129/129 107/107/107
f 91/91/91 139/139/139 107/107/107
f 91/91/91 107/107/107 92/92/92
f 137/137/137 140/140/140 136/136/136
f 136/136/136 140/140/140 141/141/141
f 136/136/136 141/141/141 135/135/135
f 135/135/135 141/141/141 142/142/142
f 135/135/135 142/142/142 134/134/134
f 138/138/138 143/143/143 137/137/137
f 137/137/137 143/143/143 140/140/140
f 143/143/143 144/144/144 140/140/140
f 140/140/140 144/144/144 145/145/145
f 140/140/140 145/145/145 141/141/141
f 141/141/141 145/145/145 146/146/146
f 141/141/141 146/146/146 142/142/142
f 142/142/142 146/146/146 147/147/147
f 142/142/142 147/147/147 148/148/148
f 134/134/134 142/142/142 148/148/148
f 134/134/134 148/148/148 149/149/149
f 133/133/133 134/134/134 149/149/149
f 146/146/146 145/145/145 150/150/150
f 147/147/147 146/146/146 151/151/151
f 146/146/146 150/150/150 151/151/151
f 151/151/151 150/150/150 152/152/152
f 131/131/131 132/132/132 153/153/153
f 132/132/132 154/154/154 153/153/153
f 132/132/132 133/133/133 154/154/154
f 133/133/133 155/155/155 154/154/154
f 133/133/133 149/149/149 155/155/155
f 149/149/149 156/156/156 155/155/155
f 149/149/149 148/148/148 156/156/156
f 148/148/148 157/157/157 156/156/156
f 148/148/148 147/147/147 157/157/157
f 157/157/157 147/147/147 158/158/158
f 147/147/147 151/151/151 158/158/158
f 158/158/158 151/151/151 159/159/159
f 151/151/151 152/152/152 159/159/159
f 159/159/159 152/152/152 160/160/160
f 159/159/159 160/160/160 161/161/161
f 161/161/161 160/160/160 162/162/162
f 161/161/161 162/162/162 163/163/163
f 163/163/163 162/162/162 164/164/164
f 156/156/156 157/157/157 165/165/165
f 156/156/156 165/165/165 166/166/166
f 155/155/155 156/156/156 166/166/166
f 155/155/155 166/166/166 167/167/167
f 154/154/154 155/155/155 167/167/167
f 157/157/157 158/158/158 168/168/168
f 157/157/157 168/168/168 169/169/169
f 157/157/157 169/169/169 165/165/165
f 165/165/165 169/169/169 170/170/170
f 165/165/165 170/170/170 171/171/171
f 166/166/166 165/165/165 171/171/171
f 166/166/166 171/171/171 172/172/172
f 167/167/167 166/166/166 172/172/172
f 167/167/167 172/172/172 173/173/173
f 174/174/174 167/167/167 173/173/173
f 154/154/154 167/167/167 174/174/174
f 153/153/153 154/154/154 174/174/174
f 169/169/169 168/168/168 175/175/175
f 173/173/173 176/176/176 177/177/177
f 178/178/178 173/173/173 177/177/177
f 178/178/178 179/179/179 173/173/173
f 174/174/174 173/173/173 179/179/179
f 180/180/180 174/174/174 179/179/179
f 153/153/153 174/174/174 180/180/180
f 181/181/181 153/153/153 180/180/180
f 181/181/181 131/131/131 153/153/153
f 182/182/182 131/131/131 181/181/181
f 130/130/130 131/131/131 182/182/182
f 183/183/183 130/130/130 182/182/182
f 183/183/183 122/122/122 130/130/130
f 122/122/122 183/183/183 184/184/184
f 122/122/122 184/184/184 121/121/121
f 185/185/185 121/121/121 184/184/184
f 185/185/185 102/102/102 121/121/121
f 78/78/78 102/102/102 185/185/185
f 78/78/78 77/77/77 102/102/102
f 186/186/186 187/187/187 188/188/188
f 189/189/189 187/187/187 186/186/186
f 182/182/182 189/189/189 186/186/186
f 182/182/182 181/181/181 189/189/189
f 190/190/190 179/179/179 178/178/178
f 190/190/190 191/191/191 179/179/179
f 180/180/180 179/179/179 191/191/191
f 192/192/192 180/180/180 191/191/191
f 192/192/192 181/181/181 180/180/180
f 189/189/189 181/181/181 192/192/192
f 189/189/189 192/192/192 193/193/193
f 189/189/189 193/193/193 187/187/187
f 187/187/187 193/193/193 194/194/194
f 187/187/187 194/194/194 195/195/195
f 196/196/196 195/195/195 194/194/194
f 196/196/196 197/197/197 195/195/195
f 198/198/198 197/197/197 196/196/196
f 198/198/198 199/199/199 197/197/197
f 200/200/200 199/199/199 198/198/198
f 200/200/200 201/201/201 199/199/199
f 202/202/202 201/201/201 200/200/200
f 202/202/202 203/203/203 201/201/201
f 204/204/204 203/203/203 202/202/202
f 205/205/205 203/203/203 204/204/204
f 204/204/204 202/202/202 206/206/206
f 190/190/190 193/193/193 192/192/192
f 190/190/190 192/192/192 191/191/191
f 188/188/188 187/187/187 195/195/195
f 188/188/188 195/195/195 207/207/207
f 197/197/197 207/207/207 195/195/195
f 197/197/197 208/208/208 207/207/207
f 199/199/199 208/208/208 197/197/197
f 199/199/199 209/209/209 208/208/208
f 201/201/201 209/209/209 199/199/199
f 201/201/201 210/210/210 209/209/209
f 203/203/203 210/210/210 201/201/201
f 203/203/203 211/211/211 210/210/210
f 205/205/205 211/211/211 203/203/203
f 212/212/212 211/211/211 205/205/205
f 211/211/211 212/212/212 210/210/210
f 210/210/210 212/212/212 209/209/209
f 209/209/209 212/212/212 208/208/208
f 208/208/208 212/212/212 207/207/207
f 212/212/212 188/188/188 207/207/207
f 213/213/213 188/188/188 212/212/212
f 186/186/186 188/188/188 213/213/213
f 214/214/214 186/186/186 213/213/213
f 182/182/182 186/186/186 214/214/214
f 183/183/183 182/182/182 214/214/214
f 183/183/183 214/214/214 215/215/215
f 184/184/184 183/183/183 215/215/215
f 184/184/184 215/215/215 216/216/216
f 216/216/216 215/215/215 217/217/217
f 216/216/216 217/217/217 218/218/218
f 218/218/218 217/217/217 212/212/212
f 217/217/217 219/219/219 212/212/212
f 219/219/219 213/213/213 212/212/212
f 214/214/214 213/213/213 219/219/219
f 215/215/215 214/214/214 219/219/219
f 215/215/215 219/219/219 217/217/217
f 184/184/184 220/220/220 185/185/185
f 220/220/220 78/78/78 185/185/185
f 220/220/220 221/221/221 78/78/78
f 221/221/221 76/76/76 78/78/78
f 221/221/221 222/222/222 76/76/76
f 222/222/222 80/80/80 76/76/76
f 222/222/222 223/223/223 80/80/80
f 224/224/224 80/80/80 223/223/223
f 224/224/224 82/82/82 80/80/80
f 82/82/82 224/224/224 225/225/225
f 82/82/82 225/225/225 84/84/84
f 84/84/84 225/225/225 226/226/226
f 84/84/84 226/226/226 74/74/74
f 226/226/226 227/227/227 74/74/74
f 227/227/227 75/75/75 74/74/74
f 228/228/228 75/75/75 227/227/227
f 228/228/228 34/34/34 75/75/75
f 228/228/228 35/35/35 34/34/34
f 229/229/229 230/230/230 231/231/231
f 229/229/229 231/231/231 232/232/232
f 232/232/232 233/233/233 229/229/229
f 232/232/232 234/234/234 233/233/233
f 235/235/235 234/234/234 232/232/232
f 231/231/231 235/235/235 232/232/232
f 231/231/231 236/236/236 235/235/235
f 237/237/237 236/236/236 231/231/231
f 237/237/237 231/231/231 230/230/230
f 237/237/237 230/230/230 238/238/238
f 237/237/237 239/239/239 236/236/236
f 240/240/240 239/239/239 241/241/241
f 235/235/235 240/240/240 242/242/242
f 240/240/240 241/241/241 242/242/242
f 241/241/241 243/243/243 242/242/242
f 241/241/241 244/244/244 243/243/243
f 243/243/243 244/244/244 245/245/245
f 237/237/237 246/246/246 247/247/247
f 237/237/237 247/247/247 248/248/248
f 237/237/237 248/248/248 239/239/239
f 239/239/239 248/248/248 249/249/249
f 239/239/239 249/249/249 241/241/241
f 241/241/241 249/249/249 250/250/250
f 241/241/241 250/250/250 244/244/244
f 244/244/244 250/250/250 251/251/251
f 244/244/244 251/251/251 245/245/245
f 245/245/245 251/251/251 252/252/252
f 245/245/245 252/252/252 253/253/253
f 253/253/253 252/252/252 254/254/254
f 253/253/253 254/254/254 255/255/255
f 255/255/255 254/254/254 256/256/256
f 255/255/255 256/256/256 257/257/257
f 257/257/257 256/256/256 258/258/258
f 257/257/257 258/258/258 259/259/259
f 259/259/259 258/258/258 260/260/260
f 247/247/247 249/249/249 248/248/248
f 256/256/256 261/261/261 258/258/258
f 259/259/259 262/262/262 263/263/263
f 259/259/259 263/263/263 257/257/257
f 263/263/263 255/255/255 257/257/257
f 264/264/264 265/265/265 266/266/266
f 267/267/267 265/265/265 264/264/264
f 264/264/264 268/268/268 267/267/267
f 261/261/261 267/267/267 268/268/268
f 268/268/268 269/269/269 261/261/261
f 261/261/261 269/269/269 270/270/270
f 258/258/258 261/261/261 270/270/270
f 258/258/258 270/270/270 260/260/260
f 268/268/268 271/271/271 269/269/269
f 264/264/264 271/271/271 268/268/268
f 264/264/264 272/272/272 271/271/271
f 273/273/273 272/272/272 264/264/264
f 264/264/264 266/266/266 273/273/273
f 273/273/273 266/266/266 274/274/274
f 275/275/275 274/274/274 266/266/266
f 265/265/265 275/275/275 266/266/266
f 275/275/275 265/265/265 276/276/276
f 277/277/277 276/276/276 265/265/265
f 267/267/267 277/277/277 265/265/265
f 278/278/278 277/277/277 267/267/267
f 278/278/278 267/267/267 261/261/261
f 261/261/261 279/279/279 278/278/278
f 256/256/256 279/279/279 261/261/261
f 254/254/254 279/279/279 256/256/256
f 254/254/254 280/280/280 279/279/279
f 252/252/252 280/280/280 254/254/254
f 252/252/252 281/281/281 280/280/280
f 251/251/251 281/281/281 252/252/252
f 280/280/280 278/278/278 279/279/279
f 273/273/273 282/282/282 272/272/272
f 275/275/275 283/283/283 274/274/274
f 284/284/284 283/283/283 275/275/275
f 276/276/276 284/284/284 275/275/275
f 285/285/285 284/284/284 276/276/276
f 285/285/285 276/276/276 277/277/277
f 277/277/277 286/286/286 285/285/285
f 277/277/277 278/278/278 286/286/286
f 278/278/278 287/287/287 286/286/286
f 280/280/280 287/287/287 278/278/278
f 288/288/288 287/287/287 280/280/280
f 288/288/288 280/280/280 281/281/281
f 289/289/289 288/288/288 281/281/281
f 251/251/251 289/289/289 281/281/281
f 250/250/250 289/289/289 251/251/251
f 250/250/250 290/290/290 289/289/289
f 249/249/249 290/290/290 250/250/250
f 249/249/249 291/291/291 290/290/290
f 247/247/247 291/291/291 249/249/249
f 292/292/292 293/293/293 283/283/283
f 284/284/284 292/292/292 283/283/283
f 292/292/292 284/284/284 294/294/294
f 285/285/285 294/294/294 284/284/284
f 285/285/285 295/295/295 294/294/294
f 294/294/294 295/295/295 296/296/296
f 297/297/297 298/298/298 299/299/299
f 297/297/297 299/299/299 300/300/300
f 297/297/297 300/300/300 301/301/301
f 297/297/297 301/301/301 302/302/302
f 297/297/297 302/302/302 288/288/288
f 288/288/288 302/302/302 303/303/303
f 288/288/288 303/303/303 287/287/287
f 287/287/287 303/303/303 286/286/286
f 285/285/285 286/286/286 303/303/303
f 285/285/285 303/303/303 304/304/304
f 304/304/304 295/295/295 285/285/285
f 305/305/305 295/295/295 304/304/304
f 295/295/295 305/305/305 296/296/296
f 296/296/296 305/305/305 306/306/306
f 294/294/294 296/296/296 306/306/306
f 294/294/294 306/306/306 307/307/307
f 292/292/292 294/294/294 307/307/307
f 293/293/293 292/292/292 307/307/307
f 301/301/301 308/308/308 302/302/302
f 305/305/305 309/309/309 306/306/306
f 305/305/305 310/310/310 309/309/309
f 309/309/309 310/310/310 311/311/311
f 303/303/303 312/312/312 304/304/304
f 313/313/313 304/304/304 312/312/312
f 313/313/313 305/305/305 304/304/304
f 314/314/314 305/305/305 313/313/313
f 310/310/310 305/305/305 314/314/314
f 310/310/310 314/314/314 315/315/315
f 316/316/316 310/310/310 315/315/315
f 317/317/317 316/316/316 315/315/315
f 318/318/318 317/317/317 315/315/315
f 318/318/318 319/319/319 317/317/317
f 313/313/313 312/312/312 320/320/320
f 313/313/313 320/320/320 321/321/321
f 314/314/314 313/313/313 321/321/321
f 315/315/315 314/314/314 321/321/321
f 318/318/318 315/315/315 321/321/321
f 321/321/321 320/320/320 318/318/318
f 318/318/318 320/320/320 322/322/322
f 302/302/302 312/312/312 303/303/303
f 312/312/312 302/302/302 308/308/308
f 308/308/308 320/320/320 312/312/312
f 323/323/323 320/320/320 308/308/308
f 322/322/322 320/320/320 323/323/323
f 322/322/322 323/323/323 324/324/324
f 322/322/322 324/324/324 325/325/325
f 322/322/322 325/325/325 318/318/318
f 325/325/325 326/326/326 318/318/318
f 319/319/319 318/318/318 326/326/326
f 327/327/327 319/319/319 326/326/326
f 319/319/319 327/327/327 317/317/317
f 317/317/317 327/327/327 328/328/328
f 317/317/317 328/328/328 316/316/316
f 328/328/328 329/329/329 316/316/316
f 310/310/310 316/316/316 329/329/329
f 329/329/329 330/330/330 310/310/310
f 310/310/310 330/330/330 331/331/331
f 328/328/328 327/327/327 329/329/329
f 329/329/329 332/332/332 330/330/330
f 325/325/325 333/333/333 326/326/326
f 333/333/333 334/334/334 326/326/326
f 334/334/334 327/327/327 326/326/326
f 327/327/327 334/334/334 335/335/335
f 329/329/329 327/327/327 335/335/335
f 329/329/329 335/335/335 336/336/336
f 332/332/332 329/329/329 336/336/336
f 332/332/332 336/336/336 337/337/337
f 310/310/310 331/331/331 311/311/311
f 331/331/331 338/338/338 311/311/311
f 311/311/311 338/338/338 339/339/339
f 311/311/311 339/339/339 309/309/309
f 309/309/309 339/339/339 340/340/340
f 309/309/309 340/340/340 306/306/306
f 306/306/306 340/340/340 341/341/341
f 306/306/306 341/341/341 307/307/307
f 342/342/342 307/307/307 341/341/341
f 342/342/342 293/293/293 307/307/307
f 343/343/343 293/293/293 342/342/342
f 343/343/343 283/283/283 293/293/293
f 344/344/344 283/283/283 343/343/343
f 344/344/344 345/345/345 283/283/283
f 346/346/346 345/345/345 344/344/344
f 346/346/346 347/347/347 345/345/345
f 274/274/274 345/345/345 347/347/347
f 345/345/345 274/274/274 283/283/283
f 348/348/348 349/349/349 350/350/350
f 348/348/348 350/350/350 351/351/351
f 350/350/350 352/352/352 351/351/351
f 350/350/350 353/353/353 352/352/352
f 352/352/352 353/353/353 354/354/354
f 353/353/353 355/355/355 354/354/354
f 353/353/353 356/356/356 355/355/355
f 350/350/350 356/356/356 353/353/353
f 350/350/350 357/357/357 356/356/356
f 358/358/358 357/357/357 350/350/350
f 358/358/358 350/350/350 349/349/349
f 359/359/359 358/358/358 349/349/349
f 359/359/359 349/349/349 348/348/348
f 359/359/359 348/348/348 360/360/360
f 360/360/360 361/361/361 359/359/359
f 360/360/360 362/362/362 361/361/361
f 352/352/352 354/354/354 363/363/363
f 359/359/359 364/364/364 358/358/358
f 364/364/364 359/359/359 361/361/361
f 364/364/364 361/361/361 365/365/365
f 366/366/366 367/367/367 368/368/368
f 366/366/366 368/368/368 369/369/369
f 370/370/370 369/369/369 368/368/368
f 370/370/370 368/368/368 371/371/371
f 370/370/370 371/371/371 372/372/372
f 373/373/373 374/374/374 375/375/375
f 373/373/373 375/375/375 376/376/376
f 377/377/377 373/373/373 376/376/376
f 377/377/377 376/376/376 378/378/378
f 379/379/379 377/377/377 378/378/378
f 379/379/379 378/378/378 380/380/380
f 381/381/381 379/379/379 380/380/380
f 381/381/381 380/380/380 382/382/382
f 383/383/383 374/374/374 384/384/384
f 383/383/383 375/375/375 374/374/374
f 385/385/385 375/375/375 383/383/383
f 376/376/376 375/375/375 385/385/385
f 376/376/376 385/385/385 386/386/386
f 378/378/378 376/376/376 386/386/386
f 378/378/378 386/386/386 387/387/387
f 380/380/380 378/378/378 387/387/387
f 380/380/380 387/387/387 388/388/388
f 382/382/382 380/380/380 388/388/388
f 382/382/382 388/388/388 389/389/389
f 385/385/385 383/383/383 390/390/390
f 391/391/391 392/392/392 393/393/393
f 394/394/394 392/392/392 395/395/395
f 259/259/259 260/260/260 396/396/396
f 396/396/396 262/262/262 259/259/259
f 396/396/396 397/397/397 262/262/262
f 398/398/398 262/262/262 397/397/397
f 398/398/398 399/399/399 262/262/262
f 400/400/400 399/399/399 398/398/398
f 400/400/400 401/401/401 399/399/399
f 393/393/393 401/401/401 400/400/400
f 393/393/393 402/402/402 401/401/401
f 393/393/393 392/392/392 402/402/402
f 402/402/402 392/392/392 403/403/403
f 394/394/394 403/403/403 392/392/392
f 394/394/394 404/404/404 403/403/403
f 404/404/404 394/394/394 405/405/405
f 404/404/404 405/405/405 406/406/406
f 406/406/406 405/405/405 407/407/407
f 406/406/406 407/407/407 408/408/408
f 408/408/408 407/407/407 409/409/409
f 262/262/262 410/410/410 263/263/263
f 262/262/262 399/399/399 410/410/410
f 399/399/399 411/411/411 410/410/410
f 399/399/399 401/401/401 411/411/411
f 411/411/411 401/401/401 402/402/402
f 411/411/411 402/402/402 412/412/412
f 402/402/402 403/403/403 412/412/412
f 403/403/403 413/413/413 412/412/412
f 403/403/403 404/404/404 413/413/413
f 413/413/413 404/404/404 406/406/406
f 413/413/413 406/406/406 414/414/414
f 414/414/414 406/406/406 408/408/408
f 414/414/414 408/408/408 415/415/415
f 415/415/415 408/408/408 416/416/416
f 415/415/415 416/416/416 417/417/417
f 417/417/417 416/416/416 418/418/418
f 417/417/417 418/418/418 419/419/419
f 419/419/419 418/418/418 420/420/420
f 414/414/414 421/421/421 413/413/413
f 412/412/412 413/413/413 421/421/421
f 412/412/412 421/421/421 411/411/411
f 419/419/419 420/420/420 422/422/422
f 422/422/422 420/420/420 423/423/423
f 422/422/422 423/423/423 424/424/424
f 425/425/425 422/422/422 424/424/424
f 425/425/425 419/419/419 422/422/422
f 425/425/425 426/426/426 419/419/419
f 426/426/426 417/417/417 419/419/419
f 426/426/426 427/427/427 417/417/417
f 427/427/427 415/415/415 417/417/417
f 427/427/427 428/428/428 415/415/415
f 428/428/428 414/414/414 415/415/415
f 428/428/428 429/429/429 414/414/414
f 414/414/414 429/429/429 421/421/421
f 430/430/430 421/421/421 429/429/429
f 411/411/411 421/421/421 430/430/430
f 411/411/411 430/430/430 410/410/410
f 410/410/410 430/430/430 431/431/431
f 432/432/432 431/431/431 430/430/430
f 430/430/430 429/429/429 432/432/432
f 432/432/432 429/429/429 428/428/428
f 432/432/432 428/428/428 433/433/433
f 433/433/433 428/428/428 427/427/427
f 432/432/432 434/434/434 431/431/431
f 435/435/435 434/434/434 432/432/432
f 435/435/435 432/432/432 433/433/433
f 436/436/436 435/435/435 433/433/433
f 433/433/433 427/427/427 436/436/436
f 436/436/436 427/427/427 426/426/426
f 436/436/436 426/426/426 437/437/437
f 437/437/437 426/426/426 425/425/425
f 423/423/423 438/438/438 439/439/439
f 424/424/424 423/423/423 439/439/439
f 440/440/440 424/424/424 439/439/439
f 440/440/440 234/234/234 424/424/424
f 425/425/425 424/424/424 234/234/234
f 235/235/235 425/425/425 234/234/234
f 437/437/437 425/425/425 235/235/235
f 235/235/235 242/242/242 437/437/437
f 242/242/242 436/436/436 437/437/437
f 242/242/242 243/243/243 436/436/436
f 436/436/436 243/243/243 435/435/435
f 243/243/243 245/245/245 435/435/435
f 245/245/245 434/434/434 435/435/435
f 245/245/245 253/253/253 434/434/434
f 434/434/434 253/253/253 255/255/255
f 434/434/434 255/255/255 431/431/431
f 263/263/263 431/431/431 255/255/255
f 410/410/410 431/431/431 263/263/263
f 408/408/408 409/409/409 416/416/416
f 416/416/416 409/409/409 441/441/441
f 416/416/416 441/441/441 418/418/418
f 418/418/418 441/441/441 442/442/442
f 418/418/418 442/442/442 420/420/420
f 420/420/420 442/442/442 443/443/443
f 420/420/420 443/443/443 423/423/423
f 443/443/443 444/444/444 423/423/423
f 423/423/423 444/444/444 438/438/438
f 438/438/438 444/444/444 445/445/445
f 438/438/438 445/445/445 446/446/446
f 445/445/445 447/447/447 446/446/446
f 445/445/445 448/448/448 447/447/447
f 448/448/448 449/449/449 447/447/447
f 448/448/448 450/450/450 449/449/449
f 449/449/449 450/450/450 451/451/451
f 450/450/450 452/452/452 451/451/451
f 452/452/452 453/453/453 451/451/451
f 454/454/454 455/455/455 456/456/456
f 454/454/454 456/456/456 457/457/457
f 453/453/453 454/454/454 457/457/457
f 458/458/458 453/453/453 457/457/457
f 451/451/451 453/453/453 458/458/458
f 451/451/451 458/458/458 459/459/459
f 449/449/449 451/451/451 459/459/459
f 457/457/457 456/456/456 460/460/460
f 457/457/457 460/460/460 461/461/461
f 458/458/458 457/457/457 461/461/461
f 462/462/462 463/463/463 464/464/464
f 464/464/464 463/463/463 465/465/465
f 464/464/464 465/465/465 466/466/466
f 466/466/466 465/465/465 467/467/467
f 466/466/466 467/467/467 468/468/468
f 468/468/468 467/467/467 469/469/469
f 468/468/468 469/469/469 470/470/470
f 469/469/469 471/471/471 470/470/470
f 470/470/470 471/471/471 472/472/472
f 472/472/472 471/471/471 473/473/473
f 472/472/472 473/473/473 474/474/474
f 473/473/473 475/475/475 474/474/474
f 474/474/474 475/475/475 448/448/448
f 475/475/475 450/450/450 448/448/448
f 475/475/475 476/476/476 450/450/450
f 450/450/450 476/476/476 452/452/452
f 476/476/476 477/477/477 452/452/452
f 477/477/477 478/478/478 452/452/452
f 471/471/471 479/479/479 473/473/473
f 479/479/479 480/480/480 473/473/473
f 473/473/473 480/480/480 475/475/475
f 480/480/480 476/476/476 475/475/475
f 480/480/480 481/481/481 476/476/476
f 476/476/476 481/481/481 477/477/477
f 481/481/481 482/482/482 477/477/477
f 482/482/482 483/483/483 477/477/477
f 482/482/482 484/484/484 483/483/483
f 479/479/479 485/485/485 480/480/480
f 485/485/485 481/481/481 480/480/480
f 485/485/485 486/486/486 481/481/481
f 481/481/481 486/486/486 482/482/482
f 477/477/477 483/483/483 478/478/478
f 478/478/478 483/483/483 487/487/487
f 483/483/483 488/488/488 487/487/487
f 483/483/483 484/484/484 488/488/488
f 484/484/484 489/489/489 488/488/488
f 484/484/484 490/490/490 489/489/489
f 482/482/482 490/490/490 484/484/484
f 482/482/482 491/491/491 490/490/490
f 486/486/486 491/491/491 482/482/482
f 486/486/486 492/492/492 491/491/491
f 485/485/485 492/492/492 486/486/486
f 485/485/485 493/493/493 492/492/492
f 485/485/485 494/494/494 493/493/493
f 485/485/485 479/479/479 494/494/494
f 495/495/495 494/494/494 479/479/479
f 471/471/471 495/495/495 479/479/479
f 469/469/469 495/495/495 471/471/471
f 469/469/469 496/496/496 495/495/495
f 495/495/495 496/496/496 494/494/494
f 452/452/452 478/478/478 453/453/453
f 453/453/453 478/478/478 454/454/454
f 478/478/478 487/487/487 454/454/454
f 487/487/487 455/455/455 454/454/454
f 487/487/487 497/497/497 455/455/455
f 488/488/488 497/497/497 487/487/487
f 488/488/488 498/498/498 497/497/497
f 488/488/488 499/499/499 498/498/498
f 488/488/488 489/489/489 499/499/499
f 489/489/489 500/500/500 499/499/499
f 489/489/489 501/501/501 500/500/500
f 490/490/490 501/501/501 489/489/489
f 490/490/490 502/502/502 501/501/501
f 491/491/491 502/502/502 490/490/490
f 491/491/491 503/503/503 502/502/502
f 492/492/492 503/503/503 491/491/491
f 492/492/492 504/504/504 503/503/503
f 493/493/493 504/504/504 492/492/492
f 493/493/493 505/505/505 504/504/504
f 494/494/494 505/505/505 493/493/493
f 494/494/494 506/506/506 505/505/505
f 496/496/496 506/506/506 494/494/494
f 496/496/496 507/507/507 506/506/506
f 508/508/508 507/507/507 496/496/496
f 508/508/508 509/509/509 507/507/507
f 510/510/510 509/509/509 508/508/508
f 510/510/510 511/511/511 509/509/509
f 512/512/512 511/511/511 510/510/510
f 512/512/512 513/513/513 511/511/511
f 514/514/514 513/513/513 512/512/512
f 514/514/514 515/515/515 513/513/513
f 516/516/516 515/515/515 514/514/514
f 516/516/516 517/517/517 515/515/515
f 518/518/518 517/517/517 516/516/516
f 518/518/518 519/519/519 517/517/517
f 520/520/520 519/519/519 518/518/518
f 520/520/520 521/521/521 519/519/519
f 521/521/521 517/517/517 519/519/519
f 521/521/521 522/522/522 517/517/517
f 517/517/517 522/522/522 523/523/523
f 517/517/517 523/523/523 515/515/515
f 515/515/515 523/523/523 524/524/524
f 515/515/515 524/524/524 513/513/513
f 513/513/513 524/524/524 525/525/525
f 513/513/513 525/525/525 511/511/511
f 511/511/511 525/525/525 526/526/526
f 511/511/511 526/526/526 509/509/509
f 509/509/509 526/526/526 527/527/527
f 509/509/509 527/527/527 507/507/507
f 507/507/507 527/527/527 528/528/528
f 507/507/507 528/528/528 506/506/506
f 521/521/521 529/529/529 522/522/522
f 469/469/469 508/508/508 496/496/496
f 467/467/467 508/508/508 469/469/469
f 467/467/467 510/510/510 508/508/508
f 465/465/465 510/510/510 467/467/467
f 465/465/465 512/512/512 510/510/510
f 463/463/463 512/512/512 465/465/465
f 463/463/463 514/514/514 512/512/512
f 530/530/530 514/514/514 463/463/463
f 530/530/530 516/516/516 514/514/514
f 531/531/531 516/516/516 530/530/530
f 531/531/531 518/518/518 516/516/516
f 532/532/532 518/518/518 531/531/531
f 532/532/532 520/520/520 518/518/518
f 395/395/395 532/532/532 533/533/533
f 533/533/533 532/532/532 531/531/531
f 533/533/533 531/531/531 534/534/534
f 534/534/534 531/531/531 530/530/530
f 534/534/534 530/530/530 462/462/462
f 462/462/462 530/530/530 463/463/463
f 474/474/474 448/448/448 445/445/445
f 444/444/444 474/474/474 445/445/445
f 444/444/444 472/472/472 474/474/474
f 443/443/443 472/472/472 444/444/444
f 470/470/470 472/472/472 443/443/443
f 442/442/442 470/470/470 443/443/443
f 442/442/442 468/468/468 470/470/470
f 441/441/441 468/468/468 442/442/442
f 441/441/441 466/466/466 468/468/468
f 409/409/409 466/466/466 441/441/441
f 409/409/409 464/464/464 466/466/466
f 407/407/407 464/464/464 409/409/409
f 407/407/407 462/462/462 464/464/464
f 405/405/405 462/462/462 407/407/407
f 405/405/405 534/534/534 462/462/462
f 394/394/394 534/534/534 405/405/405
f 394/394/394 533/533/533 534/534/534
f 395/395/395 533/533/533 394/394/394
f 535/535/535 536/536/536 537/537/537
f 535/535/535 537/537/537 538/538/538
f 535/535/535 538/538/538 539/539/539
f 535/535/535 539/539/539 540/540/540
f 535/535/535 540/540/540 541/541/541
f 535/535/535 541/541/541 542/542/542
f 543/543/543 544/544/544 545/545/545
f 543/543/543 545/545/545 546/546/546
f 547/547/547 546/546/546 545/545/545
f 547/547/547 548/548/548 546/546/546
f 548/548/548 547/547/547 549/549/549
f 548/548/548 549/549/549 550/550/550
f 551/551/551 548/548/548 550/550/550
f 546/546/546 548/548/548 551/551/551
f 546/546/546 551/551/551 552/552/552
f 543/543/543 546/546/546 552/552/552
f 543/543/543 552/552/552 553/553/553
f 543/543/543 553/553/553 554/554/554
f 543/543/543 554/554/554 555/555/555
f 544/544/544 543/543/543 555/555/555
f 544/544/544 555/555/555 556/556/556
f 544/544/544 556/556/556 557/557/557
f 556/556/556 558/558/558 557/557/557
f 557/557/557 558/558/558 559/559/559
f 558/558/558 560/560/560 559/559/559
f 559/559/559 560/560/560 561/561/561
f 560/560/560 562/562/562 561/561/561
f 561/561/561 562/562/562 563/563/563
f 555/555/555 564/564/564 556/556/556
f 556/556/556 564/564/564 558/558/558
f 564/564/564 565/565/565 558/558/558
f 558/558/558 565/565/565 560/560/560
f 565/565/565 566/566/566 560/560/560
f 560/560/560 566/566/566 562/562/562
f 559/559/559 561/561/561 567/567/567
f 568/568/568 559/559/559 567/567/567
f 557/557/557 559/559/559 568/568/568
f 569/569/569 557/557/557 568/568/568
f 544/544/544 557/557/557 569/569/569
f 568/568/568 567/567/567 570/570/570
f 571/571/571 568/568/568 570/570/570
f 569/569/569 568/568/568 571/571/571
f 571/571/571 570/570/570 572/572/572
f 561/561/561 563/563/563 573/573/573
f 567/567/567 561/561/561 573/573/573
f 567/567/567 573/573/573 574/574/574
f 570/570/570 567/567/567 574/574/574
f 570/570/570 574/574/574 575/575/575
f 572/572/572 570/570/570 575/575/575
f 572/572/572 575/575/575 576/576/576
f 574/574/574 577/577/577 578/578/578
f 575/575/575 574/574/574 578/578/578
f 575/575/575 578/578/578 579/579/579
f 576/576/576 575/575/575 579/579/579
f 576/576/576 579/579/579 580/580/580
f 71/71/71 90/90/90 73/73/73
f 581/581/581 90/90/90 71/71/71
f 581/581/581 71/71/71 72/72/72
f 581/581/581 72/72/72 582/582/582
f 72/72/72 583/583/583 582/582/582
f 582/582/582 583/583/583 584/584/584
f 582/582/582 584/584/584 585/585/585
f 585/585/585 584/584/584 586/586/586
f 585/585/585 586/586/586 566/566/566
f 566/566/566 586/586/586 587/587/587
f 566/566/566 587/587/587 562/562/562
f 562/562/562 587/587/587 588/588/588
f 562/562/562 588/588/588 563/563/563
f 563/563/563 588/588/588 589/589/589
f 563/563/563 589/589/589 590/590/590
f 573/573/573 563/563/563 590/590/590
f 573/573/573 590/590/590 577/577/577
f 574/574/574 573/573/573 577/577/577
f 565/565/565 585/585/585 566/566/566
f 591/591/591 585/585/585 565/565/565
f 591/591/591 582/582/582 585/585/585
f 581/581/581 582/582/582 591/591/591
f 106/106/106 581/581/581 591/591/591
f 106/106/106 90/90/90 581/581/581
f 106/106/106 105/105/105 90/90/90
f 90/90/90 105/105/105 89/89/89
f 105/105/105 95/95/95 89/89/89
f 95/95/95 88/88/88 89/89/89
f 564/564/564 591/591/591 565/565/565
f 106/106/106 591/591/591 564/564/564
f 555/555/555 106/106/106 564/564/564
f 555/555/555 104/104/104 106/106/106
f 555/555/555 554/554/554 104/104/104
f 554/554/554 91/91/91 104/104/104
f 554/554/554 553/553/553 91/91/91
f 553/553/553 139/139/139 91/91/91
f 553/553/553 592/592/592 139/139/139
f 592/592/592 138/138/138 139/139/139
f 592/592/592 551/551/551 138/138/138
f 138/138/138 551/551/551 143/143/143
f 551/551/551 550/550/550 143/143/143
f 143/143/143 550/550/550 144/144/144
f 550/550/550 593/593/593 144/144/144
f 144/144/144 593/593/593 145/145/145
f 145/145/145 593/593/593 594/594/594
f 145/145/145 594/594/594 150/150/150
f 550/550/550 595/595/595 593/593/593
f 150/150/150 594/594/594 596/596/596
f 150/150/150 596/596/596 152/152/152
f 152/152/152 596/596/596 597/597/597
f 152/152/152 597/597/597 160/160/160
f 160/160/160 597/597/597 598/598/598
f 160/160/160 598/598/598 162/162/162
f 162/162/162 598/598/598 599/599/599
f 162/162/162 599/599/599 164/164/164
f 164/164/164 599/599/599 600/600/600
f 164/164/164 600/600/600 601/601/601
f 601/601/601 600/600/600 602/602/602
f 601/601/601 602/602/602 603/603/603
f 603/603/603 602/602/602 604/604/604
f 603/603/603 604/604/604 605/605/605
f 606/606/606 603/603/603 605/605/605
f 606/606/606 605/605/605 607/607/607
f 608/608/608 606/606/606 607/607/607
f 608/608/608 607/607/607 609/609/609
f 163/163/163 164/164/164 610/610/610
f 610/610/610 164/164/164 601/601/601
f 610/610/610 601/601/601 611/611/611
f 611/611/611 601/601/601 603/603/603
f 611/611/611 603/603/603 606/606/606
f 612/612/612 611/611/611 606/606/606
f 612/612/612 606/606/606 608/608/608
f 613/613/613 612/612/612 608/608/608
f 614/614/614 612/612/612 613/613/613
f 614/614/614 615/615/615 612/612/612
f 616/616/616 615/615/615 614/614/614
f 616/616/616 617/617/617 615/615/615
f 618/618/618 617/617/617 616/616/616
f 618/618/618 619/619/619 617/617/617
f 175/175/175 619/619/619 618/618/618
f 175/175/175 620/620/620 619/619/619
f 168/168/168 620/620/620 175/175/175
f 168/168/168 158/158/158 620/620/620
f 158/158/158 159/159/159 620/620/620
f 620/620/620 159/159/159 161/161/161
f 620/620/620 161/161/161 619/619/619
f 619/619/619 161/161/161 163/163/163
f 619/619/619 163/163/163 617/617/617
f 617/617/617 163/163/163 610/610/610
f 617/617/617 610/610/610 615/615/615
f 615/615/615 610/610/610 611/611/611
f 615/615/615 611/611/611 612/612/612
f 170/170/170 169/169/169 621/621/621
f 169/169/169 175/175/175 621/621/621
f 618/618/618 621/621/621 175/175/175
f 618/618/618 622/622/622 621/621/621
f 618/618/618 623/623/623 622/622/622
f 618/618/618 616/616/616 623/623/623
f 623/623/623 616/616/616 614/614/614
f 624/624/624 608/608/608 609/609/609
f 613/613/613 608/608/608 624/624/624
f 625/625/625 613/613/613 624/624/624
f 614/614/614 613/613/613 625/625/625
f 614/614/614 625/625/625 626/626/626
f 623/623/623 614/614/614 626/626/626
f 627/627/627 623/623/623 626/626/626
f 622/622/622 623/623/623 627/627/627
f 622/622/622 627/627/627 628/628/628
f 621/621/621 622/622/622 628/628/628
f 621/621/621 628/628/628 629/629/629
f 170/170/170 621/621/621 629/629/629
f 630/630/630 170/170/170 629/629/629
f 171/171/171 170/170/170 630/630/630
f 171/171/171 630/630/630 631/631/631
f 172/172/172 171/171/171 631/631/631
f 172/172/172 631/631/631 176/176/176
f 173/173/173 172/172/172 176/176/176
f 630/630/630 629/629/629 632/632/632
f 627/627/627 626/626/626 633/633/633
f 626/626/626 634/634/634 633/633/633
f 626/626/626 625/625/625 634/634/634
f 634/634/634 625/625/625 635/635/635
f 625/625/625 624/624/624 635/635/635
f 624/624/624 636/636/636 635/635/635
f 624/624/624 637/637/637 636/636/636
f 624/624/624 609/609/609 637/637/637
f 634/634/634 635/635/635 638/638/638
f 635/635/635 639/639/639 638/638/638
f 635/635/635 636/636/636 639/639/639
f 640/640/640 641/641/641 642/642/642
f 640/640/640 643/643/643 641/641/641
f 644/644/644 643/643/643 640/640/640
f 644/644/644 645/645/645 643/643/643
f 646/646/646 645/645/645 644/644/644
f 646/646/646 647/647/647 645/645/645
f 648/648/648 647/647/647 646/646/646
f 648/648/648 649/649/649 647/647/647
f 650/650/650 649/649/649 648/648/648
f 650/650/650 651/651/651 649/649/649
f 651/651/651 652/652/652 649/649/649
f 649/649/649 652/652/652 653/653/653
f 651/651/651 654/654/654 652/652/652
f 649/649/649 653/653/653 647/647/647
f 647/647/647 653/653/653 655/655/655
f 647/647/647 655/655/655 645/645/645
f 645/645/645 655/655/655 656/656/656
f 645/645/645 656/656/656 643/643/643
f 643/643/643 656/656/656 657/657/657
f 643/643/643 657/657/657 641/641/641
f 658/658/658 659/659/659 660/660/660
f 658/658/658 660/660/660 661/661/661
f 658/658/658 661/661/661 662/662/662
f 663/663/663 662/662/662 661/661/661
f 663/663/663 661/661/661 664/664/664
f 665/665/665 666/666/666 667/667/667
f 668/668/668 667/667/667 669/669/669
f 668/668/668 670/670/670 667/667/667
f 665/665/665 667/667/667 670/670/670
f 671/671/671 665/665/665 670/670/670
f 671/671/671 670/670/670 672/672/672
f 673/673/673 671/671/671 672/672/672
f 674/674/674 673/673/673 672/672/672
f 674/674/674 672/672/672 675/675/675
f 675/675/675 672/672/672 670/670/670
f 675/675/675 670/670/670 668/668/668
f 673/673/673 676/676/676 671/671/671
f 677/677/677 678/678/678 679/679/679
f 677/677/677 679/679/679 680/680/680
f 681/681/681 677/677/677 680/680/680
f 681/681/681 682/682/682 677/677/677
f 683/683/683 682/682/682 681/681/681
f 683/683/683 681/681/681 684/684/684
f 685/685/685 683/683/683 684/684/684
f 686/686/686 687/687/687 678/678/678
f 686/686/686 678/678/678 677/677/677
f 688/688/688 686/686/686 677/677/677
f 688/688/688 677/677/677 682/682/682
f 689/689/689 688/688/688 682/682/682
f 689/689/689 682/682/682 683/683/683
f 690/690/690 689/689/689 683/683/683
f 690/690/690 683/683/683 691/691/691
f 685/685/685 691/691/691 683/683/683
f 692/692/692 691/691/691 685/685/685
f 692/692/692 685/685/685 693/693/693
f 694/694/694 692/692/692 693/693/693
f 694/694/694 695/695/695 692/692/692
f 696/696/696 695/695/695 694/694/694
f 696/696/696 697/697/697 695/695/695
f 698/698/698 697/697/697 696/696/696
f 698/698/698 699/699/699 697/697/697
f 697/697/697 699/699/699 700/700/700
f 697/697/697 700/700/700 695/695/695
f 700/700/700 692/692/692 695/695/695
f 700/700/700 701/701/701 692/692/692
f 701/701/701 691/691/691 692/692/692
f 701/701/701 690/690/690 691/691/691
f 702/702/702 703/703/703 704/704/704
f 704/704/704 705/705/705 299/299/299
f 703/703/703 705/705/705 704/704/704
f 703/703/703 706/706/706 705/705/705
f 707/707/707 706/706/706 703/703/703
f 707/707/707 703/703/703 708/708/708
f 702/702/702 708/708/708 703/703/703
f 702/702/702 709/709/709 708/708/708
f 709/709/709 710/710/710 708/708/708
f 709/709/709 711/711/711 710/710/710
f 711/711/711 712/712/712 710/710/710
f 711/711/711 713/713/713 712/712/712
f 713/713/713 714/714/714 712/712/712
f 713/713/713 715/715/715 714/714/714
f 715/715/715 716/716/716 714/714/714
f 715/715/715 717/717/717 716/716/716
f 717/717/717 718/718/718 716/716/716
f 717/717/717 719/719/719 718/718/718
f 717/717/717 720/720/720 719/719/719
f 721/721/721 722/722/722 723/723/723
f 724/724/724 721/721/721 723/723/723
f 724/724/724 723/723/723 720/720/720
f 717/717/717 724/724/724 720/720/720
f 725/725/725 724/724/724 717/717/717
f 725/725/725 717/717/717 715/715/715
f 726/726/726 725/725/725 715/715/715
f 726/726/726 715/715/715 713/713/713
f 727/727/727 726/726/726 713/713/713
f 727/727/727 713/713/713 711/711/711
f 728/728/728 727/727/727 711/711/711
f 728/728/728 711/711/711 709/709/709
f 729/729/729 728/728/728 709/709/709
f 729/729/729 709/709/709 702/702/702
f 729/729/729 702/702/702 730/730/730
f 702/702/702 704/704/704 730/730/730
f 730/730/730 704/704/704 298/298/298
f 704/704/704 299/299/299 298/298/298
f 290/290/290 731/731/731 289/289/289
f 289/289/289 731/731/731 288/288/288
f 732/732/732 288/288/288 731/731/731
f 732/732/732 297/297/297 288/288/288
f 298/298/298 297/297/297 732/732/732
f 730/730/730 298/298/298 732/732/732
f 733/733/733 730/730/730 732/732/732
f 729/729/729 730/730/730 733/733/733
f 291/291/291 729/729/729 733/733/733
f 291/291/291 728/728/728 729/729/729
f 291/291/291 734/734/734 728/728/728
f 734/734/734 727/727/727 728/728/728
f 734/734/734 735/735/735 727/727/727
f 735/735/735 726/726/726 727/727/727
f 735/735/735 736/736/736 726/726/726
f 736/736/736 725/725/725 726/726/726
f 736/736/736 737/737/737 725/725/725
f 737/737/737 724/724/724 725/725/725
f 737/737/737 721/721/721 724/724/724
f 291/291/291 733/733/733 290/290/290
f 290/290/290 733/733/733 731/731/731
f 733/733/733 732/732/732 731/731/731
f 247/247/247 734/734/734 291/291/291
f 247/247/247 738/738/738 734/734/734
f 738/738/738 735/735/735 734/734/734
f 738/738/738 739/739/739 735/735/735
f 739/739/739 736/736/736 735/735/735
f 739/739/739 740/740/740 736/736/736
f 740/740/740 737/737/737 736/736/736
f 740/740/740 741/741/741 737/737/737
f 741/741/741 721/721/721 737/737/737
f 741/741/741 742/742/742 721/721/721
f 721/721/721 742/742/742 722/722/722
f 742/742/742 743/743/743 722/722/722
f 742/742/742 744/744/744 743/743/743
f 745/745/745 744/744/744 742/742/742
f 745/745/745 742/742/742 741/741/741
f 746/746/746 745/745/745 741/741/741
f 746/746/746 741/741/741 740/740/740
f 747/747/747 746/746/746 740/740/740
f 747/747/747 740/740/740 739/739/739
f 748/748/748 747/747/747 739/739/739
f 748/748/748 739/739/739 738/738/738
f 748/748/748 738/738/738 247/247/247
f 749/749/749 750/750/750 751/751/751
f 749/749/749 751/751/751 752/752/752
f 749/749/749 752/752/752 753/753/753
f 749/749/749 753/753/753 754/754/754
f 749/749/749 754/754/754 755/755/755
f 749/749/749 755/755/755 756/756/756
f 72/72/72 50/50/50 757/757/757
f 72/72/72 757/757/757 583/583/583
f 758/758/758 583/583/583 757/757/757
f 758/758/758 757/757/757 759/759/759
f 757/757/757 49/49/49 759/759/759
f 757/757/757 50/50/50 49/49/49
f 760/760/760 761/761/761 762/762/762
f 760/760/760 763/763/763 761/761/761
f 764/764/764 763/763/763 760/760/760
f 764/764/764 765/765/765 763/763/763
f 766/766/766 765/765/765 764/764/764
f 766/766/766 767/767/767 765/765/765
f 768/768/768 767/767/767 766/766/766
f 768/768/768 769/769/769 767/767/767
f 770/770/770 769/769/769 768/768/768
f 770/770/770 771/771/771 769/769/769
f 772/772/772 771/771/771 770/770/770
f 772/772/772 773/773/773 771/771/771
f 774/774/774 773/773/773 772/772/772
f 774/774/774 775/775/775 773/773/773
f 776/776/776 775/775/775 774/774/774
f 776/776/776 777/777/777 775/775/775
f 777/777/777 773/773/773 775/775/775
f 777/777/777 778/778/778 773/773/773
f 773/773/773 778/778/778 779/779/779
f 773/773/773 779/779/779 771/771/771
f 771/771/771 779/779/779 780/780/780
f 771/771/771 780/780/780 769/769/769
f 769/769/769 780/780/780 781/781/781
f 769/769/769 781/781/781 767/767/767
f 767/767/767 781/781/781 782/782/782
f 767/767/767 782/782/782 765/765/765
f 765/765/765 782/782/782 783/783/783
f 765/765/765 783/783/783 763/763/763
f 763/763/763 783/783/783 784/784/784
f 763/763/763 784/784/784 761/761/761
