# Converted from HGS (Mercury 3D Engine)
# Model: Rennwagen_Low
o Rennwagen_Low

# Submesh 0: 2424 vertices
v 0.397314 0.236235 -0.417476
vn 1.000000 0.000000 -0.000000
vt 0.759495 0.091488
v 0.397314 0.236235 -0.466972
vn 1.000000 0.000000 0.000000
vt 0.778519 0.091488
v 0.397314 0.302466 -0.421419
vn 1.000000 0.000000 -0.000000
vt 0.761010 0.116945
v 0.052889 0.245699 1.236740
vn 0.092020 0.033156 0.995205
vt 0.561066 0.719414
v 0.052889 0.377088 1.231271
vn 0.087673 0.133438 0.987172
vt 0.561066 0.783725
v -0.052888 0.377088 1.231271
vn -0.087673 0.133438 0.987172
vt 0.509292 0.783725
v -0.052888 0.245699 1.236740
vn -0.092020 0.033156 0.995205
vt 0.509292 0.719414
v -0.045811 0.858248 0.214269
vn -0.123069 0.927062 0.354134
vt 0.129217 0.497620
v -0.137434 0.970969 -0.021078
vn -0.451024 0.768380 0.454059
vt 0.028866 0.446177
v -0.137204 0.841923 0.186028
vn -0.419309 0.846226 0.328758
vt 0.117176 0.446307
v -0.130699 0.796061 0.412260
vn -0.390821 0.899172 0.196845
vt 0.213640 0.449959
v -0.321742 0.243279 0.534077
vn 0.000000 -1.000000 -0.000000
vt 0.227112 0.107005
v -0.334689 0.243279 0.356051
vn 0.000000 -1.000000 -0.000001
vt 0.240586 0.108238
v 0.334689 0.243279 0.356051
vn 0.000000 -1.000000 -0.000001
vt 0.240586 0.044497
v 0.321742 0.243279 0.534077
vn 0.000000 -1.000000 -0.000000
vt 0.227112 0.045729
v 0.042399 0.793033 0.534077
vn 0.132636 0.973281 0.187435
vt 0.265582 0.547146
v 0.130699 0.796061 0.412260
vn 0.390581 0.899269 0.196880
vt 0.213640 0.596723
v 0.043593 0.815858 0.422144
vn 0.119735 0.972371 0.200393
vt 0.217855 0.547817
v -0.043593 0.815859 0.422144
vn -0.119735 0.972371 0.200393
vt 0.217855 0.498865
v 0.042399 0.793033 0.534077
vn 0.132636 0.973281 0.187435
vt 0.265582 0.547146
v 0.127197 0.771366 0.534077
vn 0.422595 0.887339 0.184507
vt 0.265583 0.594757
v -0.042399 0.793033 0.534077
vn -0.132635 0.973281 0.187436
vt 0.265582 0.499536
v -0.130699 0.796061 0.412260
vn -0.390821 0.899172 0.196845
vt 0.213640 0.449959
v 0.181627 0.765870 0.397992
vn 0.533286 0.824197 0.190541
vt 0.207556 0.625317
v 0.130699 0.796061 0.412260
vn 0.390581 0.899269 0.196880
vt 0.213640 0.596723
v -0.042399 0.793033 0.534077
vn -0.132635 0.973281 0.187436
vt 0.265582 0.499536
v -0.127197 0.771366 0.534077
vn -0.422714 0.887295 0.184447
vt 0.265583 0.451925
v 0.181627 0.765870 0.397992
vn 0.533286 0.824197 0.190541
vt 0.207556 0.625317
v 0.170425 0.740702 0.534077
vn 0.569965 0.802254 0.177562
vt 0.265582 0.619028
v 0.042399 0.793033 0.534077
vn 0.132636 0.973281 0.187435
vt 0.265582 0.547146
v -0.042399 0.793033 0.534077
vn -0.132635 0.973281 0.187436
vt 0.265582 0.499536
v 0.228506 0.100363 1.084034
vn 0.000000 -0.587785 0.809017
vt 0.101870 0.046273
v 0.228506 0.000464 0.946536
vn 0.000000 -0.951057 0.309017
vt 0.101870 0.037178
v 0.400508 0.000464 0.946536
vn 0.000000 -0.951057 0.309017
vt 0.120885 0.037178
v 0.400508 0.100363 1.084034
vn 0.000000 -0.587785 0.809017
vt 0.120885 0.046273
v 0.228506 0.262001 1.136554
vn 0.000000 0.000001 1.000000
vt 0.101870 0.060988
v 0.400508 0.262001 1.136554
vn 0.000000 0.000001 1.000000
vt 0.120885 0.060988
v 0.228506 0.423640 1.084034
vn 0.000000 0.587785 0.809017
vt 0.101870 0.075703
v 0.400508 0.423640 1.084034
vn 0.000000 0.587785 0.809017
vt 0.120885 0.075703
v 0.228506 0.523539 -0.656148
vn -1.000000 -0.000000 -0.000000
vt 0.127277 0.964271
v 0.228506 0.262002 -0.741127
vn -1.000000 -0.000000 -0.000000
vt 0.175905 0.814608
v 0.228506 0.423640 -0.518650
vn -1.000000 -0.000000 -0.000000
vt 0.048594 0.907105
v 0.228506 0.262002 -0.466131
vn -1.000000 -0.000000 -0.000000
vt 0.018540 0.814608
v 0.228506 0.100363 -0.518651
vn -1.000000 -0.000000 -0.000000
vt 0.048595 0.722112
v 0.228506 0.000465 -0.656149
vn -1.000000 0.000000 -0.000000
vt 0.127277 0.664946
v 0.228506 0.000466 -0.826106
vn -1.000000 -0.000000 -0.000000
vt 0.224534 0.664946
v 0.228506 0.100364 -0.963604
vn -1.000000 0.000000 -0.000000
vt 0.303216 0.722112
v 0.228506 0.262003 -1.016123
vn -1.000000 -0.000000 -0.000000
vt 0.333270 0.814609
v 0.228506 0.423641 -0.963603
vn -1.000000 -0.000000 -0.000000
vt 0.303215 0.907105
v 0.228506 0.523539 -0.826105
vn -1.000000 -0.000000 -0.000000
vt 0.224533 0.964271
v 0.400508 0.217789 0.922411
vn 0.930408 -0.215438 0.296525
vt 0.140979 0.789308
v 0.400508 0.262001 0.861558
vn 1.000000 -0.000000 -0.000000
vt 0.175801 0.814608
v 0.400508 0.262001 0.936776
vn 0.930409 0.000000 0.366524
vt 0.132758 0.814608
v 0.400508 0.306213 0.922410
vn 0.930408 0.215438 0.296524
vt 0.140979 0.839908
v 0.400508 0.333538 0.884801
vn 0.930408 0.348586 0.113262
vt 0.162500 0.855544
v 0.400508 0.333538 0.838314
vn 0.930408 0.348586 -0.113262
vt 0.189102 0.855545
v 0.400508 0.306214 0.800705
vn 0.930408 0.215438 -0.296525
vt 0.210624 0.839908
v 0.400508 0.262001 0.786340
vn 0.930408 -0.000000 -0.366525
vt 0.218844 0.814608
v 0.400508 0.217789 0.800705
vn 0.930408 -0.215438 -0.296525
vt 0.210624 0.789308
v 0.400508 0.190465 0.838314
vn 0.930408 -0.348586 -0.113262
vt 0.189102 0.773672
v 0.400508 0.190465 0.884802
vn 0.930408 -0.348586 0.113263
vt 0.162500 0.773672
v 0.228506 0.523538 0.946536
vn -1.000000 0.000000 0.000000
vt 0.127173 0.964271
v 0.228506 0.262001 0.861558
vn -1.000000 0.000000 0.000000
vt 0.175801 0.814608
v 0.228506 0.423640 1.084034
vn -1.000000 0.000000 0.000000
vt 0.048491 0.907105
v 0.228506 0.262001 1.136554
vn -1.000000 0.000000 0.000000
vt 0.018437 0.814608
v 0.228506 0.100363 1.084034
vn -1.000000 0.000000 0.000000
vt 0.048491 0.722112
v 0.228506 0.000464 0.946536
vn -1.000000 0.000000 0.000000
vt 0.127173 0.664946
v 0.228506 0.000464 0.776579
vn -1.000000 0.000000 -0.000000
vt 0.224429 0.664946
v 0.228506 0.100363 0.639081
vn -1.000000 0.000000 -0.000000
vt 0.303112 0.722112
v 0.228506 0.262001 0.586562
vn -1.000000 0.000000 -0.000000
vt 0.333166 0.814608
v 0.228506 0.423640 0.639081
vn -1.000000 0.000000 -0.000000
vt 0.303112 0.907105
v 0.228506 0.523538 0.776579
vn -1.000000 0.000000 0.000000
vt 0.224430 0.964271
v -0.052888 0.245699 1.236740
vn -0.004071 -0.999799 0.019637
vt 0.173933 0.081404
v -0.158665 0.245699 1.214813
vn -0.004071 -0.999799 0.019637
vt 0.175592 0.091476
v -0.273740 0.243279 1.067746
vn -0.004071 -0.999799 0.019637
vt 0.186723 0.102434
v 0.400508 0.523538 0.946536
vn 1.000000 0.000000 0.000000
vt 0.127173 0.964271
v 0.400508 0.368017 1.007475
vn 1.000000 0.000000 0.000000
vt 0.092301 0.875275
v 0.400508 0.433538 0.917293
vn 1.000000 0.000000 0.000000
vt 0.143907 0.912769
v 0.400508 0.523538 0.776579
vn 1.000000 -0.000000 -0.000000
vt 0.224430 0.964271
v 0.400508 0.433538 0.805822
vn 1.000000 -0.000000 -0.000000
vt 0.207696 0.912769
v 0.400508 0.423640 0.639081
vn 1.000000 -0.000000 -0.000000
vt 0.303112 0.907105
v 0.400508 0.368017 0.715640
vn 1.000000 -0.000000 -0.000000
vt 0.259302 0.875275
v 0.400508 0.262001 0.586562
vn 1.000000 -0.000000 0.000000
vt 0.333166 0.814608
v 0.400508 0.262001 0.681193
vn 1.000000 -0.000000 0.000000
vt 0.279014 0.814608
v -0.246350 0.243280 -0.999885
vn 0.000000 -1.000000 -0.000001
vt 0.343207 0.099826
v -0.157623 0.243280 -1.227824
vn -0.000000 -1.000000 -0.000001
vt 0.360458 0.091377
v -0.052541 0.243280 -1.246617
vn 0.000000 -1.000000 -0.000001
vt 0.361881 0.081371
v 0.228506 0.262002 -0.466131
vn 0.000000 -0.000001 1.000000
vt 0.101870 0.100173
v 0.228506 0.100363 -0.518651
vn 0.000000 -0.587786 0.809016
vt 0.101870 0.085457
v 0.400508 0.100363 -0.518651
vn 0.000000 -0.587786 0.809016
vt 0.120885 0.085457
v 0.400508 0.262002 -0.466131
vn 0.000000 -0.000001 1.000000
vt 0.120885 0.100173
v 0.228506 0.423640 -0.518650
vn -0.000000 0.587784 0.809018
vt 0.101870 0.114888
v 0.400508 0.423640 -0.518650
vn -0.000000 0.587784 0.809018
vt 0.120885 0.114888
v 0.052541 0.243280 -1.246617
vn 0.000000 -1.000000 -0.000001
vt 0.361881 0.071364
v 0.157623 0.243280 -1.227824
vn -0.000000 -1.000000 -0.000001
vt 0.360458 0.061358
v 0.246350 0.243280 -0.999885
vn 0.000000 -1.000000 -0.000001
vt 0.343207 0.052909
v -0.246350 0.243280 -0.999885
vn 0.000000 -1.000000 -0.000001
vt 0.343207 0.099826
v 0.052541 0.243280 -1.246617
vn 0.000000 -1.000000 -0.000001
vt 0.361881 0.071364
v 0.158665 0.245699 1.214813
vn 0.004071 -0.999799 0.019636
vt 0.175592 0.061258
v 0.052889 0.245699 1.236740
vn 0.004071 -0.999799 0.019636
vt 0.173933 0.071331
v 0.273740 0.243279 1.067746
vn 0.004071 -0.999799 0.019636
vt 0.186723 0.050300
v 0.228506 0.100364 -0.963604
vn 0.000000 -0.587784 -0.809018
vt 0.042855 0.075731
v 0.228506 0.262003 -1.016123
vn 0.000000 0.000002 -1.000000
vt 0.042855 0.061016
v 0.400508 0.262003 -1.016123
vn 0.000000 0.000002 -1.000000
vt 0.061871 0.061016
v 0.400508 0.100364 -0.963604
vn 0.000000 -0.587784 -0.809018
vt 0.061871 0.075731
v 0.228506 0.000466 -0.826106
vn 0.000000 -0.951056 -0.309018
vt 0.042855 0.084826
v 0.400508 0.000466 -0.826106
vn 0.000000 -0.951056 -0.309018
vt 0.061871 0.084826
v -0.321865 0.639892 -0.093404
vn -0.970163 0.227003 0.085173
vt 0.539146 0.327615
v -0.270883 0.785349 0.099631
vn -0.858137 0.485121 0.168104
vt 0.462915 0.385057
v -0.270883 0.841016 -0.048732
vn -0.843973 0.489942 0.218326
vt 0.521505 0.407040
v -0.321865 0.571990 0.178025
vn -0.973905 0.215873 0.070056
vt 0.431957 0.300800
v -0.321865 0.639892 -0.093404
vn -0.983445 0.179766 0.022816
vt 0.539146 0.327615
v -0.263844 0.860334 -0.469107
vn -0.024147 0.132049 0.990949
vt 0.551627 0.561084
v -0.044621 1.101801 -0.493122
vn -0.036230 0.131420 0.990664
vt 0.526522 0.506342
v -0.133862 1.062313 -0.493122
vn -0.072374 0.163559 0.983875
vt 0.529282 0.528626
v 0.400508 0.262003 -1.016123
vn 1.000000 -0.000000 0.000000
vt 0.333270 0.814609
v 0.400508 0.423641 -0.963603
vn 1.000000 0.000000 0.000000
vt 0.303215 0.907105
v 0.400508 0.368018 -0.887045
vn 1.000000 0.000000 0.000000
vt 0.259405 0.875275
v 0.400508 0.262002 -0.921491
vn 1.000000 -0.000000 0.000000
vt 0.279117 0.814609
v 0.400508 0.523539 -0.826105
vn 1.000000 0.000000 0.000000
vt 0.224533 0.964271
v 0.400508 0.433539 -0.796862
vn 1.000000 0.000000 0.000000
vt 0.207799 0.912769
v 0.400508 0.523539 -0.826105
vn 1.000000 0.000000 0.000000
vt 0.224533 0.964271
v 0.400508 0.433539 -0.685391
vn 1.000000 -0.000000 0.000000
vt 0.144011 0.912769
v 0.400508 0.523539 -0.656148
vn 1.000000 -0.000000 0.000000
vt 0.127277 0.964271
v 0.400508 0.433539 -0.685391
vn 1.000000 -0.000000 0.000000
vt 0.144011 0.912769
v -0.228506 0.423640 1.084034
vn 0.000000 0.587785 0.809017
vt 0.140712 0.075703
v -0.400508 0.423640 1.084034
vn 0.000000 0.587785 0.809017
vt 0.121697 0.075703
v -0.400508 0.262001 1.136554
vn 0.000000 0.000001 1.000000
vt 0.121697 0.060988
v -0.228506 0.262001 1.136554
vn 0.000000 0.000001 1.000000
vt 0.140712 0.060988
v -0.400508 0.100363 1.084034
vn -0.724617 -0.405073 0.557536
vt 0.121697 0.046273
v -0.228506 0.100363 1.084034
vn 0.724617 -0.405073 0.557536
vt 0.140712 0.046273
v -0.400508 0.000464 0.946536
vn -0.724617 -0.655422 0.212960
vt 0.121697 0.037178
v -0.228506 0.000464 0.946536
vn 0.724617 -0.655422 0.212960
vt 0.140712 0.037178
v -0.228506 0.000464 0.946536
vn 0.724617 -0.655422 0.212960
vt 0.061411 0.114223
v -0.400508 0.000464 0.946536
vn -0.724617 -0.655422 0.212960
vt 0.061411 0.129882
v -0.400508 0.000464 0.776579
vn 0.000000 -0.951057 -0.309017
vt 0.042622 0.129882
v -0.228506 0.000464 0.776579
vn 0.000000 -0.951057 -0.309017
vt 0.042622 0.114223
v -0.400508 0.523538 0.776579
vn -1.000000 0.000000 -0.000000
vt 0.224430 0.964271
v -0.400508 0.433538 0.805822
vn -1.000000 0.000000 -0.000000
vt 0.207696 0.912769
v -0.400508 0.433538 0.917293
vn -1.000000 -0.000000 0.000000
vt 0.143907 0.912769
v -0.400508 0.523538 0.946536
vn -1.000000 -0.000000 0.000000
vt 0.127173 0.964271
v -0.400508 0.368017 1.007476
vn -1.000000 -0.000000 0.000000
vt 0.092301 0.875275
v -0.400508 0.423640 1.084034
vn -1.000000 -0.000000 0.000000
vt 0.048491 0.907105
v -0.400508 0.423640 0.639081
vn -1.000000 -0.000000 -0.000000
vt 0.303112 0.907105
v -0.400508 0.433538 0.805822
vn -1.000000 0.000000 -0.000000
vt 0.207696 0.912769
v -0.400508 0.423640 0.639081
vn -1.000000 -0.000000 -0.000000
vt 0.303112 0.907105
v -0.400508 0.368017 0.715640
vn -1.000000 -0.000000 -0.000000
vt 0.259302 0.875275
v -0.400508 0.262001 0.586562
vn -1.000000 0.000000 -0.000000
vt 0.333166 0.814608
v -0.400508 0.262001 0.681193
vn -1.000000 0.000000 -0.000000
vt 0.279013 0.814608
v -0.228506 0.423640 -0.518650
vn -0.000000 0.587784 0.809018
vt 0.140712 0.114888
v -0.400508 0.423640 -0.518651
vn -0.000000 0.587784 0.809018
vt 0.121697 0.114888
v -0.400508 0.262002 -0.466131
vn -0.000000 -0.000001 1.000000
vt 0.121697 0.100173
v -0.228506 0.262002 -0.466131
vn -0.000000 -0.000001 1.000000
vt 0.140712 0.100173
v -0.400508 0.262002 -0.466131
vn -0.000000 -0.000001 1.000000
vt 0.121697 0.100173
v -0.400508 0.100363 -0.518651
vn -0.000000 -0.587786 0.809016
vt 0.121697 0.085457
v 0.321864 0.639893 -0.093404
vn 0.970163 0.227003 0.085172
vt 0.539146 0.327615
v 0.270883 0.841016 -0.048732
vn 0.843973 0.489943 0.218326
vt 0.521505 0.407040
v 0.270883 0.785349 0.099631
vn 0.858125 0.485151 0.168075
vt 0.462915 0.385057
v 0.321864 0.571991 0.178025
vn 0.973909 0.215861 0.070044
vt 0.431957 0.300800
v 0.321864 0.639893 -0.093404
vn 0.983445 0.179766 0.022816
vt 0.539146 0.327615
v 0.263843 0.860335 -0.469107
vn 0.024148 0.132050 0.990949
vt 0.551627 0.429314
v 0.133862 1.062313 -0.493122
vn 0.072375 0.163560 0.983875
vt 0.529282 0.461772
v 0.044621 1.101801 -0.493122
vn 0.036231 0.131420 0.990664
vt 0.526522 0.484057
v 0.247218 0.360479 -0.184271
vn -0.000000 1.000000 0.000000
vt 0.485291 0.031138
v 0.397314 0.360479 -0.184271
vn -0.000000 1.000000 0.000000
vt 0.485291 0.088829
v 0.397314 0.360479 -0.261758
vn -0.000000 1.000000 0.000000
vt 0.455508 0.088829
v 0.247218 0.360479 -0.261758
vn -0.000000 1.000000 0.000000
vt 0.455508 0.031138
v 0.397314 0.236235 -0.261792
vn 1.000000 0.000000 -0.000000
vt 0.699656 0.091488
v 0.397314 0.360479 -0.342718
vn 1.000000 0.000000 -0.000000
vt 0.730761 0.139242
v 0.397314 0.360479 -0.261758
vn 1.000000 0.000000 -0.000000
vt 0.699644 0.139242
v 0.397314 0.236235 -0.184281
vn 1.000000 0.000000 0.000000
vt 0.669865 0.091488
v 0.397314 0.360479 -0.184271
vn 1.000000 0.000000 0.000000
vt 0.669861 0.139242
v 0.397314 0.236235 -0.105983
vn 1.000000 0.000000 -0.000000
vt 0.639771 0.091488
v 0.397314 0.360479 -0.105931
vn 1.000000 0.000000 -0.000000
vt 0.639750 0.139242
v 0.139745 0.649901 1.067746
vn 0.543251 0.716702 0.437283
vt 0.603580 0.917258
v 0.108220 0.674563 1.067746
vn 0.418860 0.793882 0.440804
vt 0.588149 0.929329
v 0.089799 0.639488 1.110629
vn 0.366301 0.604575 0.707328
vt 0.579133 0.912161
v 0.247218 0.360479 -0.105931
vn -0.000000 1.000000 0.000000
vt 0.515401 0.031138
v 0.397314 0.360479 -0.105931
vn -0.000000 1.000000 0.000000
vt 0.515401 0.088829
v 0.397314 0.360479 -0.184271
vn -0.000000 1.000000 0.000000
vt 0.485291 0.088829
v 0.247218 0.360479 -0.184271
vn -0.000000 1.000000 0.000000
vt 0.485291 0.031138
v 0.397314 0.236234 0.177714
vn 1.000000 -0.000000 -0.000000
vt 0.530729 0.091488
v 0.397314 0.236235 -0.105983
vn 1.000000 0.000000 -0.000000
vt 0.639771 0.091488
v 0.397314 0.360479 -0.105931
vn 1.000000 0.000000 -0.000000
vt 0.639750 0.139242
v 0.397314 0.360479 0.177698
vn 1.000000 -0.000000 -0.000000
vt 0.530736 0.139242
v 0.397314 0.236234 0.356053
vn 1.000000 0.000000 0.000000
vt 0.462184 0.091488
v 0.397314 0.360479 0.355943
vn 1.000000 0.000000 0.000000
vt 0.462226 0.139242
v 0.034921 0.639488 1.134111
vn 0.137954 0.630044 0.764207
vt 0.552272 0.912161
v 0.108220 0.674563 1.067746
vn 0.418860 0.793882 0.440804
vt 0.588149 0.929329
v 0.036073 0.700376 1.067746
vn 0.144627 0.884882 0.442794
vt 0.552836 0.941964
v 0.247218 0.360479 0.177698
vn -0.000000 1.000000 0.000000
vt 0.624416 0.031138
v 0.397314 0.360479 0.177698
vn -0.000000 1.000000 0.000000
vt 0.624416 0.088829
v 0.397314 0.360479 -0.105931
vn -0.000000 1.000000 0.000000
vt 0.515401 0.088829
v 0.247218 0.360479 -0.105931
vn -0.000000 1.000000 0.000000
vt 0.515401 0.031138
v 0.397314 0.236235 -0.339602
vn 1.000000 0.000000 -0.000000
vt 0.729564 0.091488
v 0.397314 0.302466 -0.421419
vn 1.000000 0.000000 -0.000000
vt 0.761010 0.116945
v 0.397314 0.360479 -0.381518
vn 1.000000 0.000000 -0.000000
vt 0.745674 0.139242
v 0.397314 0.360479 -0.342718
vn 1.000000 0.000000 -0.000000
vt 0.730761 0.139242
v -0.247218 0.360479 -0.105931
vn 0.000000 1.000000 0.000000
vt 0.640329 0.088824
v -0.247218 0.360479 -0.184271
vn 0.000000 1.000000 0.000000
vt 0.670439 0.088824
v -0.397314 0.360479 -0.184271
vn 0.000000 1.000000 0.000000
vt 0.670439 0.031134
v -0.397314 0.360479 -0.105931
vn 0.000000 1.000000 0.000000
vt 0.640328 0.031134
v -0.247218 0.360479 -0.184271
vn 0.000000 1.000000 0.000000
vt 0.670439 0.088824
v -0.247218 0.360479 -0.261758
vn 0.000000 1.000000 0.000000
vt 0.700222 0.088824
v -0.397314 0.360479 -0.261758
vn 0.000000 1.000000 0.000000
vt 0.700222 0.031134
v -0.397314 0.360479 -0.184271
vn 0.000000 1.000000 0.000000
vt 0.670439 0.031134
v -0.397314 0.236235 -0.105983
vn -1.000000 0.000000 -0.000000
vt 0.639919 0.091484
v -0.397314 0.360479 -0.105931
vn -1.000000 0.000000 -0.000000
vt 0.639899 0.139238
v -0.397314 0.360479 -0.184271
vn -1.000000 0.000000 0.000000
vt 0.670009 0.139238
v -0.397314 0.236235 -0.184281
vn -1.000000 0.000000 0.000000
vt 0.670013 0.091484
v -0.397314 0.360479 -0.261758
vn -1.000000 0.000000 -0.000000
vt 0.699792 0.139238
v -0.397314 0.236235 -0.261792
vn -1.000000 0.000000 -0.000000
vt 0.699805 0.091484
v 0.400508 0.262002 -0.741127
vn 1.000000 0.000000 0.000000
vt 0.175905 0.814609
v 0.400508 0.306214 -0.680274
vn 0.930408 0.215438 0.296525
vt 0.141082 0.839909
v 0.400508 0.262002 -0.665909
vn 0.930408 -0.000000 0.366525
vt 0.132862 0.814608
v 0.400508 0.217790 -0.680274
vn 0.930408 -0.215438 0.296525
vt 0.141083 0.789309
v 0.400508 0.190465 -0.717883
vn 0.930408 -0.348586 0.113262
vt 0.162604 0.773672
v 0.400508 0.190466 -0.764371
vn 0.930408 -0.348586 -0.113263
vt 0.189206 0.773672
v 0.400508 0.217790 -0.801980
vn 0.930408 -0.215438 -0.296525
vt 0.210728 0.789309
v 0.400508 0.262002 -0.816345
vn 0.930408 0.000001 -0.366525
vt 0.218948 0.814609
v 0.400508 0.306214 -0.801980
vn 0.930408 0.215438 -0.296524
vt 0.210728 0.839909
v 0.400508 0.333539 -0.764371
vn 0.930408 0.348587 -0.113262
vt 0.189206 0.855545
v 0.400508 0.333539 -0.717883
vn 0.930408 0.348586 0.113263
vt 0.162604 0.855545
v -0.228506 0.262002 -0.741127
vn 1.000000 0.000000 0.000000
vt 0.175905 0.814608
v -0.228506 0.523539 -0.656148
vn 1.000000 0.000000 0.000000
vt 0.127277 0.964271
v -0.228506 0.423640 -0.518650
vn 1.000000 0.000000 0.000000
vt 0.048594 0.907105
v -0.228506 0.262002 -0.466131
vn 1.000000 0.000000 0.000000
vt 0.018540 0.814608
v -0.228506 0.100363 -0.518651
vn 1.000000 0.000000 0.000000
vt 0.048595 0.722112
v -0.228506 0.000465 -0.656149
vn 1.000000 0.000000 0.000000
vt 0.127277 0.664946
v -0.228506 0.000466 -0.826106
vn 1.000000 0.000000 0.000000
vt 0.224534 0.664946
v -0.228506 0.100364 -0.963604
vn 1.000000 0.000000 0.000000
vt 0.303216 0.722112
v -0.228506 0.262002 -1.016123
vn 1.000000 0.000000 0.000000
vt 0.333270 0.814609
v -0.228506 0.423641 -0.963603
vn 1.000000 0.000000 0.000000
vt 0.303215 0.907105
v -0.228506 0.523539 -0.826105
vn 1.000000 0.000000 0.000000
vt 0.224533 0.964271
v 0.310603 0.503376 0.445392
vn 0.205622 0.978568 0.011140
vt 0.837458 0.119136
v 0.309929 0.491391 0.474622
vn 0.187352 0.709514 0.679330
vt 0.845793 0.118943
v 0.330967 0.492952 0.467190
vn 0.408775 0.753741 0.514565
vt 0.843674 0.124943
v 0.340607 0.493598 0.447018
vn 0.638163 0.769124 0.034575
vt 0.837921 0.127692
v 0.333203 0.492952 0.425922
vn 0.461977 0.753741 -0.467389
vt 0.831905 0.125581
v 0.313091 0.491391 0.416260
vn 0.259652 0.709513 -0.655112
vt 0.829150 0.119845
v 0.034921 0.639488 1.134111
vn 0.137954 0.630044 0.764207
vt 0.552272 0.912161
v 0.089799 0.639488 1.110629
vn 0.366301 0.604575 0.707328
vt 0.579133 0.912161
v 0.108220 0.674563 1.067746
vn 0.418860 0.793882 0.440804
vt 0.588149 0.929329
v 0.314917 0.503376 0.364432
vn 0.205621 0.978568 0.011140
vt 0.834624 0.082887
v 0.314242 0.491391 0.393663
vn 0.187350 0.709514 0.679330
vt 0.842960 0.082695
v 0.335280 0.492952 0.386230
vn 0.408774 0.753742 0.514565
vt 0.840840 0.088694
v 0.344921 0.493598 0.366058
vn 0.638164 0.769124 0.034575
vt 0.835088 0.091444
v 0.337516 0.492952 0.344962
vn 0.461976 0.753742 -0.467388
vt 0.829072 0.089332
v 0.317404 0.491391 0.335300
vn 0.259650 0.709515 -0.655111
vt 0.826316 0.083596
v 0.036073 0.700376 1.067746
vn 0.144627 0.884882 0.442794
vt 0.493137 0.543595
v 0.127197 0.771366 0.534077
vn 0.422595 0.887339 0.184507
vt 0.265583 0.594757
v 0.042399 0.793033 0.534077
vn 0.132636 0.973281 0.187435
vt 0.265582 0.547146
v 0.321200 0.503376 0.287304
vn 0.205621 0.978568 0.011139
vt 0.832887 0.129264
v 0.320525 0.491391 0.316534
vn 0.187349 0.709513 0.679331
vt 0.841223 0.129072
v 0.341564 0.492952 0.309102
vn 0.408774 0.753742 0.514565
vt 0.839103 0.135071
v 0.351204 0.493598 0.288929
vn 0.638164 0.769124 0.034574
vt 0.833351 0.137821
v 0.343799 0.492952 0.267833
vn 0.461976 0.753741 -0.467390
vt 0.827334 0.135709
v 0.323687 0.491391 0.258172
vn 0.259649 0.709513 -0.655113
vt 0.824579 0.129973
v 0.036073 0.700376 1.067746
vn 0.144627 0.884882 0.442794
vt 0.493137 0.543595
v 0.108220 0.674563 1.067746
vn 0.418860 0.793882 0.440804
vt 0.493137 0.584102
v 0.127197 0.771366 0.534077
vn 0.422595 0.887339 0.184507
vt 0.265583 0.594757
v 0.326232 0.503376 0.203796
vn 0.205621 0.978568 0.011141
vt 0.820798 0.070627
v 0.325558 0.491391 0.233026
vn 0.187349 0.709513 0.679332
vt 0.829134 0.070434
v 0.346596 0.492952 0.225594
vn 0.408774 0.753741 0.514566
vt 0.827014 0.076434
v 0.356237 0.493598 0.205422
vn 0.638164 0.769124 0.034576
vt 0.821262 0.079183
v 0.348832 0.492952 0.184326
vn 0.461976 0.753741 -0.467389
vt 0.815246 0.077071
v 0.328720 0.491391 0.174664
vn 0.259649 0.709513 -0.655113
vt 0.812491 0.071336
v 0.137203 0.841923 0.186028
vn 0.419191 0.846293 0.328736
vt 0.117176 0.600375
v 0.043593 0.815858 0.422144
vn 0.119735 0.972371 0.200393
vt 0.217855 0.547817
v 0.130699 0.796061 0.412260
vn 0.390581 0.899269 0.196880
vt 0.213640 0.596723
v -0.228506 0.262001 1.136554
vn 1.000000 0.000000 -0.000000
vt 0.018437 0.814608
v -0.228506 0.262001 0.861558
vn 1.000000 0.000000 -0.000000
vt 0.175801 0.814608
v -0.228506 0.423640 1.084034
vn 1.000000 0.000000 -0.000000
vt 0.048491 0.907105
v -0.228506 0.523538 0.946536
vn 1.000000 0.000000 -0.000000
vt 0.127173 0.964271
v -0.228506 0.523538 0.776579
vn 1.000000 0.000000 -0.000000
vt 0.224430 0.964271
v -0.228506 0.423640 0.639081
vn 1.000000 0.000000 -0.000000
vt 0.303112 0.907105
v -0.228506 0.262001 0.586562
vn 1.000000 0.000000 -0.000000
vt 0.333166 0.814608
v -0.228506 0.100363 0.639081
vn 1.000000 -0.000000 -0.000000
vt 0.303112 0.722112
v -0.228506 0.000464 0.776579
vn 1.000000 -0.000000 -0.000000
vt 0.224429 0.664946
v -0.228506 0.000464 0.946536
vn 0.724617 -0.655422 0.212960
vt 0.127173 0.664946
v -0.228506 0.100363 1.084034
vn 0.724617 -0.405073 0.557536
vt 0.048491 0.722112
v -0.400508 0.306213 0.922411
vn -0.930408 0.215438 0.296525
vt 0.140979 0.839908
v -0.400508 0.262001 0.861558
vn -1.000000 0.000000 0.000000
vt 0.175801 0.814608
v -0.400508 0.262001 0.936776
vn -0.930408 0.000000 0.366525
vt 0.132758 0.814608
v -0.400508 0.217789 0.922411
vn -0.930408 -0.215438 0.296525
vt 0.140979 0.789308
v -0.400508 0.190465 0.884802
vn -0.930408 -0.348585 0.113263
vt 0.162500 0.773672
v -0.400508 0.190465 0.838314
vn -0.930409 -0.348585 -0.113262
vt 0.189102 0.773672
v -0.400508 0.217789 0.800705
vn -0.930408 -0.215438 -0.296525
vt 0.210624 0.789308
v -0.400508 0.262001 0.786340
vn -0.930408 -0.000001 -0.366525
vt 0.218844 0.814608
v -0.400508 0.306213 0.800705
vn -0.930408 0.215438 -0.296525
vt 0.210624 0.839908
v -0.400508 0.333538 0.838314
vn -0.930408 0.348586 -0.113262
vt 0.189102 0.855544
v -0.400508 0.333538 0.884802
vn -0.930408 0.348586 0.113263
vt 0.162500 0.855544
v -0.400508 0.306214 -0.680274
vn -0.930408 0.215438 0.296526
vt 0.141083 0.839909
v -0.400508 0.262002 -0.741127
vn -1.000000 -0.000000 -0.000000
vt 0.175905 0.814608
v -0.400508 0.262002 -0.665909
vn -0.930408 -0.000001 0.366525
vt 0.132862 0.814608
v -0.400508 0.217790 -0.680274
vn -0.930408 -0.215439 0.296525
vt 0.141083 0.789308
v -0.400508 0.190465 -0.717883
vn -0.930408 -0.348587 0.113262
vt 0.162604 0.773672
v -0.400508 0.190465 -0.764371
vn -0.930408 -0.348587 -0.113263
vt 0.189206 0.773672
v -0.400508 0.217790 -0.801980
vn -0.930408 -0.215438 -0.296526
vt 0.210728 0.789309
v -0.400508 0.262002 -0.816345
vn -0.930408 0.000000 -0.366525
vt 0.218948 0.814609
v -0.400508 0.306214 -0.801980
vn -0.930408 0.215438 -0.296525
vt 0.210728 0.839909
v -0.400508 0.333539 -0.764371
vn -0.930408 0.348586 -0.113262
vt 0.189206 0.855545
v -0.400508 0.333539 -0.717883
vn -0.930408 0.348586 0.113263
vt 0.162604 0.855545
v -0.310603 0.503375 0.445392
vn -0.205621 0.978568 0.011140
vt 0.822530 0.096049
v -0.313091 0.491391 0.416260
vn -0.259649 0.709513 -0.655113
vt 0.814222 0.095340
v -0.333203 0.492952 0.425922
vn -0.461976 0.753741 -0.467389
vt 0.816978 0.089604
v -0.340607 0.493598 0.447018
vn -0.638165 0.769123 0.034576
vt 0.822994 0.087492
v -0.330967 0.492952 0.467190
vn -0.408775 0.753740 0.514566
vt 0.828747 0.090242
v -0.309929 0.491391 0.474622
vn -0.187352 0.709514 0.679330
vt 0.830866 0.096241
v 0.137203 0.841923 0.186028
vn 0.419191 0.846293 0.328736
vt 0.117176 0.600375
v 0.045811 0.858248 0.214269
vn 0.123068 0.927062 0.354134
vt 0.129217 0.549062
v 0.043593 0.815858 0.422144
vn 0.119735 0.972371 0.200393
vt 0.217855 0.547817
v -0.314917 0.503376 0.364433
vn -0.205623 0.978568 0.011140
vt 0.835158 0.081123
v -0.317404 0.491391 0.335301
vn -0.259651 0.709512 -0.655114
vt 0.826850 0.080414
v -0.337516 0.492952 0.344962
vn -0.461977 0.753740 -0.467390
vt 0.829605 0.074678
v -0.344921 0.493598 0.366058
vn -0.638165 0.769123 0.034576
vt 0.835621 0.072567
v -0.335280 0.492952 0.386231
vn -0.408776 0.753740 0.514566
vt 0.841374 0.075316
v -0.314242 0.491391 0.393663
vn -0.187352 0.709513 0.679331
vt 0.843493 0.081315
v 0.045811 0.858248 0.214269
vn 0.123068 0.927062 0.354134
vt 0.129217 0.549062
v 0.137433 0.970969 -0.021078
vn 0.451024 0.768380 0.454058
vt 0.028866 0.600504
v 0.045811 0.992223 -0.021078
vn 0.124687 0.857659 0.498874
vt 0.028866 0.549062
v -0.321200 0.503375 0.287304
vn -0.205621 0.978568 0.011141
vt 0.821693 0.127500
v -0.323687 0.491391 0.258172
vn -0.259648 0.709514 -0.655112
vt 0.813385 0.126791
v -0.343799 0.492952 0.267833
vn -0.461976 0.753741 -0.467389
vt 0.816140 0.121055
v -0.351204 0.493598 0.288929
vn -0.638165 0.769123 0.034576
vt 0.822156 0.118943
v -0.341564 0.492952 0.309102
vn -0.408774 0.753740 0.514567
vt 0.827909 0.121693
v -0.320525 0.491391 0.316534
vn -0.187350 0.709513 0.679331
vt 0.830029 0.127692
v 0.045811 0.858248 0.214269
vn 0.123068 0.927062 0.354134
vt 0.129217 0.549062
v 0.137203 0.841923 0.186028
vn 0.419191 0.846293 0.328736
vt 0.117176 0.600375
v 0.137433 0.970969 -0.021078
vn 0.451024 0.768380 0.454058
vt 0.028866 0.600504
v -0.326232 0.503375 0.203796
vn -0.205621 0.978568 0.011141
vt 0.819201 0.141360
v -0.328720 0.491391 0.174664
vn -0.259650 0.709513 -0.655113
vt 0.810893 0.140650
v -0.348832 0.492952 0.184326
vn -0.461976 0.753741 -0.467388
vt 0.813648 0.134915
v -0.356237 0.493598 0.205422
vn -0.638164 0.769124 0.034576
vt 0.819664 0.132803
v -0.346596 0.492952 0.225594
vn -0.408773 0.753741 0.514566
vt 0.825417 0.135552
v -0.325558 0.491391 0.233026
vn -0.187349 0.709513 0.679332
vt 0.827536 0.141552
v 0.044621 1.101801 -0.493122
vn 0.203719 0.949582 -0.238312
vt 0.706082 0.548152
v 0.115627 1.002010 -0.756733
vn 0.584371 0.744785 -0.322190
vt 0.819191 0.511101
v 0.038542 1.037233 -0.756733
vn 0.177465 0.901322 -0.395127
vt 0.819191 0.551324
v -0.397314 0.236235 -0.417476
vn -1.000000 0.000000 -0.000000
vt 0.759644 0.091484
v -0.397314 0.302466 -0.421419
vn -1.000000 0.000000 -0.000000
vt 0.761159 0.116940
v -0.397314 0.236235 -0.466972
vn -1.000000 0.000000 0.000000
vt 0.778667 0.091484
v 0.044621 1.101801 -0.493122
vn 0.203719 0.949582 -0.238312
vt 0.706082 0.548152
v 0.133862 1.062313 -0.493122
vn 0.639052 0.741661 -0.203840
vt 0.706082 0.501585
v 0.115627 1.002010 -0.756733
vn 0.584371 0.744785 -0.322190
vt 0.819191 0.511101
v -0.247218 0.360479 0.355943
vn 0.000000 1.000000 0.000000
vt 0.462804 0.088824
v -0.247218 0.360479 0.177698
vn 0.000000 1.000000 0.000000
vt 0.531314 0.088824
v -0.397314 0.360479 0.177698
vn 0.000000 1.000000 0.000000
vt 0.531314 0.031134
v 0.032464 0.870856 -1.008372
vn 0.131799 0.756025 -0.641136
vt 0.927163 0.554495
v 0.086077 0.777223 -1.076216
vn 0.287333 0.631058 -0.720559
vt 0.956273 0.526519
v 0.034380 0.782512 -1.090363
vn 0.107633 0.633822 -0.765953
vt 0.962343 0.553495
v -0.247218 0.360479 0.355943
vn 0.000000 1.000000 0.000000
vt 0.462804 0.088824
v -0.397314 0.360479 0.177698
vn 0.000000 1.000000 0.000000
vt 0.531314 0.031134
v -0.397314 0.360479 0.355943
vn 0.000000 1.000000 0.000000
vt 0.462804 0.031134
v 0.032464 0.870856 -1.008372
vn 0.131799 0.756025 -0.641136
vt 0.927163 0.554495
v 0.097391 0.860392 -0.999884
vn 0.430378 0.695677 -0.575159
vt 0.923521 0.520616
v 0.086077 0.777223 -1.076216
vn 0.287333 0.631058 -0.720559
vt 0.956273 0.526519
v -0.397314 0.236234 0.356053
vn -1.000000 0.000000 0.000000
vt 0.462332 0.091483
v -0.397314 0.360479 0.355943
vn -1.000000 0.000000 0.000000
vt 0.462375 0.139238
v -0.397314 0.360479 0.177698
vn -1.000000 -0.000000 -0.000000
vt 0.530884 0.139238
v 0.052889 0.245699 1.236740
vn 0.092020 0.033156 0.995205
vt 0.561066 0.719414
v 0.158665 0.377088 1.213750
vn 0.508262 0.116334 0.853309
vt 0.612841 0.783725
v 0.052889 0.377088 1.231271
vn 0.087673 0.133438 0.987172
vt 0.561066 0.783725
v -0.397314 0.236234 0.356053
vn -1.000000 0.000000 0.000000
vt 0.462332 0.091483
v -0.397314 0.360479 0.177698
vn -1.000000 -0.000000 -0.000000
vt 0.530884 0.139238
v -0.397314 0.236234 0.177714
vn -1.000000 -0.000000 -0.000000
vt 0.530878 0.091484
v 0.052889 0.245699 1.236740
vn 0.092020 0.033156 0.995205
vt 0.561066 0.719414
v 0.158665 0.245699 1.214813
vn 0.518214 0.014447 0.855129
vt 0.612841 0.719414
v 0.158665 0.377088 1.213750
vn 0.508262 0.116334 0.853309
vt 0.612841 0.783725
v -0.397314 0.236235 -0.466972
vn -0.000000 0.566690 -0.823931
vt 0.779097 0.031134
v -0.397314 0.302466 -0.421419
vn -0.000000 0.566690 -0.823931
vt 0.761588 0.031134
v -0.247218 0.302705 -0.421254
vn -0.000000 0.566690 -0.823931
vt 0.761525 0.088824
v 0.048968 0.500115 1.202425
vn 0.092608 0.311148 0.945839
vt 0.559147 0.843943
v 0.123634 0.560528 1.156069
vn 0.407492 0.488621 0.771492
vt 0.595694 0.873513
v 0.041211 0.560528 1.180178
vn 0.121407 0.457430 0.880919
vt 0.555351 0.873513
v -0.397314 0.236235 -0.466972
vn -0.000000 0.566690 -0.823931
vt 0.779097 0.031134
v -0.247218 0.302705 -0.421254
vn -0.000000 0.566690 -0.823931
vt 0.761525 0.088824
v -0.247218 0.236235 -0.466972
vn -0.000000 0.566690 -0.823931
vt 0.779097 0.088824
v 0.048968 0.500115 1.202425
vn 0.092608 0.311148 0.945839
vt 0.559147 0.843943
v 0.146903 0.500115 1.185008
vn 0.470587 0.316233 0.823738
vt 0.607083 0.843943
v 0.123634 0.560528 1.156069
vn 0.407492 0.488621 0.771492
vt 0.595694 0.873513
v -0.397314 0.236235 -0.339602
vn -1.000000 0.000000 -0.000000
vt 0.729712 0.091484
v -0.397314 0.360479 -0.342718
vn -1.000000 0.000000 -0.000000
vt 0.730910 0.139238
v -0.397314 0.360479 -0.381518
vn -1.000000 0.000000 -0.000000
vt 0.745823 0.139238
v 0.158665 0.245699 1.214813
vn 0.518214 0.014447 0.855129
vt 0.612841 0.719414
v 0.273740 0.364325 1.067746
vn 0.922777 0.091797 0.374239
vt 0.669166 0.777478
v 0.158665 0.377088 1.213750
vn 0.508262 0.116334 0.853309
vt 0.612841 0.783725
v 0.146903 0.500115 1.185008
vn 0.470587 0.316233 0.823738
vt 0.607083 0.843943
v 0.048968 0.500115 1.202425
vn 0.092608 0.311148 0.945839
vt 0.559147 0.843943
v 0.158665 0.245699 1.214813
vn 0.518214 0.014447 0.855129
vt 0.612841 0.719414
v 0.273740 0.243279 1.067746
vn 0.929530 0.001357 0.368743
vt 0.669166 0.718230
v 0.273740 0.364325 1.067746
vn 0.922777 0.091797 0.374239
vt 0.669166 0.777478
v -0.397314 0.236235 -0.339602
vn -1.000000 0.000000 -0.000000
vt 0.729712 0.091484
v -0.397314 0.360479 -0.381518
vn -1.000000 0.000000 -0.000000
vt 0.745823 0.139238
v -0.397314 0.302466 -0.421419
vn -1.000000 0.000000 -0.000000
vt 0.761159 0.116940
v 0.273740 0.243279 1.067746
vn 0.929530 0.001357 0.368743
vt 0.080601 0.170990
v 0.321742 0.402615 0.534077
vn 0.991990 0.091168 0.087433
vt 0.291350 0.233913
v 0.273740 0.364325 1.067746
vn 0.922777 0.091797 0.374239
vt 0.080601 0.218792
v -0.397314 0.236235 -0.339602
vn -1.000000 0.000000 -0.000000
vt 0.729712 0.091484
v -0.397314 0.302466 -0.421419
vn -1.000000 0.000000 -0.000000
vt 0.761159 0.116940
v -0.397314 0.236235 -0.417476
vn -1.000000 0.000000 -0.000000
vt 0.759644 0.091484
v 0.273740 0.243279 1.067746
vn 0.929530 0.001357 0.368743
vt 0.080601 0.170990
v 0.321742 0.243279 0.534077
vn 0.996709 0.000000 0.081063
vt 0.291350 0.170990
v 0.321742 0.402615 0.534077
vn 0.991990 0.091168 0.087433
vt 0.291350 0.233913
v -0.247218 0.360479 0.177698
vn 0.000000 1.000000 0.000000
vt 0.531314 0.088824
v -0.247218 0.360479 -0.105931
vn 0.000000 1.000000 0.000000
vt 0.640329 0.088824
v -0.397314 0.360479 -0.105931
vn 0.000000 1.000000 0.000000
vt 0.640328 0.031134
v 0.334689 0.243279 0.356051
vn 0.997366 0.000000 0.072534
vt 0.361653 0.170990
v 0.347636 0.432938 0.178025
vn 0.995347 0.084556 0.046202
vt 0.431957 0.245888
v 0.334689 0.417777 0.356051
vn 0.992368 0.093093 0.080869
vt 0.361653 0.239900
v -0.247218 0.360479 0.177698
vn 0.000000 1.000000 0.000000
vt 0.531314 0.088824
v -0.397314 0.360479 -0.105931
vn 0.000000 1.000000 0.000000
vt 0.640328 0.031134
v -0.397314 0.360479 0.177698
vn 0.000000 1.000000 0.000000
vt 0.531314 0.031134
v 0.334689 0.243279 0.356051
vn 0.997366 0.000000 0.072534
vt 0.361653 0.170990
v 0.347636 0.243279 0.178025
vn 0.999341 0.000000 0.036291
vt 0.431957 0.170990
v 0.347636 0.432938 0.178025
vn 0.995347 0.084556 0.046202
vt 0.431957 0.245888
v -0.397314 0.236234 0.177714
vn -1.000000 -0.000000 -0.000000
vt 0.530878 0.091484
v -0.397314 0.360479 0.177698
vn -1.000000 -0.000000 -0.000000
vt 0.530884 0.139238
v -0.397314 0.360479 -0.105931
vn -1.000000 0.000000 -0.000000
vt 0.639899 0.139238
v 0.347636 0.243279 0.178025
vn 0.999341 0.000000 0.036291
vt 0.431957 0.170990
v 0.347636 0.448964 -0.106168
vn 0.997440 0.071254 -0.006061
vt 0.544186 0.252217
v 0.347636 0.432938 0.178025
vn 0.995347 0.084556 0.046202
vt 0.431957 0.245888
v -0.397314 0.236234 0.177714
vn -1.000000 -0.000000 -0.000000
vt 0.530878 0.091484
v -0.397314 0.360479 -0.105931
vn -1.000000 0.000000 -0.000000
vt 0.639899 0.139238
v -0.397314 0.236235 -0.105983
vn -1.000000 0.000000 -0.000000
vt 0.639919 0.091484
v 0.347636 0.243279 0.178025
vn 0.999341 0.000000 0.036291
vt 0.431957 0.170990
v 0.347636 0.243279 -0.106168
vn 0.999895 0.000000 -0.014478
vt 0.544186 0.170990
v 0.347636 0.448964 -0.106168
vn 0.997440 0.071254 -0.006061
vt 0.544186 0.252217
v -0.247218 0.360479 -0.261758
vn 0.000000 1.000000 0.000000
vt 0.700222 0.088824
v -0.247218 0.360479 -0.342718
vn 0.000000 1.000000 0.000000
vt 0.731339 0.088824
v -0.397314 0.360479 -0.342718
vn 0.000000 1.000000 0.000000
vt 0.731339 0.031134
v 0.347636 0.243279 -0.106168
vn 0.999895 0.000000 -0.014478
vt 0.544186 0.170990
v 0.345378 0.448964 -0.184139
vn 0.998159 0.058428 -0.016268
vt 0.574978 0.252217
v 0.347636 0.448964 -0.106168
vn 0.997440 0.071254 -0.006061
vt 0.544186 0.252217
v -0.247218 0.360479 -0.261758
vn 0.000000 1.000000 0.000000
vt 0.700222 0.088824
v -0.397314 0.360479 -0.342718
vn 0.000000 1.000000 0.000000
vt 0.731339 0.031134
v -0.397314 0.360479 -0.261758
vn 0.000000 1.000000 0.000000
vt 0.700222 0.031134
v -0.247218 0.360479 -0.342718
vn 0.000000 1.000000 0.000000
vt 0.731339 0.088824
v -0.397314 0.360479 -0.381518
vn 0.000000 1.000000 0.000001
vt 0.746253 0.031134
v -0.397314 0.236235 -0.261792
vn -1.000000 0.000000 -0.000000
vt 0.699805 0.091484
v -0.397314 0.360479 -0.261758
vn -1.000000 0.000000 -0.000000
vt 0.699792 0.139238
v -0.397314 0.360479 -0.342718
vn -1.000000 0.000000 -0.000000
vt 0.730910 0.139238
v 0.347636 0.243279 -0.106168
vn 0.999895 0.000000 -0.014478
vt 0.544186 0.170990
v 0.345378 0.243279 -0.184139
vn 0.999581 0.000000 -0.028954
vt 0.574978 0.170990
v 0.345378 0.448964 -0.184139
vn 0.998159 0.058428 -0.016268
vt 0.574978 0.252217
v -0.397314 0.236235 -0.261792
vn -1.000000 0.000000 -0.000000
vt 0.699805 0.091484
v -0.397314 0.360479 -0.342718
vn -1.000000 0.000000 -0.000000
vt 0.730910 0.139238
v -0.397314 0.236235 -0.339602
vn -1.000000 0.000000 -0.000000
vt 0.729712 0.091484
v 0.338602 0.243279 -0.418054
vn 0.996547 -0.002124 -0.083003
vt 0.667352 0.170991
v 0.292476 0.448965 -0.754750
vn 0.985947 0.049908 -0.159429
vt 0.800315 0.252217
v 0.338602 0.448964 -0.427760
vn 0.994972 0.055442 -0.083404
vt 0.671185 0.252217
v -0.247218 0.360479 -0.342718
vn 0.000000 1.000000 0.000000
vt 0.731339 0.088824
v -0.247218 0.360479 -0.381518
vn 0.000000 1.000000 0.000001
vt 0.746252 0.088824
v -0.397314 0.360479 -0.381518
vn 0.000000 1.000000 0.000001
vt 0.746253 0.031134
v 0.338602 0.243279 -0.418054
vn 0.996547 -0.002124 -0.083003
vt 0.667352 0.170991
v 0.292476 0.243279 -0.754751
vn 0.986897 -0.001624 -0.161345
vt 0.800315 0.170991
v 0.292476 0.448965 -0.754750
vn 0.985947 0.049908 -0.159429
vt 0.800315 0.252217
v -0.397314 0.302466 -0.421419
vn -0.000000 0.566690 -0.823931
vt 0.761588 0.031134
v -0.397314 0.360479 -0.381518
vn -0.000000 0.566690 -0.823931
vt 0.746253 0.031134
v -0.247218 0.360479 -0.381518
vn -0.000000 0.566690 -0.823931
vt 0.746252 0.088824
v 0.246350 0.243280 -0.999885
vn 0.961441 0.000001 -0.275012
vt 0.897120 0.170991
v 0.157623 0.448965 -1.227824
vn 0.618943 0.129624 -0.774666
vt 0.987134 0.252217
v 0.246350 0.448965 -0.999885
vn 0.957478 0.056729 -0.282873
vt 0.897120 0.252217
v -0.397314 0.302466 -0.421419
vn -0.000000 0.566690 -0.823931
vt 0.761588 0.031134
v -0.247218 0.360479 -0.381518
vn -0.000000 0.566690 -0.823931
vt 0.746252 0.088824
v -0.247218 0.302705 -0.421254
vn -0.000000 0.566690 -0.823931
vt 0.761525 0.088824
v 0.246350 0.243280 -0.999885
vn 0.961441 0.000001 -0.275012
vt 0.897120 0.170991
v 0.157623 0.243280 -1.227824
vn 0.631186 0.003103 -0.775625
vt 0.987134 0.170991
v 0.157623 0.448965 -1.227824
vn 0.618943 0.129624 -0.774666
vt 0.987134 0.252217
v -0.397314 0.236234 0.577517
vn -1.000000 0.000000 0.000000
vt 0.377211 0.091484
v -0.397314 0.360479 0.492063
vn -1.000000 0.000000 0.000000
vt 0.410056 0.139238
v -0.397314 0.360479 0.355943
vn -1.000000 0.000000 0.000000
vt 0.462375 0.139238
v 0.146903 0.500115 1.185008
vn 0.470587 0.316233 0.823738
vt 0.607083 0.843943
v 0.213302 0.592357 1.067746
vn 0.711254 0.552401 0.434707
vt 0.639584 0.889092
v 0.123634 0.560528 1.156069
vn 0.407492 0.488621 0.771492
vt 0.595694 0.873513
v -0.397314 0.236234 0.577517
vn -1.000000 0.000000 0.000000
vt 0.377211 0.091484
v -0.397314 0.360479 0.355943
vn -1.000000 0.000000 0.000000
vt 0.462375 0.139238
v -0.397314 0.236234 0.356053
vn -1.000000 0.000000 0.000000
vt 0.462332 0.091483
v 0.146903 0.500115 1.185008
vn 0.470587 0.316233 0.823738
vt 0.607083 0.843943
v 0.253447 0.487352 1.067746
vn 0.879004 0.270473 0.392678
vt 0.659233 0.837696
v 0.213302 0.592357 1.067746
vn 0.711254 0.552401 0.434707
vt 0.639584 0.889092
v -0.247218 0.360479 0.492063
vn 0.000000 0.566690 0.823931
vt 0.410485 0.088824
v -0.397314 0.360479 0.492063
vn 0.000000 0.566690 0.823931
vt 0.410485 0.031134
v -0.397314 0.236234 0.577517
vn 0.000000 0.566690 0.823931
vt 0.377640 0.031134
v 0.253447 0.487352 1.067746
vn 0.879004 0.270473 0.392678
vt 0.080601 0.267376
v 0.250706 0.683756 0.534077
vn 0.801426 0.577298 0.156342
vt 0.291350 0.344937
v 0.213302 0.592357 1.067746
vn 0.711254 0.552401 0.434707
vt 0.080601 0.308843
v -0.247218 0.360479 0.492063
vn 0.000000 0.566690 0.823931
vt 0.410485 0.088824
v -0.397314 0.236234 0.577517
vn 0.000000 0.566690 0.823931
vt 0.377640 0.031134
v -0.247218 0.236234 0.577517
vn 0.000000 0.566690 0.823931
vt 0.377641 0.088824
v 0.253447 0.487352 1.067746
vn 0.879004 0.270473 0.392678
vt 0.080601 0.267376
v 0.297890 0.525642 0.534077
vn 0.965676 0.239495 0.100559
vt 0.291350 0.282497
v 0.250706 0.683756 0.534077
vn 0.801426 0.577298 0.156342
vt 0.291350 0.344937
v 0.321742 0.402615 0.534077
vn 0.991990 0.091168 0.087433
vt 0.291350 0.233913
v 0.273740 0.364325 1.067746
vn 0.922777 0.091797 0.374239
vt 0.080601 0.218792
v 0.309877 0.548816 0.356051
vn 0.968192 0.230741 0.096768
vt 0.361653 0.291649
v 0.270883 0.785349 0.099631
vn 0.858125 0.485151 0.168075
vt 0.462915 0.385057
v 0.258020 0.720584 0.376590
vn 0.795174 0.583125 0.166324
vt 0.353542 0.359481
v -0.247218 0.360479 0.492063
vn 0.000000 1.000000 0.000000
vt 0.410485 0.088824
v -0.247218 0.360479 0.355943
vn 0.000000 1.000000 0.000000
vt 0.462804 0.088824
v -0.397314 0.360479 0.355943
vn 0.000000 1.000000 0.000000
vt 0.462804 0.031134
v 0.309877 0.548816 0.356051
vn 0.968192 0.230741 0.096768
vt 0.361653 0.291649
v 0.321864 0.571991 0.178025
vn 0.973909 0.215861 0.070044
vt 0.431957 0.300800
v 0.270883 0.785349 0.099631
vn 0.858125 0.485151 0.168075
vt 0.462915 0.385057
v -0.247218 0.360479 0.492063
vn 0.000000 1.000000 0.000000
vt 0.410485 0.088824
v -0.397314 0.360479 0.355943
vn 0.000000 1.000000 0.000000
vt 0.462804 0.031134
v -0.397314 0.360479 0.492063
vn 0.000000 1.000000 0.000000
vt 0.410485 0.031134
v 0.313500 0.654649 -0.441453
vn 0.983679 0.148957 -0.100934
vt 0.676592 0.333443
v 0.227901 0.837650 -0.754750
vn 0.887237 0.413237 -0.205051
vt 0.800315 0.405711
v 0.263843 0.860335 -0.469107
vn 0.910837 0.384065 -0.151229
vt 0.687513 0.414669
v 0.247218 0.360479 0.355943
vn -0.000000 1.000000 0.000000
vt 0.692926 0.031138
v 0.397314 0.360479 0.355943
vn -0.000000 1.000000 0.000000
vt 0.692926 0.088829
v 0.397314 0.360479 0.177698
vn -0.000000 1.000000 0.000000
vt 0.624416 0.088829
v 0.313500 0.654649 -0.441453
vn 0.983679 0.148957 -0.100934
vt 0.676592 0.333443
v 0.270794 0.654650 -0.754750
vn 0.973460 0.166185 -0.157350
vt 0.800315 0.333443
v 0.227901 0.837650 -0.754750
vn 0.887237 0.413237 -0.205051
vt 0.800315 0.405711
v 0.247218 0.360479 0.355943
vn -0.000000 1.000000 0.000000
vt 0.692926 0.031138
v 0.397314 0.360479 0.177698
vn -0.000000 1.000000 0.000000
vt 0.624416 0.088829
v 0.247218 0.360479 0.177698
vn -0.000000 1.000000 0.000000
vt 0.624416 0.031138
v 0.228087 0.654650 -0.999884
vn 0.919981 0.216402 -0.326810
vt 0.897119 0.333443
v 0.112066 0.720677 -1.119814
vn 0.396981 0.566966 -0.721773
vt 0.944480 0.359518
v 0.191959 0.785571 -0.999884
vn 0.751856 0.487040 -0.444416
vt 0.897119 0.385145
v 0.397314 0.236234 0.356053
vn 1.000000 0.000000 0.000000
vt 0.462184 0.091488
v 0.397314 0.236234 0.177714
vn 1.000000 -0.000000 -0.000000
vt 0.530729 0.091488
v 0.397314 0.360479 0.177698
vn 1.000000 -0.000000 -0.000000
vt 0.530736 0.139242
v 0.228087 0.654650 -0.999884
vn 0.919981 0.216402 -0.326810
vt 0.897119 0.333443
v 0.145938 0.654650 -1.161646
vn 0.541273 0.387376 -0.746300
vt 0.961000 0.333443
v 0.112066 0.720677 -1.119814
vn 0.396981 0.566966 -0.721773
vt 0.944480 0.359518
v 0.397314 0.236235 -0.466972
vn 0.000000 0.566690 -0.823931
vt 0.376633 0.088829
v 0.247218 0.236235 -0.466972
vn 0.000000 0.566690 -0.823931
vt 0.376633 0.031138
v 0.247218 0.302705 -0.421254
vn 0.000000 0.566690 -0.823931
vt 0.394205 0.031138
v 0.157623 0.243280 -1.227824
vn 0.631186 0.003103 -0.775625
vt 0.965569 0.668227
v 0.052541 0.448965 -1.244367
vn 0.077733 0.164590 -0.983294
vt 0.903088 0.790525
v 0.157623 0.448965 -1.227824
vn 0.618943 0.129624 -0.774666
vt 0.965569 0.790525
v 0.397314 0.236235 -0.466972
vn 0.000000 0.566690 -0.823931
vt 0.376633 0.088829
v 0.247218 0.302705 -0.421254
vn 0.000000 0.566690 -0.823931
vt 0.394205 0.031138
v 0.397314 0.302466 -0.421419
vn 0.000000 0.566690 -0.823931
vt 0.394142 0.088829
v 0.157623 0.243280 -1.227824
vn 0.631186 0.003103 -0.775625
vt 0.965569 0.668227
v 0.052541 0.243280 -1.246617
vn 0.083192 0.008197 -0.996500
vt 0.903088 0.668227
v 0.052541 0.448965 -1.244367
vn 0.077733 0.164590 -0.983294
vt 0.903088 0.790525
v 0.397314 0.236235 -0.339602
vn 1.000000 0.000000 -0.000000
vt 0.729564 0.091488
v 0.397314 0.236235 -0.417476
vn 1.000000 0.000000 -0.000000
vt 0.759495 0.091488
v 0.397314 0.302466 -0.421419
vn 1.000000 0.000000 -0.000000
vt 0.761010 0.116945
v 0.052541 0.243280 -1.246617
vn 0.083192 0.008197 -0.996500
vt 0.903088 0.668227
v -0.052541 0.448965 -1.244367
vn -0.077733 0.164590 -0.983294
vt 0.840608 0.790525
v 0.052541 0.448965 -1.244367
vn 0.077733 0.164590 -0.983294
vt 0.903088 0.790525
v 0.247218 0.360479 -0.261758
vn -0.000000 1.000000 0.000000
vt 0.455508 0.031138
v 0.397314 0.360479 -0.261758
vn -0.000000 1.000000 0.000000
vt 0.455508 0.088829
v 0.397314 0.360479 -0.342718
vn -0.000000 1.000000 0.000000
vt 0.424391 0.088829
v 0.247218 0.360479 -0.342718
vn -0.000000 1.000000 0.000000
vt 0.424391 0.031138
v 0.397314 0.360479 -0.381518
vn -0.000000 1.000000 0.000000
vt 0.409478 0.088829
v 0.247218 0.360479 -0.261758
vn -0.000000 1.000000 0.000000
vt 0.455508 0.031138
v 0.397314 0.360479 -0.342718
vn -0.000000 1.000000 0.000000
vt 0.424391 0.088829
v 0.247218 0.360479 -0.342718
vn -0.000000 1.000000 0.000000
vt 0.424391 0.031138
v 0.397314 0.360479 -0.381518
vn -0.000000 1.000000 0.000000
vt 0.409478 0.088829
v 0.247218 0.360479 -0.381518
vn -0.000000 1.000000 0.000000
vt 0.409478 0.031138
v 0.397314 0.236235 -0.261792
vn 1.000000 0.000000 -0.000000
vt 0.699656 0.091488
v 0.397314 0.236235 -0.339602
vn 1.000000 0.000000 -0.000000
vt 0.729564 0.091488
v 0.397314 0.360479 -0.342718
vn 1.000000 0.000000 -0.000000
vt 0.730761 0.139242
v 0.052541 0.243280 -1.246617
vn 0.083192 0.008197 -0.996500
vt 0.903088 0.668227
v -0.052541 0.243280 -1.246617
vn -0.083192 0.008197 -0.996500
vt 0.840608 0.668227
v -0.052541 0.448965 -1.244367
vn -0.077733 0.164590 -0.983294
vt 0.840608 0.790525
v 0.397314 0.302466 -0.421419
vn 0.000000 0.566690 -0.823931
vt 0.394142 0.088829
v 0.247218 0.302705 -0.421254
vn 0.000000 0.566690 -0.823931
vt 0.394205 0.031138
v 0.247218 0.360479 -0.381518
vn 0.000000 0.566690 -0.823931
vt 0.409478 0.031138
v 0.145938 0.654650 -1.161646
vn 0.541273 0.387376 -0.746300
vt 0.958621 0.912824
v 0.040941 0.723300 -1.131304
vn 0.083416 0.575159 -0.813778
vt 0.896191 0.953642
v 0.112066 0.720677 -1.119814
vn 0.396981 0.566966 -0.721773
vt 0.938481 0.952083
v 0.048646 0.656060 -1.174886
vn 0.069168 0.439895 -0.895382
vt 0.900772 0.913662
v -0.040941 0.723300 -1.131304
vn -0.083416 0.575158 -0.813778
vt 0.847505 0.953642
v 0.145938 0.654650 -1.161646
vn 0.541273 0.387376 -0.746300
vt 0.958621 0.912824
v 0.048646 0.656060 -1.174886
vn 0.069168 0.439895 -0.895382
vt 0.900772 0.913662
v 0.040941 0.723300 -1.131304
vn 0.083416 0.575159 -0.813778
vt 0.896191 0.953642
v 0.397314 0.302466 -0.421419
vn 0.000000 0.566690 -0.823931
vt 0.394142 0.088829
v 0.247218 0.360479 -0.381518
vn 0.000000 0.566690 -0.823931
vt 0.409478 0.031138
v 0.397314 0.360479 -0.381518
vn 0.000000 0.566690 -0.823931
vt 0.409478 0.088829
v 0.048646 0.656060 -1.174886
vn 0.069168 0.439895 -0.895382
vt 0.900772 0.913662
v -0.048646 0.656060 -1.174886
vn -0.069168 0.439895 -0.895382
vt 0.842923 0.913662
v -0.040941 0.723300 -1.131304
vn -0.083416 0.575158 -0.813778
vt 0.847505 0.953642
v 0.397314 0.236234 0.577517
vn 1.000000 0.000000 0.000000
vt 0.377063 0.091488
v 0.397314 0.236234 0.356053
vn 1.000000 0.000000 0.000000
vt 0.462184 0.091488
v 0.397314 0.360479 0.355943
vn 1.000000 0.000000 0.000000
vt 0.462226 0.139242
v 0.052889 0.377088 1.231271
vn 0.087673 0.133438 0.987172
vt 0.561066 0.783725
v -0.048968 0.500115 1.202425
vn -0.092608 0.311148 0.945839
vt 0.511211 0.843943
v -0.052888 0.377088 1.231271
vn -0.087673 0.133438 0.987172
vt 0.509292 0.783725
v 0.397314 0.236234 0.577517
vn 1.000000 0.000000 0.000000
vt 0.377063 0.091488
v 0.397314 0.360479 0.355943
vn 1.000000 0.000000 0.000000
vt 0.462226 0.139242
v 0.397314 0.360479 0.492063
vn 1.000000 0.000000 0.000000
vt 0.409907 0.139242
v 0.052889 0.377088 1.231271
vn 0.087673 0.133438 0.987172
vt 0.561066 0.783725
v 0.048968 0.500115 1.202425
vn 0.092608 0.311148 0.945839
vt 0.559147 0.843943
v -0.048968 0.500115 1.202425
vn -0.092608 0.311148 0.945839
vt 0.511211 0.843943
v 0.247218 0.360479 0.492063
vn -0.000000 0.566690 0.823931
vt 0.745245 0.031138
v 0.247218 0.236234 0.577517
vn -0.000000 0.566690 0.823931
vt 0.778090 0.031138
v 0.397314 0.236234 0.577517
vn -0.000000 0.566690 0.823931
vt 0.778089 0.088829
v 0.158665 0.377088 1.213750
vn 0.508262 0.116334 0.853309
vt 0.612841 0.783725
v 0.048968 0.500115 1.202425
vn 0.092608 0.311148 0.945839
vt 0.559147 0.843943
v 0.052889 0.377088 1.231271
vn 0.087673 0.133438 0.987172
vt 0.561066 0.783725
v 0.247218 0.360479 0.492063
vn -0.000000 0.566690 0.823931
vt 0.745245 0.031138
v 0.397314 0.236234 0.577517
vn -0.000000 0.566690 0.823931
vt 0.778089 0.088829
v 0.397314 0.360479 0.492063
vn -0.000000 0.566690 0.823931
vt 0.745245 0.088829
v 0.273740 0.364325 1.067746
vn 0.922777 0.091797 0.374239
vt 0.669166 0.777478
v 0.146903 0.500115 1.185008
vn 0.470587 0.316233 0.823738
vt 0.607083 0.843943
v 0.158665 0.377088 1.213750
vn 0.508262 0.116334 0.853309
vt 0.612841 0.783725
v 0.247218 0.360479 0.492063
vn -0.000000 1.000000 0.000000
vt 0.745245 0.031138
v 0.397314 0.360479 0.492063
vn -0.000000 1.000000 0.000000
vt 0.745245 0.088829
v 0.397314 0.360479 0.355943
vn -0.000000 1.000000 0.000000
vt 0.692926 0.088829
v 0.273740 0.364325 1.067746
vn 0.922777 0.091797 0.374239
vt 0.669166 0.777478
v 0.253447 0.487352 1.067746
vn 0.879004 0.270473 0.392678
vt 0.659233 0.837696
v 0.146903 0.500115 1.185008
vn 0.470587 0.316233 0.823738
vt 0.607083 0.843943
v 0.247218 0.360479 0.492063
vn -0.000000 1.000000 0.000000
vt 0.745245 0.031138
v 0.397314 0.360479 0.355943
vn -0.000000 1.000000 0.000000
vt 0.692926 0.088829
v 0.247218 0.360479 0.355943
vn -0.000000 1.000000 0.000000
vt 0.692926 0.031138
v 0.321742 0.402615 0.534077
vn 0.991990 0.091168 0.087433
vt 0.291350 0.233913
v 0.297890 0.525642 0.534077
vn 0.965676 0.239495 0.100559
vt 0.291350 0.282497
v 0.253447 0.487352 1.067746
vn 0.879004 0.270473 0.392678
vt 0.080601 0.267376
v -0.356988 0.464591 0.234876
vn -0.637285 0.251660 0.728378
vt 0.810781 0.051446
v -0.370690 0.465509 0.206205
vn -0.960510 0.273336 0.052040
vt 0.810519 0.043269
v -0.380027 0.342063 0.206711
vn -0.995683 0.075528 0.053945
vt 0.845723 0.043414
v 0.347636 0.432938 0.178025
vn 0.995347 0.084556 0.046202
vt 0.431957 0.245888
v 0.309877 0.548816 0.356051
vn 0.968192 0.230741 0.096768
vt 0.361653 0.291649
v 0.334689 0.417777 0.356051
vn 0.992368 0.093093 0.080869
vt 0.361653 0.239900
v -0.356988 0.464591 0.234876
vn -0.637285 0.251660 0.728378
vt 0.810781 0.051446
v -0.380027 0.342063 0.206711
vn -0.995683 0.075528 0.053945
vt 0.845723 0.043414
v -0.366325 0.341144 0.235382
vn -0.665800 0.053406 0.744217
vt 0.845985 0.051590
v -0.370690 0.465509 0.206205
vn -0.960510 0.273336 0.052040
vt 0.810519 0.043269
v -0.369503 0.341144 0.176727
vn -0.742309 0.053407 -0.667926
vt 0.845985 0.034863
v -0.346596 0.492952 0.225594
vn -0.408773 0.753741 0.514566
vt 0.802693 0.048799
v -0.356237 0.493598 0.205422
vn -0.638164 0.769124 0.034576
vt 0.802509 0.043046
v 0.347636 0.432938 0.178025
vn 0.995347 0.084556 0.046202
vt 0.431957 0.245888
v 0.321864 0.571991 0.178025
vn 0.973909 0.215861 0.070044
vt 0.431957 0.300800
v 0.309877 0.548816 0.356051
vn 0.968192 0.230741 0.096768
vt 0.361653 0.291649
v -0.327087 0.462372 0.245439
vn -0.311350 0.213103 0.926093
vt 0.896703 0.126935
v -0.356988 0.464591 0.234876
vn -0.637285 0.251660 0.728378
vt 0.896071 0.118408
v -0.366325 0.341144 0.235382
vn -0.665800 0.053406 0.744217
vt 0.931275 0.115745
v 0.347636 0.448964 -0.106168
vn 0.997440 0.071254 -0.006061
vt 0.544186 0.252217
v 0.321864 0.571991 0.178025
vn 0.973909 0.215861 0.070044
vt 0.431957 0.300800
v 0.347636 0.432938 0.178025
vn 0.995347 0.084556 0.046202
vt 0.431957 0.245888
v -0.327087 0.462372 0.245439
vn -0.311350 0.213103 0.926093
vt 0.896703 0.126935
v -0.366325 0.341144 0.235382
vn -0.665800 0.053406 0.744217
vt 0.931275 0.115745
v -0.336423 0.338926 0.245945
vn -0.331048 0.028903 0.943171
vt 0.931908 0.124272
v -0.325558 0.491391 0.233026
vn -0.187349 0.709513 0.679332
vt 0.888428 0.127371
v -0.356988 0.464591 0.234876
vn -0.637285 0.251660 0.728378
vt 0.896071 0.118408
v -0.360166 0.464591 0.176221
vn -0.712250 0.251661 -0.655261
vt 0.927270 0.062969
v -0.331581 0.462372 0.162489
vn -0.409585 0.213104 -0.887033
vt 0.926638 0.071121
v -0.340918 0.338926 0.162995
vn -0.431013 0.028904 -0.901883
vt 0.891434 0.068458
v -0.348832 0.492952 0.184326
vn -0.461976 0.753741 -0.467388
vt 0.935358 0.066201
v -0.328720 0.491391 0.174664
vn -0.259650 0.709513 -0.655113
vt 0.934913 0.071936
v -0.360166 0.464591 0.176221
vn -0.712250 0.251661 -0.655261
vt 0.927270 0.062969
v -0.340918 0.338926 0.162995
vn -0.431013 0.028904 -0.901883
vt 0.891434 0.068458
v -0.369503 0.341144 0.176727
vn -0.742309 0.053407 -0.667926
vt 0.892066 0.060306
v 0.347636 0.448964 -0.106168
vn 0.997440 0.071254 -0.006061
vt 0.544186 0.252217
v 0.321864 0.639893 -0.093404
vn 0.983445 0.179766 0.022816
vt 0.539146 0.327615
v 0.321864 0.571991 0.178025
vn 0.973909 0.215861 0.070044
vt 0.431957 0.300800
v -0.370690 0.465509 0.206205
vn -0.960510 0.273336 0.052040
vt 0.810519 0.043269
v -0.360166 0.464591 0.176221
vn -0.712250 0.251661 -0.655261
vt 0.810781 0.034719
v -0.369503 0.341144 0.176727
vn -0.742309 0.053407 -0.667926
vt 0.845985 0.034863
v 0.338602 0.448964 -0.427760
vn 0.994972 0.055442 -0.083404
vt 0.671185 0.252217
v 0.323528 0.594684 -0.354441
vn 0.993260 0.106852 -0.044917
vt 0.642231 0.309762
v 0.340861 0.448964 -0.344935
vn 0.997916 0.053169 -0.036552
vt 0.638477 0.252217
v 0.338602 0.448964 -0.427760
vn 0.994972 0.055442 -0.083404
vt 0.671185 0.252217
v 0.313500 0.654649 -0.441453
vn 0.983679 0.148957 -0.100934
vt 0.676592 0.333443
v 0.246350 0.448965 -0.999885
vn 0.957478 0.056729 -0.282873
vt 0.897120 0.252217
v 0.270794 0.654650 -0.754750
vn 0.973460 0.166185 -0.157350
vt 0.800315 0.333443
v 0.292476 0.448965 -0.754750
vn 0.985947 0.049908 -0.159429
vt 0.800315 0.252217
v -0.346596 0.492952 0.225594
vn -0.408773 0.753741 0.514566
vt 0.802693 0.048799
v -0.370690 0.465509 0.206205
vn -0.960510 0.273336 0.052040
vt 0.810519 0.043269
v -0.356988 0.464591 0.234876
vn -0.637285 0.251660 0.728378
vt 0.810781 0.051446
v 0.246350 0.448965 -0.999885
vn 0.957478 0.056729 -0.282873
vt 0.897120 0.252217
v 0.228087 0.654650 -0.999884
vn 0.919981 0.216402 -0.326810
vt 0.897119 0.333443
v 0.270794 0.654650 -0.754750
vn 0.973460 0.166185 -0.157350
vt 0.800315 0.333443
v -0.325558 0.491391 0.233026
vn -0.187349 0.709513 0.679332
vt 0.888428 0.127371
v -0.346596 0.492952 0.225594
vn -0.408773 0.753741 0.514566
vt 0.887983 0.121371
v -0.356988 0.464591 0.234876
vn -0.637285 0.251660 0.728378
vt 0.896071 0.118408
v 0.157623 0.448965 -1.227824
vn 0.618943 0.129624 -0.774666
vt 0.987134 0.252217
v 0.228087 0.654650 -0.999884
vn 0.919981 0.216402 -0.326810
vt 0.897119 0.333443
v 0.246350 0.448965 -0.999885
vn 0.957478 0.056729 -0.282873
vt 0.897120 0.252217
v -0.348832 0.492952 0.184326
vn -0.461976 0.753741 -0.467388
vt 0.935358 0.066201
v -0.331581 0.462372 0.162489
vn -0.409585 0.213104 -0.887033
vt 0.926638 0.071121
v -0.360166 0.464591 0.176221
vn -0.712250 0.251661 -0.655261
vt 0.927270 0.062969
v 0.157623 0.448965 -1.227824
vn 0.618943 0.129624 -0.774666
vt 0.987134 0.252217
v 0.145938 0.654650 -1.161646
vn 0.541273 0.387376 -0.746300
vt 0.961000 0.333443
v 0.228087 0.654650 -0.999884
vn 0.919981 0.216402 -0.326810
vt 0.897119 0.333443
v -0.356237 0.493598 0.205422
vn -0.638164 0.769124 0.034576
vt 0.802509 0.043046
v -0.348832 0.492952 0.184326
vn -0.461976 0.753741 -0.467388
vt 0.802693 0.037030
v -0.360166 0.464591 0.176221
vn -0.712250 0.251661 -0.655261
vt 0.810781 0.034719
v 0.052541 0.448965 -1.244367
vn 0.077733 0.164590 -0.983294
vt 0.903088 0.790525
v 0.145938 0.654650 -1.161646
vn 0.541273 0.387376 -0.746300
vt 0.958621 0.912824
v 0.157623 0.448965 -1.227824
vn 0.618943 0.129624 -0.774666
vt 0.965569 0.790525
v -0.356237 0.493598 0.205422
vn -0.638164 0.769124 0.034576
vt 0.802509 0.043046
v -0.360166 0.464591 0.176221
vn -0.712250 0.251661 -0.655261
vt 0.810781 0.034719
v -0.370690 0.465509 0.206205
vn -0.960510 0.273336 0.052040
vt 0.810519 0.043269
v 0.052541 0.448965 -1.244367
vn 0.077733 0.164590 -0.983294
vt 0.903088 0.790525
v 0.048646 0.656060 -1.174886
vn 0.069168 0.439895 -0.895382
vt 0.900772 0.913662
v 0.145938 0.654650 -1.161646
vn 0.541273 0.387376 -0.746300
vt 0.958621 0.912824
v -0.351956 0.464591 0.318383
vn -0.637285 0.251660 0.728379
vt 0.807050 0.114348
v -0.365658 0.465509 0.289712
vn -0.960510 0.273335 0.052040
vt 0.806788 0.106171
v -0.374995 0.342063 0.290218
vn -0.995683 0.075529 0.053946
vt 0.841992 0.106316
v -0.351204 0.493598 0.288929
vn -0.638165 0.769123 0.034576
vt 0.798778 0.105948
v -0.355134 0.464591 0.259729
vn -0.712250 0.251660 -0.655261
vt 0.807050 0.097621
v -0.351956 0.464591 0.318383
vn -0.637285 0.251660 0.728379
vt 0.807050 0.114348
v -0.374995 0.342063 0.290218
vn -0.995683 0.075529 0.053946
vt 0.841992 0.106316
v -0.361293 0.341144 0.318889
vn -0.665799 0.053407 0.744217
vt 0.842254 0.114492
v 0.123634 0.560528 1.156069
vn 0.407492 0.488621 0.771492
vt 0.595694 0.873513
v 0.034921 0.639488 1.134111
vn 0.137954 0.630044 0.764207
vt 0.552272 0.912161
v 0.041211 0.560528 1.180178
vn 0.121407 0.457430 0.880919
vt 0.555351 0.873513
v -0.322054 0.462372 0.328947
vn -0.311351 0.213103 0.926093
vt 0.897237 0.100282
v -0.351956 0.464591 0.318383
vn -0.637285 0.251660 0.728379
vt 0.896604 0.091754
v -0.361293 0.341144 0.318889
vn -0.665799 0.053407 0.744217
vt 0.931809 0.089092
v 0.123634 0.560528 1.156069
vn 0.407492 0.488621 0.771492
vt 0.595694 0.873513
v 0.089799 0.639488 1.110629
vn 0.366301 0.604575 0.707328
vt 0.579133 0.912161
v 0.034921 0.639488 1.134111
vn 0.137954 0.630044 0.764207
vt 0.552272 0.912161
v -0.322054 0.462372 0.328947
vn -0.311351 0.213103 0.926093
vt 0.897237 0.100282
v -0.361293 0.341144 0.318889
vn -0.665799 0.053407 0.744217
vt 0.931809 0.089092
v -0.331391 0.338926 0.329453
vn -0.331049 0.028903 0.943171
vt 0.932441 0.097619
v 0.170425 0.740702 0.534077
vn 0.569965 0.802254 0.177562
vt 0.265582 0.619028
v 0.108220 0.674563 1.067746
vn 0.418860 0.793882 0.440804
vt 0.493137 0.584102
v 0.139745 0.649901 1.067746
vn 0.543251 0.716702 0.437283
vt 0.493137 0.601802
v -0.355134 0.464591 0.259729
vn -0.712250 0.251660 -0.655261
vt 0.966718 0.133334
v -0.326548 0.462372 0.245996
vn -0.409586 0.213103 -0.887032
vt 0.966086 0.141485
v -0.335885 0.338926 0.246502
vn -0.431015 0.028904 -0.901882
vt 0.930881 0.138823
v 0.170425 0.740702 0.534077
vn 0.569965 0.802254 0.177562
vt 0.265582 0.619028
v 0.127197 0.771366 0.534077
vn 0.422595 0.887339 0.184507
vt 0.265583 0.594757
v 0.108220 0.674563 1.067746
vn 0.418860 0.793882 0.440804
vt 0.493137 0.584102
v -0.355134 0.464591 0.259729
vn -0.712250 0.251660 -0.655261
vt 0.966718 0.133334
v -0.335885 0.338926 0.246502
vn -0.431015 0.028904 -0.901882
vt 0.930881 0.138823
v -0.364470 0.341144 0.260234
vn -0.742309 0.053407 -0.667925
vt 0.931514 0.130671
v 0.181627 0.765870 0.397992
vn 0.533286 0.824197 0.190541
vt 0.207556 0.625317
v 0.137203 0.841923 0.186028
vn 0.419191 0.846293 0.328736
vt 0.117176 0.600375
v 0.130699 0.796061 0.412260
vn 0.390581 0.899269 0.196880
vt 0.213640 0.596723
v -0.365658 0.465509 0.289712
vn -0.960510 0.273335 0.052040
vt 0.806788 0.106171
v -0.355134 0.464591 0.259729
vn -0.712250 0.251660 -0.655261
vt 0.807050 0.097621
v -0.364470 0.341144 0.260234
vn -0.742309 0.053407 -0.667925
vt 0.842254 0.097765
v 0.181627 0.765870 0.397992
vn 0.533286 0.824197 0.190541
vt 0.207556 0.625317
v 0.190675 0.819294 0.151469
vn 0.579257 0.759874 0.295048
vt 0.102440 0.630397
v 0.137203 0.841923 0.186028
vn 0.419191 0.846293 0.328736
vt 0.117176 0.600375
v 0.190813 0.918988 -0.032140
vn 0.633298 0.667612 0.391443
vt 0.024149 0.630475
v 0.137203 0.841923 0.186028
vn 0.419191 0.846293 0.328736
vt 0.117176 0.600375
v 0.137433 0.970969 -0.021078
vn 0.451024 0.768380 0.454058
vt 0.028866 0.600504
v 0.137203 0.841923 0.186028
vn 0.419191 0.846293 0.328736
vt 0.117176 0.600375
v -0.365658 0.465509 0.289712
vn -0.960510 0.273335 0.052040
vt 0.806788 0.106171
v -0.364470 0.341144 0.260234
vn -0.742309 0.053407 -0.667925
vt 0.842254 0.097765
v -0.374995 0.342063 0.290218
vn -0.995683 0.075529 0.053946
vt 0.841992 0.106316
v 0.191959 0.785571 -0.999884
vn 0.751856 0.487040 -0.444416
vt 0.897119 0.385145
v 0.115627 1.002010 -0.756733
vn 0.584371 0.744785 -0.322190
vt 0.801098 0.470617
v 0.227901 0.837650 -0.754750
vn 0.887237 0.413237 -0.205051
vt 0.800315 0.405711
v 0.115627 1.002010 -0.756733
vn 0.584371 0.744785 -0.322190
vt 0.801098 0.470617
v 0.263843 0.860335 -0.469107
vn 0.910837 0.384065 -0.151229
vt 0.687513 0.414669
v 0.191959 0.785571 -0.999884
vn 0.751856 0.487040 -0.444416
vt 0.897119 0.385145
v 0.097391 0.860392 -0.999884
vn 0.430378 0.695677 -0.575159
vt 0.897119 0.414692
v 0.115627 1.002010 -0.756733
vn 0.584371 0.744785 -0.322190
vt 0.801098 0.470617
v -0.341564 0.492952 0.309102
vn -0.408774 0.753740 0.514567
vt 0.798962 0.111701
v -0.351204 0.493598 0.288929
vn -0.638165 0.769123 0.034576
vt 0.798778 0.105948
v -0.365658 0.465509 0.289712
vn -0.960510 0.273335 0.052040
vt 0.806788 0.106171
v 0.112066 0.720677 -1.119814
vn 0.396981 0.566966 -0.721773
vt 0.944480 0.359518
v 0.097391 0.860392 -0.999884
vn 0.430378 0.695677 -0.575159
vt 0.897119 0.414692
v 0.191959 0.785571 -0.999884
vn 0.751856 0.487040 -0.444416
vt 0.897119 0.385145
v -0.341564 0.492952 0.309102
vn -0.408774 0.753740 0.514567
vt 0.798962 0.111701
v -0.365658 0.465509 0.289712
vn -0.960510 0.273335 0.052040
vt 0.806788 0.106171
v -0.351956 0.464591 0.318383
vn -0.637285 0.251660 0.728379
vt 0.807050 0.114348
v 0.112066 0.720677 -1.119814
vn 0.396981 0.566966 -0.721773
vt 0.944480 0.359518
v 0.086077 0.777223 -1.076216
vn 0.287333 0.631058 -0.720559
vt 0.927263 0.381848
v 0.097391 0.860392 -0.999884
vn 0.430378 0.695677 -0.575159
vt 0.897119 0.414692
v -0.320525 0.491391 0.316534
vn -0.187350 0.709513 0.679331
vt 0.888962 0.100717
v -0.341564 0.492952 0.309102
vn -0.408774 0.753740 0.514567
vt 0.888517 0.094718
v -0.351956 0.464591 0.318383
vn -0.637285 0.251660 0.728379
vt 0.896604 0.091754
v 0.040941 0.723300 -1.131304
vn 0.083416 0.575159 -0.813778
vt 0.896191 0.953642
v 0.086077 0.777223 -1.076216
vn 0.287333 0.631058 -0.720559
vt 0.923029 0.985705
v 0.112066 0.720677 -1.119814
vn 0.396981 0.566966 -0.721773
vt 0.938481 0.952083
v -0.320525 0.491391 0.316534
vn -0.187350 0.709513 0.679331
vt 0.888962 0.100717
v -0.351956 0.464591 0.318383
vn -0.637285 0.251660 0.728379
vt 0.896604 0.091754
v -0.322054 0.462372 0.328947
vn -0.311351 0.213103 0.926093
vt 0.897237 0.100282
v 0.040941 0.723300 -1.131304
vn 0.083416 0.575159 -0.813778
vt 0.896191 0.953642
v 0.034380 0.782512 -1.090363
vn 0.107633 0.633822 -0.765953
vt 0.892290 0.988849
v 0.086077 0.777223 -1.076216
vn 0.287333 0.631058 -0.720559
vt 0.923029 0.985705
v -0.343799 0.492952 0.267833
vn -0.461976 0.753741 -0.467389
vt 0.974806 0.136566
v -0.323687 0.491391 0.258172
vn -0.259648 0.709514 -0.655112
vt 0.974361 0.142301
v -0.326548 0.462372 0.245996
vn -0.409586 0.213103 -0.887032
vt 0.966086 0.141485
v -0.343799 0.492952 0.267833
vn -0.461976 0.753741 -0.467389
vt 0.974806 0.136566
v -0.355134 0.464591 0.259729
vn -0.712250 0.251660 -0.655261
vt 0.966718 0.133334
v -0.351204 0.493598 0.288929
vn -0.638165 0.769123 0.034576
vt 0.798778 0.105948
v -0.343799 0.492952 0.267833
vn -0.461976 0.753741 -0.467389
vt 0.798962 0.099932
v -0.355134 0.464591 0.259729
vn -0.712250 0.251660 -0.655261
vt 0.807050 0.097621
v 0.115627 1.002010 -0.756733
vn 0.584371 0.744785 -0.322190
vt 0.819191 0.511101
v 0.032464 0.870856 -1.008372
vn 0.131799 0.756025 -0.641136
vt 0.927163 0.554495
v 0.038542 1.037233 -0.756733
vn 0.177465 0.901322 -0.395127
vt 0.819191 0.551324
v -0.345673 0.464591 0.395512
vn -0.637285 0.251660 0.728378
vt 0.850229 0.141534
v -0.359375 0.465509 0.366841
vn -0.960510 0.273336 0.052040
vt 0.849967 0.133358
v -0.368711 0.342063 0.367347
vn -0.995683 0.075528 0.053946
vt 0.885171 0.133502
v -0.344921 0.493598 0.366058
vn -0.638165 0.769123 0.034576
vt 0.841957 0.133134
v -0.348850 0.464590 0.336858
vn -0.712250 0.251660 -0.655261
vt 0.850229 0.124807
v -0.345673 0.464591 0.395512
vn -0.637285 0.251660 0.728378
vt 0.850229 0.141534
v -0.368711 0.342063 0.367347
vn -0.995683 0.075528 0.053946
vt 0.885171 0.133502
v -0.355009 0.341144 0.396018
vn -0.665800 0.053406 0.744217
vt 0.885433 0.141678
v 0.115627 1.002010 -0.756733
vn 0.584371 0.744785 -0.322190
vt 0.819191 0.511101
v 0.097391 0.860392 -0.999884
vn 0.430378 0.695677 -0.575159
vt 0.923521 0.520616
v 0.032464 0.870856 -1.008372
vn 0.131799 0.756025 -0.641136
vt 0.927163 0.554495
v -0.315771 0.462372 0.406076
vn -0.311351 0.213103 0.926093
vt 0.897769 0.086955
v -0.345673 0.464591 0.395512
vn -0.637285 0.251660 0.728378
vt 0.897137 0.078428
v -0.355009 0.341144 0.396018
vn -0.665800 0.053406 0.744217
vt 0.932341 0.075765
v 0.292476 0.243279 -0.754751
vn 0.986897 -0.001624 -0.161345
vt 0.800315 0.170991
v 0.246350 0.448965 -0.999885
vn 0.957478 0.056729 -0.282873
vt 0.897120 0.252217
v 0.292476 0.448965 -0.754750
vn 0.985947 0.049908 -0.159429
vt 0.800315 0.252217
v -0.315771 0.462372 0.406076
vn -0.311351 0.213103 0.926093
vt 0.897769 0.086955
v -0.355009 0.341144 0.396018
vn -0.665800 0.053406 0.744217
vt 0.932341 0.075765
v -0.325108 0.338926 0.406582
vn -0.331049 0.028903 0.943171
vt 0.932974 0.084292
v 0.292476 0.243279 -0.754751
vn 0.986897 -0.001624 -0.161345
vt 0.800315 0.170991
v 0.246350 0.243280 -0.999885
vn 0.961441 0.000001 -0.275012
vt 0.897120 0.170991
v 0.246350 0.448965 -0.999885
vn 0.957478 0.056729 -0.282873
vt 0.897120 0.252217
v -0.348850 0.464590 0.336858
vn -0.712250 0.251660 -0.655261
vt 0.969383 0.124271
v -0.320265 0.462372 0.323125
vn -0.409586 0.213103 -0.887032
vt 0.968750 0.132423
v -0.329602 0.338926 0.323631
vn -0.431013 0.028904 -0.901883
vt 0.933546 0.129761
v 0.270794 0.654650 -0.754750
vn 0.973460 0.166185 -0.157350
vt 0.800315 0.333443
v 0.191959 0.785571 -0.999884
vn 0.751856 0.487040 -0.444416
vt 0.897119 0.385145
v 0.227901 0.837650 -0.754750
vn 0.887237 0.413237 -0.205051
vt 0.800315 0.405711
v -0.348850 0.464590 0.336858
vn -0.712250 0.251660 -0.655261
vt 0.969383 0.124271
v -0.329602 0.338926 0.323631
vn -0.431013 0.028904 -0.901883
vt 0.933546 0.129761
v -0.358187 0.341144 0.337363
vn -0.742309 0.053407 -0.667926
vt 0.934179 0.121609
v 0.270794 0.654650 -0.754750
vn 0.973460 0.166185 -0.157350
vt 0.800315 0.333443
v 0.228087 0.654650 -0.999884
vn 0.919981 0.216402 -0.326810
vt 0.897119 0.333443
v 0.191959 0.785571 -0.999884
vn 0.751856 0.487040 -0.444416
vt 0.897119 0.385145
v 0.338602 0.448964 -0.427760
vn 0.994972 0.055442 -0.083404
vt 0.671185 0.252217
v 0.292476 0.448965 -0.754750
vn 0.985947 0.049908 -0.159429
vt 0.800315 0.252217
v 0.270794 0.654650 -0.754750
vn 0.973460 0.166185 -0.157350
vt 0.800315 0.333443
v 0.313500 0.654649 -0.441453
vn 0.983679 0.148957 -0.100934
vt 0.676592 0.333443
v 0.338602 0.448964 -0.427760
vn 0.994972 0.055442 -0.083404
vt 0.671185 0.252217
v -0.359375 0.465509 0.366841
vn -0.960510 0.273336 0.052040
vt 0.849967 0.133358
v -0.348850 0.464590 0.336858
vn -0.712250 0.251660 -0.655261
vt 0.850229 0.124807
v -0.358187 0.341144 0.337363
vn -0.742309 0.053407 -0.667926
vt 0.885433 0.124951
v 0.115627 1.002010 -0.756733
vn 0.584371 0.744785 -0.322190
vt 0.801098 0.470617
v 0.133862 1.062313 -0.493122
vn 0.639052 0.741661 -0.203840
vt 0.696996 0.494431
v 0.263843 0.860335 -0.469107
vn 0.910837 0.384065 -0.151229
vt 0.687513 0.414669
v -0.359375 0.465509 0.366841
vn -0.960510 0.273336 0.052040
vt 0.849967 0.133358
v -0.358187 0.341144 0.337363
vn -0.742309 0.053407 -0.667926
vt 0.885433 0.124951
v -0.368711 0.342063 0.367347
vn -0.995683 0.075528 0.053946
vt 0.885171 0.133502
v 0.343119 0.243279 -0.262111
vn 0.999593 -0.000165 -0.028517
vt 0.605769 0.170990
v 0.340861 0.448964 -0.344935
vn 0.997916 0.053169 -0.036552
vt 0.638477 0.252217
v 0.343119 0.448964 -0.262111
vn 0.998423 0.049558 -0.026368
vt 0.605769 0.252217
v -0.335280 0.492952 0.386231
vn -0.408776 0.753740 0.514566
vt 0.842141 0.138887
v -0.344921 0.493598 0.366058
vn -0.638165 0.769123 0.034576
vt 0.841957 0.133134
v -0.359375 0.465509 0.366841
vn -0.960510 0.273336 0.052040
vt 0.849967 0.133358
v 0.343119 0.243279 -0.262111
vn 0.999593 -0.000165 -0.028517
vt 0.605769 0.170990
v 0.340861 0.243279 -0.340082
vn 0.999605 -0.000662 -0.028080
vt 0.636560 0.170990
v 0.340861 0.448964 -0.344935
vn 0.997916 0.053169 -0.036552
vt 0.638477 0.252217
v -0.335280 0.492952 0.386231
vn -0.408776 0.753740 0.514566
vt 0.842141 0.138887
v -0.359375 0.465509 0.366841
vn -0.960510 0.273336 0.052040
vt 0.849967 0.133358
v -0.345673 0.464591 0.395512
vn -0.637285 0.251660 0.728378
vt 0.850229 0.141534
v 0.333557 0.572960 -0.267429
vn 0.994775 0.099190 -0.024152
vt 0.607869 0.301183
v 0.345378 0.448964 -0.184139
vn 0.998159 0.058428 -0.016268
vt 0.574978 0.252217
v 0.343119 0.448964 -0.262111
vn 0.998423 0.049558 -0.026368
vt 0.605769 0.252217
v -0.314242 0.491391 0.393663
vn -0.187352 0.709513 0.679331
vt 0.889494 0.087391
v -0.335280 0.492952 0.386231
vn -0.408776 0.753740 0.514566
vt 0.889049 0.081391
v -0.345673 0.464591 0.395512
vn -0.637285 0.251660 0.728378
vt 0.897137 0.078428
v 0.333557 0.572960 -0.267429
vn 0.994775 0.099190 -0.024152
vt 0.607869 0.301183
v 0.327711 0.589506 -0.180416
vn 0.993166 0.116659 -0.003522
vt 0.573507 0.307718
v 0.345378 0.448964 -0.184139
vn 0.998159 0.058428 -0.016268
vt 0.574978 0.252217
v -0.314242 0.491391 0.393663
vn -0.187352 0.709513 0.679331
vt 0.889494 0.087391
v -0.345673 0.464591 0.395512
vn -0.637285 0.251660 0.728378
vt 0.897137 0.078428
v -0.315771 0.462372 0.406076
vn -0.311351 0.213103 0.926093
vt 0.897769 0.086955
v 0.263843 0.860335 -0.469107
vn 0.024148 0.132050 0.990949
vt 0.551627 0.429314
v -0.313500 0.654649 -0.441453
vn -0.000000 0.523125 0.852256
vt 0.582019 0.573484
v 0.313500 0.654649 -0.441453
vn -0.000000 0.523125 0.852256
vt 0.582019 0.416915
v -0.337516 0.492952 0.344962
vn -0.461977 0.753740 -0.467390
vt 0.977471 0.127504
v -0.317404 0.491391 0.335301
vn -0.259651 0.709512 -0.655114
vt 0.977026 0.133239
v -0.320265 0.462372 0.323125
vn -0.409586 0.213103 -0.887032
vt 0.968750 0.132423
v 0.263843 0.860335 -0.469107
vn 0.024148 0.132050 0.990949
vt 0.551627 0.429314
v -0.263844 0.860334 -0.469107
vn -0.024147 0.132049 0.990949
vt 0.551627 0.561084
v -0.313500 0.654649 -0.441453
vn -0.000000 0.523125 0.852256
vt 0.582019 0.573484
v -0.337516 0.492952 0.344962
vn -0.461977 0.753740 -0.467390
vt 0.977471 0.127504
v -0.320265 0.462372 0.323125
vn -0.409586 0.213103 -0.887032
vt 0.968750 0.132423
v -0.348850 0.464590 0.336858
vn -0.712250 0.251660 -0.655261
vt 0.969383 0.124271
v 0.045811 0.992223 -0.021078
vn 0.031193 0.224557 -0.973962
vt 0.682589 0.483760
v 0.190813 0.918988 -0.032140
vn 0.062290 0.268522 -0.961258
vt 0.673541 0.447551
v 0.270883 0.841016 -0.048732
vn 0.020787 0.222004 -0.974824
vt 0.663332 0.427557
v -0.344921 0.493598 0.366058
vn -0.638165 0.769123 0.034576
vt 0.841957 0.133134
v -0.337516 0.492952 0.344962
vn -0.461977 0.753740 -0.467390
vt 0.842141 0.127118
v -0.348850 0.464590 0.336858
vn -0.712250 0.251660 -0.655261
vt 0.850229 0.124807
v 0.045811 0.992223 -0.021078
vn 0.031193 0.224557 -0.973962
vt 0.682589 0.483760
v 0.137433 0.970969 -0.021078
vn 0.062290 0.268522 -0.961258
vt 0.680347 0.460881
v 0.190813 0.918988 -0.032140
vn 0.062290 0.268522 -0.961258
vt 0.673541 0.447551
v -0.341359 0.464591 0.476472
vn -0.637286 0.251660 0.728378
vt 0.807583 0.069037
v -0.355061 0.465509 0.447801
vn -0.960510 0.273335 0.052041
vt 0.807321 0.060861
v -0.364398 0.342063 0.448307
vn -0.995683 0.075529 0.053946
vt 0.842525 0.061005
v -0.340607 0.493598 0.447018
vn -0.638165 0.769123 0.034576
vt 0.799310 0.060637
v -0.344537 0.464591 0.417817
vn -0.712250 0.251660 -0.655261
vt 0.807583 0.052310
v -0.341359 0.464591 0.476472
vn -0.637286 0.251660 0.728378
vt 0.807583 0.069037
v -0.364398 0.342063 0.448307
vn -0.995683 0.075529 0.053946
vt 0.842525 0.061005
v -0.350696 0.341144 0.476978
vn -0.665800 0.053407 0.744216
vt 0.842787 0.069181
v 0.323528 0.594684 -0.354441
vn 0.993260 0.106852 -0.044917
vt 0.642231 0.309762
v 0.343119 0.448964 -0.262111
vn 0.998423 0.049558 -0.026368
vt 0.605769 0.252217
v 0.340861 0.448964 -0.344935
vn 0.997916 0.053169 -0.036552
vt 0.638477 0.252217
v -0.311457 0.462372 0.487035
vn -0.311353 0.213103 0.926092
vt 0.942014 0.120005
v -0.341359 0.464591 0.476472
vn -0.637286 0.251660 0.728378
vt 0.941381 0.111478
v -0.350696 0.341144 0.476978
vn -0.665800 0.053407 0.744216
vt 0.976586 0.108815
v 0.323528 0.594684 -0.354441
vn 0.993260 0.106852 -0.044917
vt 0.642231 0.309762
v 0.333557 0.572960 -0.267429
vn 0.994775 0.099190 -0.024152
vt 0.607869 0.301183
v 0.343119 0.448964 -0.262111
vn 0.998423 0.049558 -0.026368
vt 0.605769 0.252217
v -0.311457 0.462372 0.487035
vn -0.311353 0.213103 0.926092
vt 0.942014 0.120005
v -0.350696 0.341144 0.476978
vn -0.665800 0.053407 0.744216
vt 0.976586 0.108815
v -0.320794 0.338926 0.487541
vn -0.331051 0.028903 0.943170
vt 0.977218 0.117342
v 0.340861 0.243279 -0.340082
vn 0.999605 -0.000662 -0.028080
vt 0.636560 0.170990
v 0.338602 0.448964 -0.427760
vn 0.994972 0.055442 -0.083404
vt 0.671185 0.252217
v 0.340861 0.448964 -0.344935
vn 0.997916 0.053169 -0.036552
vt 0.638477 0.252217
v -0.344537 0.464591 0.417817
vn -0.712250 0.251660 -0.655261
vt 0.969383 0.098684
v -0.315952 0.462372 0.404085
vn -0.409586 0.213103 -0.887033
vt 0.968750 0.106836
v -0.325288 0.338926 0.404591
vn -0.431015 0.028904 -0.901882
vt 0.933546 0.104173
v 0.340861 0.243279 -0.340082
vn 0.999605 -0.000662 -0.028080
vt 0.636560 0.170990
v 0.338602 0.243279 -0.418054
vn 0.996547 -0.002124 -0.083003
vt 0.667352 0.170991
v 0.338602 0.448964 -0.427760
vn 0.994972 0.055442 -0.083404
vt 0.671185 0.252217
v -0.344537 0.464591 0.417817
vn -0.712250 0.251660 -0.655261
vt 0.969383 0.098684
v -0.325288 0.338926 0.404591
vn -0.431015 0.028904 -0.901882
vt 0.933546 0.104173
v -0.353874 0.341144 0.418323
vn -0.742310 0.053407 -0.667925
vt 0.934179 0.096022
v 0.345378 0.243279 -0.184139
vn 0.999581 0.000000 -0.028954
vt 0.574978 0.170990
v 0.343119 0.448964 -0.262111
vn 0.998423 0.049558 -0.026368
vt 0.605769 0.252217
v 0.345378 0.448964 -0.184139
vn 0.998159 0.058428 -0.016268
vt 0.574978 0.252217
v -0.355061 0.465509 0.447801
vn -0.960510 0.273335 0.052041
vt 0.807321 0.060861
v -0.344537 0.464591 0.417817
vn -0.712250 0.251660 -0.655261
vt 0.807583 0.052310
v -0.353874 0.341144 0.418323
vn -0.742310 0.053407 -0.667925
vt 0.842787 0.052454
v 0.345378 0.243279 -0.184139
vn 0.999581 0.000000 -0.028954
vt 0.574978 0.170990
v 0.343119 0.243279 -0.262111
vn 0.999593 -0.000165 -0.028517
vt 0.605769 0.170990
v 0.343119 0.448964 -0.262111
vn 0.998423 0.049558 -0.026368
vt 0.605769 0.252217
v -0.355061 0.465509 0.447801
vn -0.960510 0.273335 0.052041
vt 0.807321 0.060861
v -0.353874 0.341144 0.418323
vn -0.742310 0.053407 -0.667925
vt 0.842787 0.052454
v -0.364398 0.342063 0.448307
vn -0.995683 0.075529 0.053946
vt 0.842525 0.061005
v 0.327711 0.589506 -0.180416
vn 0.993166 0.116659 -0.003522
vt 0.573507 0.307718
v 0.347636 0.448964 -0.106168
vn 0.997440 0.071254 -0.006061
vt 0.544186 0.252217
v 0.345378 0.448964 -0.184139
vn 0.998159 0.058428 -0.016268
vt 0.574978 0.252217
v -0.330967 0.492952 0.467190
vn -0.408775 0.753740 0.514566
vt 0.799495 0.066390
v -0.340607 0.493598 0.447018
vn -0.638165 0.769123 0.034576
vt 0.799310 0.060637
v -0.355061 0.465509 0.447801
vn -0.960510 0.273335 0.052041
vt 0.807321 0.060861
v 0.327711 0.589506 -0.180416
vn 0.993166 0.116659 -0.003522
vt 0.573507 0.307718
v 0.321864 0.639893 -0.093404
vn 0.983445 0.179766 0.022816
vt 0.539146 0.327615
v 0.347636 0.448964 -0.106168
vn 0.997440 0.071254 -0.006061
vt 0.544186 0.252217
v -0.330967 0.492952 0.467190
vn -0.408775 0.753740 0.514566
vt 0.799495 0.066390
v -0.355061 0.465509 0.447801
vn -0.960510 0.273335 0.052041
vt 0.807321 0.060861
v -0.341359 0.464591 0.476472
vn -0.637286 0.251660 0.728378
vt 0.807583 0.069037
v 0.036073 0.700376 1.067746
vn 0.144627 0.884882 0.442794
vt 0.493137 0.543595
v -0.042399 0.793033 0.534077
vn -0.132635 0.973281 0.187436
vt 0.265582 0.499536
v -0.036073 0.700376 1.067746
vn -0.144627 0.884882 0.442794
vt 0.493137 0.503087
v -0.309929 0.491391 0.474622
vn -0.187352 0.709514 0.679330
vt 0.933739 0.120441
v -0.330967 0.492952 0.467190
vn -0.408775 0.753740 0.514566
vt 0.933293 0.114441
v -0.341359 0.464591 0.476472
vn -0.637286 0.251660 0.728378
vt 0.941381 0.111478
v 0.036073 0.700376 1.067746
vn 0.144627 0.884882 0.442794
vt 0.493137 0.543595
v 0.042399 0.793033 0.534077
vn 0.132636 0.973281 0.187435
vt 0.265582 0.547146
v -0.042399 0.793033 0.534077
vn -0.132635 0.973281 0.187436
vt 0.265582 0.499536
v -0.309929 0.491391 0.474622
vn -0.187352 0.709514 0.679330
vt 0.933739 0.120441
v -0.341359 0.464591 0.476472
vn -0.637286 0.251660 0.728378
vt 0.941381 0.111478
v -0.311457 0.462372 0.487035
vn -0.311353 0.213103 0.926092
vt 0.942014 0.120005
v 0.045811 0.858248 0.214269
vn 0.123068 0.927062 0.354134
vt 0.129217 0.549062
v -0.045811 0.992223 -0.021078
vn -0.124688 0.857658 0.498874
vt 0.028866 0.497620
v -0.045811 0.858248 0.214269
vn -0.123069 0.927062 0.354134
vt 0.129217 0.497620
v -0.333203 0.492952 0.425922
vn -0.461976 0.753741 -0.467389
vt 0.977471 0.101916
v -0.313091 0.491391 0.416260
vn -0.259649 0.709513 -0.655113
vt 0.977026 0.107652
v -0.315952 0.462372 0.404085
vn -0.409586 0.213103 -0.887033
vt 0.968750 0.106836
v 0.045811 0.858248 0.214269
vn 0.123068 0.927062 0.354134
vt 0.129217 0.549062
v 0.045811 0.992223 -0.021078
vn 0.124687 0.857659 0.498874
vt 0.028866 0.549062
v -0.045811 0.992223 -0.021078
vn -0.124688 0.857658 0.498874
vt 0.028866 0.497620
v -0.333203 0.492952 0.425922
vn -0.461976 0.753741 -0.467389
vt 0.977471 0.101916
v -0.315952 0.462372 0.404085
vn -0.409586 0.213103 -0.887033
vt 0.968750 0.106836
v -0.344537 0.464591 0.417817
vn -0.712250 0.251660 -0.655261
vt 0.969383 0.098684
v 0.048968 0.500115 1.202425
vn 0.092608 0.311148 0.945839
vt 0.559147 0.843943
v -0.041211 0.560528 1.180178
vn -0.121407 0.457430 0.880919
vt 0.515008 0.873513
v -0.048968 0.500115 1.202425
vn -0.092608 0.311148 0.945839
vt 0.511211 0.843943
v -0.340607 0.493598 0.447018
vn -0.638165 0.769123 0.034576
vt 0.799310 0.060637
v -0.333203 0.492952 0.425922
vn -0.461976 0.753741 -0.467389
vt 0.799495 0.054621
v -0.344537 0.464591 0.417817
vn -0.712250 0.251660 -0.655261
vt 0.807583 0.052310
v 0.048968 0.500115 1.202425
vn 0.092608 0.311148 0.945839
vt 0.559147 0.843943
v 0.041211 0.560528 1.180178
vn 0.121407 0.457430 0.880919
vt 0.555351 0.873513
v -0.041211 0.560528 1.180178
vn -0.121407 0.457430 0.880919
vt 0.515008 0.873513
v -0.370508 0.199249 -0.827500
vn -0.724617 -0.405073 -0.557536
vt 0.225331 0.778699
v -0.400508 0.217790 -0.801980
vn -0.930408 -0.215438 -0.296526
vt 0.210728 0.789309
v -0.400508 0.262002 -0.816345
vn -0.930408 0.000000 -0.366525
vt 0.218948 0.814609
v 0.045811 0.992223 -0.021078
vn 0.031193 0.224557 -0.973962
vt 0.682589 0.483760
v -0.270883 0.841016 -0.048732
vn -0.020787 0.222003 -0.974824
vt 0.663332 0.562842
v -0.045811 0.992223 -0.021078
vn -0.031193 0.224557 -0.973962
vt 0.682589 0.506639
v -0.045811 0.992223 -0.021078
vn -0.031193 0.224557 -0.973962
vt 0.682589 0.506639
v -0.190814 0.918988 -0.032140
vn -0.062290 0.268521 -0.961258
vt 0.673541 0.542847
v 0.045811 0.992223 -0.021078
vn 0.031193 0.224557 -0.973962
vt 0.682589 0.483760
v 0.270883 0.841016 -0.048732
vn 0.020787 0.222004 -0.974824
vt 0.663332 0.427557
v -0.270883 0.841016 -0.048732
vn -0.020787 0.222003 -0.974824
vt 0.663332 0.562842
v -0.370508 0.199249 -0.827500
vn -0.724617 -0.405073 -0.557536
vt 0.225331 0.778699
v -0.400508 0.262002 -0.816345
vn -0.930408 0.000000 -0.366525
vt 0.218948 0.814609
v -0.370508 0.262002 -0.847889
vn -0.724618 0.000001 -0.689151
vt 0.236999 0.814609
v 0.333557 0.572960 -0.267429
vn -0.000000 0.999598 0.028369
vt 0.607690 0.411906
v -0.323529 0.594684 -0.354441
vn -0.000000 0.911434 0.411447
vt 0.595983 0.575988
v -0.333557 0.572959 -0.267429
vn -0.000000 0.999598 0.028369
vt 0.607690 0.578492
v -0.370508 0.160465 -0.774119
vn -0.724617 -0.655422 -0.212961
vt 0.194784 0.756505
v -0.400508 0.190465 -0.764371
vn -0.930408 -0.348587 -0.113263
vt 0.189206 0.773672
v -0.400508 0.217790 -0.801980
vn -0.930408 -0.215438 -0.296526
vt 0.210728 0.789309
v 0.333557 0.572960 -0.267429
vn -0.000000 0.999598 0.028369
vt 0.607690 0.411906
v 0.323528 0.594684 -0.354441
vn -0.000000 0.911434 0.411447
vt 0.595983 0.414410
v -0.323529 0.594684 -0.354441
vn -0.000000 0.911434 0.411447
vt 0.595983 0.575988
v -0.370508 0.160465 -0.774119
vn -0.724617 -0.655422 -0.212961
vt 0.194784 0.756505
v -0.400508 0.217790 -0.801980
vn -0.930408 -0.215438 -0.296526
vt 0.210728 0.789309
v -0.370508 0.199249 -0.827500
vn -0.724617 -0.405073 -0.557536
vt 0.225331 0.778699
v -0.370508 0.160465 -0.708136
vn -0.724617 -0.655422 0.212959
vt 0.157026 0.756505
v -0.400508 0.190465 -0.764371
vn -0.930408 -0.348587 -0.113263
vt 0.189206 0.773672
v -0.370508 0.160465 -0.708136
vn -0.724617 -0.655422 0.212959
vt 0.157026 0.756505
v -0.400508 0.190465 -0.717883
vn -0.930408 -0.348587 0.113262
vt 0.162604 0.773672
v -0.400508 0.190465 -0.764371
vn -0.930408 -0.348587 -0.113263
vt 0.189206 0.773672
v -0.034921 0.639488 1.134111
vn -0.137954 0.630044 0.764207
vt 0.518087 0.912161
v -0.108220 0.674563 1.067746
vn -0.418860 0.793882 0.440803
vt 0.482209 0.929329
v -0.089799 0.639488 1.110629
vn -0.366301 0.604576 0.707327
vt 0.491226 0.912161
v -0.370508 0.199249 -0.654755
vn -0.724618 -0.405074 0.557534
vt 0.126479 0.778698
v -0.400508 0.217790 -0.680274
vn -0.930408 -0.215439 0.296525
vt 0.141083 0.789308
v -0.400508 0.190465 -0.717883
vn -0.930408 -0.348587 0.113262
vt 0.162604 0.773672
v -0.034921 0.639488 1.134111
vn -0.137954 0.630044 0.764207
vt 0.518087 0.912161
v -0.036073 0.700376 1.067746
vn -0.144627 0.884882 0.442794
vt 0.517523 0.941964
v -0.108220 0.674563 1.067746
vn -0.418860 0.793882 0.440803
vt 0.482209 0.929329
v -0.370508 0.199249 -0.654755
vn -0.724618 -0.405074 0.557534
vt 0.126479 0.778698
v -0.400508 0.190465 -0.717883
vn -0.930408 -0.348587 0.113262
vt 0.162604 0.773672
v -0.370508 0.160465 -0.708136
vn -0.724617 -0.655422 0.212959
vt 0.157026 0.756505
v -0.036073 0.700376 1.067746
vn -0.144627 0.884882 0.442794
vt 0.493137 0.503087
v -0.127197 0.771366 0.534077
vn -0.422714 0.887295 0.184447
vt 0.265583 0.451925
v -0.108220 0.674563 1.067746
vn -0.418860 0.793882 0.440803
vt 0.493137 0.462580
v -0.370508 0.262002 -0.634365
vn -0.724618 -0.000001 0.689151
vt 0.114811 0.814608
v -0.400508 0.262002 -0.665909
vn -0.930408 -0.000001 0.366525
vt 0.132862 0.814608
v -0.400508 0.217790 -0.680274
vn -0.930408 -0.215439 0.296525
vt 0.141083 0.789308
v -0.036073 0.700376 1.067746
vn -0.144627 0.884882 0.442794
vt 0.493137 0.503087
v -0.042399 0.793033 0.534077
vn -0.132635 0.973281 0.187436
vt 0.265582 0.499536
v -0.127197 0.771366 0.534077
vn -0.422714 0.887295 0.184447
vt 0.265583 0.451925
v -0.370508 0.262002 -0.634365
vn -0.724618 -0.000001 0.689151
vt 0.114811 0.814608
v -0.400508 0.217790 -0.680274
vn -0.930408 -0.215439 0.296525
vt 0.141083 0.789308
v -0.370508 0.199249 -0.654755
vn -0.724618 -0.405074 0.557534
vt 0.126479 0.778698
v -0.045811 0.858248 0.214269
vn -0.123069 0.927062 0.354134
vt 0.129217 0.497620
v -0.130699 0.796061 0.412260
vn -0.390821 0.899172 0.196845
vt 0.213640 0.449959
v -0.043593 0.815859 0.422144
vn -0.119735 0.972371 0.200393
vt 0.217855 0.498865
v -0.370508 0.324755 -0.654755
vn -0.724617 0.405072 0.557536
vt 0.126479 0.850519
v -0.400508 0.306214 -0.680274
vn -0.930408 0.215438 0.296526
vt 0.141083 0.839909
v -0.400508 0.262002 -0.665909
vn -0.930408 -0.000001 0.366525
vt 0.132862 0.814608
v -0.045811 0.858248 0.214269
vn -0.123069 0.927062 0.354134
vt 0.129217 0.497620
v -0.045811 0.992223 -0.021078
vn -0.124688 0.857658 0.498874
vt 0.028866 0.497620
v -0.137434 0.970969 -0.021078
vn -0.451024 0.768380 0.454059
vt 0.028866 0.446177
v -0.370508 0.324755 -0.654755
vn -0.724617 0.405072 0.557536
vt 0.126479 0.850519
v -0.400508 0.262002 -0.665909
vn -0.930408 -0.000001 0.366525
vt 0.132862 0.814608
v -0.370508 0.262002 -0.634365
vn -0.724618 -0.000001 0.689151
vt 0.114811 0.814608
v -0.044621 1.101801 -0.493122
vn -0.203719 0.949582 -0.238312
vt 0.706082 0.594719
v -0.115627 1.002010 -0.756733
vn -0.584371 0.744785 -0.322190
vt 0.819191 0.631770
v -0.133862 1.062313 -0.493122
vn -0.639052 0.741661 -0.203840
vt 0.706082 0.641286
v -0.370508 0.363539 -0.708136
vn -0.724617 0.655422 0.212961
vt 0.157026 0.872712
v -0.400508 0.333539 -0.717883
vn -0.930408 0.348586 0.113263
vt 0.162604 0.855545
v -0.400508 0.306214 -0.680274
vn -0.930408 0.215438 0.296526
vt 0.141083 0.839909
v -0.044621 1.101801 -0.493122
vn -0.203719 0.949582 -0.238312
vt 0.706082 0.594719
v -0.038542 1.037234 -0.756733
vn -0.177465 0.901322 -0.395127
vt 0.819191 0.591547
v -0.115627 1.002010 -0.756733
vn -0.584371 0.744785 -0.322190
vt 0.819191 0.631770
v -0.370508 0.363539 -0.708136
vn -0.724617 0.655422 0.212961
vt 0.157026 0.872712
v -0.400508 0.306214 -0.680274
vn -0.930408 0.215438 0.296526
vt 0.141083 0.839909
v -0.370508 0.324755 -0.654755
vn -0.724617 0.405072 0.557536
vt 0.126479 0.850519
v -0.032464 0.870856 -1.008372
vn -0.131799 0.756025 -0.641136
vt 0.927163 0.588375
v -0.086077 0.777223 -1.076216
vn -0.287334 0.631057 -0.720559
vt 0.956273 0.616351
v -0.097391 0.860392 -0.999884
vn -0.430379 0.695677 -0.575160
vt 0.923521 0.622255
v -0.370508 0.363539 -0.774118
vn -0.724617 0.655422 -0.212959
vt 0.194784 0.872712
v -0.400508 0.333539 -0.764371
vn -0.930408 0.348586 -0.113262
vt 0.189206 0.855545
v -0.400508 0.333539 -0.717883
vn -0.930408 0.348586 0.113263
vt 0.162604 0.855545
v -0.032464 0.870856 -1.008372
vn -0.131799 0.756025 -0.641136
vt 0.927163 0.588375
v -0.034381 0.782512 -1.090363
vn -0.107633 0.633822 -0.765953
vt 0.962343 0.589375
v -0.086077 0.777223 -1.076216
vn -0.287334 0.631057 -0.720559
vt 0.956273 0.616351
v -0.370508 0.363539 -0.774118
vn -0.724617 0.655422 -0.212959
vt 0.194784 0.872712
v -0.400508 0.333539 -0.717883
vn -0.930408 0.348586 0.113263
vt 0.162604 0.855545
v -0.370508 0.363539 -0.708136
vn -0.724617 0.655422 0.212961
vt 0.157026 0.872712
v -0.052888 0.245699 1.236740
vn -0.092020 0.033156 0.995205
vt 0.509292 0.719414
v -0.158665 0.377088 1.213750
vn -0.508261 0.116334 0.853309
vt 0.457518 0.783725
v -0.158665 0.245699 1.214813
vn -0.518214 0.014447 0.855129
vt 0.457518 0.719414
v -0.370508 0.324755 -0.827499
vn -0.724618 0.405073 -0.557534
vt 0.225331 0.850519
v -0.400508 0.306214 -0.801980
vn -0.930408 0.215438 -0.296525
vt 0.210728 0.839909
v -0.400508 0.333539 -0.764371
vn -0.930408 0.348586 -0.113262
vt 0.189206 0.855545
v -0.052888 0.245699 1.236740
vn -0.092020 0.033156 0.995205
vt 0.509292 0.719414
v -0.052888 0.377088 1.231271
vn -0.087673 0.133438 0.987172
vt 0.509292 0.783725
v -0.158665 0.377088 1.213750
vn -0.508261 0.116334 0.853309
vt 0.457518 0.783725
v -0.370508 0.324755 -0.827499
vn -0.724618 0.405073 -0.557534
vt 0.225331 0.850519
v -0.400508 0.333539 -0.764371
vn -0.930408 0.348586 -0.113262
vt 0.189206 0.855545
v -0.370508 0.363539 -0.774118
vn -0.724617 0.655422 -0.212959
vt 0.194784 0.872712
v -0.048968 0.500115 1.202425
vn -0.092608 0.311148 0.945839
vt 0.511211 0.843943
v -0.123634 0.560528 1.156069
vn -0.407491 0.488621 0.771492
vt 0.474664 0.873513
v -0.146903 0.500115 1.185008
vn -0.470587 0.316233 0.823738
vt 0.463275 0.843943
v -0.370508 0.262002 -0.847889
vn -0.724618 0.000001 -0.689151
vt 0.236999 0.814609
v -0.400508 0.262002 -0.816345
vn -0.930408 0.000000 -0.366525
vt 0.218948 0.814609
v -0.400508 0.306214 -0.801980
vn -0.930408 0.215438 -0.296525
vt 0.210728 0.839909
v -0.048968 0.500115 1.202425
vn -0.092608 0.311148 0.945839
vt 0.511211 0.843943
v -0.041211 0.560528 1.180178
vn -0.121407 0.457430 0.880919
vt 0.515008 0.873513
v -0.123634 0.560528 1.156069
vn -0.407491 0.488621 0.771492
vt 0.474664 0.873513
v -0.370508 0.262002 -0.847889
vn -0.724618 0.000001 -0.689151
vt 0.236999 0.814609
v -0.400508 0.306214 -0.801980
vn -0.930408 0.215438 -0.296525
vt 0.210728 0.839909
v -0.370508 0.324755 -0.827499
vn -0.724618 0.405073 -0.557534
vt 0.225331 0.850519
v -0.158665 0.245699 1.214813
vn -0.518214 0.014447 0.855129
vt 0.457518 0.719414
v -0.273740 0.364325 1.067746
vn -0.922777 0.091797 0.374240
vt 0.401192 0.777478
v -0.273740 0.243279 1.067746
vn -0.929530 0.001357 0.368743
vt 0.401192 0.718230
v -0.400508 0.155987 -0.887045
vn -0.926032 0.221857 0.305361
vt 0.259406 0.753942
v -0.370508 0.199249 -0.827500
vn -0.926032 0.221857 0.305361
vt 0.225331 0.778699
v -0.370508 0.262002 -0.847889
vn -0.926032 -0.000000 0.377446
vt 0.236999 0.814609
v -0.158665 0.245699 1.214813
vn -0.518214 0.014447 0.855129
vt 0.457518 0.719414
v -0.158665 0.377088 1.213750
vn -0.508261 0.116334 0.853309
vt 0.457518 0.783725
v -0.273740 0.364325 1.067746
vn -0.922777 0.091797 0.374240
vt 0.401192 0.777478
v -0.400508 0.155987 -0.887045
vn -0.926032 0.221857 0.305361
vt 0.259406 0.753942
v -0.370508 0.262002 -0.847889
vn -0.926032 -0.000000 0.377446
vt 0.236999 0.814609
v -0.400508 0.262002 -0.921492
vn -0.926032 -0.000000 0.377446
vt 0.279117 0.814609
v -0.273740 0.243279 1.067746
vn -0.929530 0.001357 0.368743
vt 0.080601 0.170990
v -0.321742 0.402615 0.534077
vn -0.991990 0.091168 0.087434
vt 0.291350 0.233913
v -0.321742 0.243279 0.534077
vn -0.996709 0.000000 0.081063
vt 0.291350 0.170990
v -0.400508 0.090465 -0.796863
vn -0.926032 0.358972 0.116638
vt 0.207800 0.716448
v -0.370508 0.160465 -0.774119
vn -0.926032 0.358972 0.116638
vt 0.194784 0.756505
v -0.370508 0.199249 -0.827500
vn -0.926032 0.221857 0.305361
vt 0.225331 0.778699
v -0.273740 0.243279 1.067746
vn -0.929530 0.001357 0.368743
vt 0.080601 0.170990
v -0.273740 0.364325 1.067746
vn -0.922777 0.091797 0.374240
vt 0.080601 0.218792
v -0.321742 0.402615 0.534077
vn -0.991990 0.091168 0.087434
vt 0.291350 0.233913
v -0.400508 0.090465 -0.796863
vn -0.926032 0.358972 0.116638
vt 0.207800 0.716448
v -0.370508 0.199249 -0.827500
vn -0.926032 0.221857 0.305361
vt 0.225331 0.778699
v -0.400508 0.155987 -0.887045
vn -0.926032 0.221857 0.305361
vt 0.259406 0.753942
v -0.334689 0.243279 0.356051
vn -0.997366 -0.000000 0.072535
vt 0.361653 0.170990
v -0.347636 0.432938 0.178025
vn -0.995347 0.084556 0.046202
vt 0.431957 0.245888
v -0.347636 0.243279 0.178025
vn -0.999341 -0.000000 0.036291
vt 0.431957 0.170990
v -0.400508 0.090465 -0.685392
vn -0.926032 0.358972 -0.116637
vt 0.144011 0.716448
v -0.370508 0.160465 -0.708136
vn -0.926032 0.358972 -0.116637
vt 0.157026 0.756505
v -0.370508 0.160465 -0.774119
vn -0.926032 0.358972 0.116638
vt 0.194784 0.756505
v -0.334689 0.243279 0.356051
vn -0.997366 -0.000000 0.072535
vt 0.361653 0.170990
v -0.334689 0.417776 0.356051
vn -0.992368 0.093093 0.080869
vt 0.361653 0.239900
v -0.347636 0.432938 0.178025
vn -0.995347 0.084556 0.046202
vt 0.431957 0.245888
v -0.400508 0.090465 -0.685392
vn -0.926032 0.358972 -0.116637
vt 0.144011 0.716448
v -0.370508 0.160465 -0.774119
vn -0.926032 0.358972 0.116638
vt 0.194784 0.756505
v -0.400508 0.090465 -0.796863
vn -0.926032 0.358972 0.116638
vt 0.207800 0.716448
v -0.347636 0.243279 0.178025
vn -0.999341 -0.000000 0.036291
vt 0.431957 0.170990
v -0.347636 0.448964 -0.106168
vn -0.997440 0.071254 -0.006061
vt 0.544186 0.252217
v -0.347636 0.243279 -0.106168
vn -0.999895 -0.000000 -0.014478
vt 0.544186 0.170990
v -0.400508 0.155986 -0.595209
vn -0.926032 0.221857 -0.305360
vt 0.092405 0.753942
v -0.370508 0.199249 -0.654755
vn -0.926032 0.221857 -0.305360
vt 0.126479 0.778698
v -0.370508 0.160465 -0.708136
vn -0.926032 0.358972 -0.116637
vt 0.157026 0.756505
v -0.347636 0.243279 0.178025
vn -0.999341 -0.000000 0.036291
vt 0.431957 0.170990
v -0.347636 0.432938 0.178025
vn -0.995347 0.084556 0.046202
vt 0.431957 0.245888
v -0.347636 0.448964 -0.106168
vn -0.997440 0.071254 -0.006061
vt 0.544186 0.252217
v -0.400508 0.155986 -0.595209
vn -0.926032 0.221857 -0.305360
vt 0.092405 0.753942
v -0.370508 0.160465 -0.708136
vn -0.926032 0.358972 -0.116637
vt 0.157026 0.756505
v -0.400508 0.090465 -0.685392
vn -0.926032 0.358972 -0.116637
vt 0.144011 0.716448
v -0.347636 0.243279 -0.106168
vn -0.999895 -0.000000 -0.014478
vt 0.544186 0.170990
v -0.345378 0.448964 -0.184139
vn -0.998159 0.058427 -0.016268
vt 0.574978 0.252217
v -0.345378 0.243279 -0.184139
vn -0.999581 -0.000000 -0.028954
vt 0.574978 0.170990
v -0.400508 0.262002 -0.560763
vn -0.926032 0.000000 -0.377446
vt 0.072693 0.814608
v -0.370508 0.262002 -0.634365
vn -0.926032 0.000000 -0.377446
vt 0.114811 0.814608
v -0.370508 0.199249 -0.654755
vn -0.926032 0.221857 -0.305360
vt 0.126479 0.778698
v -0.347636 0.243279 -0.106168
vn -0.999895 -0.000000 -0.014478
vt 0.544186 0.170990
v -0.347636 0.448964 -0.106168
vn -0.997440 0.071254 -0.006061
vt 0.544186 0.252217
v -0.345378 0.448964 -0.184139
vn -0.998159 0.058427 -0.016268
vt 0.574978 0.252217
v -0.400508 0.262002 -0.560763
vn -0.926032 0.000000 -0.377446
vt 0.072693 0.814608
v -0.370508 0.199249 -0.654755
vn -0.926032 0.221857 -0.305360
vt 0.126479 0.778698
v -0.400508 0.155986 -0.595209
vn -0.926032 0.221857 -0.305360
vt 0.092405 0.753942
v -0.338602 0.243279 -0.418054
vn -0.996547 -0.002125 -0.083004
vt 0.667352 0.170990
v -0.292476 0.448964 -0.754751
vn -0.985947 0.049908 -0.159430
vt 0.800315 0.252217
v -0.292476 0.243279 -0.754751
vn -0.986897 -0.001625 -0.161345
vt 0.800315 0.170991
v -0.400508 0.368017 -0.595209
vn -0.926031 -0.221857 -0.305361
vt 0.092405 0.875275
v -0.370508 0.324755 -0.654755
vn -0.926031 -0.221857 -0.305361
vt 0.126479 0.850519
v -0.370508 0.262002 -0.634365
vn -0.926032 0.000000 -0.377446
vt 0.114811 0.814608
v -0.338602 0.243279 -0.418054
vn -0.996547 -0.002125 -0.083004
vt 0.667352 0.170990
v -0.338602 0.448964 -0.427760
vn -0.994972 0.055441 -0.083405
vt 0.671185 0.252217
v -0.292476 0.448964 -0.754751
vn -0.985947 0.049908 -0.159430
vt 0.800315 0.252217
v -0.400508 0.368017 -0.595209
vn -0.926031 -0.221857 -0.305361
vt 0.092405 0.875275
v -0.370508 0.262002 -0.634365
vn -0.926032 0.000000 -0.377446
vt 0.114811 0.814608
v -0.400508 0.262002 -0.560763
vn -0.926032 0.000000 -0.377446
vt 0.072693 0.814608
v -0.246350 0.243280 -0.999885
vn -0.961441 0.000000 -0.275012
vt 0.897120 0.170991
v -0.157623 0.448965 -1.227824
vn -0.618943 0.129624 -0.774666
vt 0.987134 0.252217
v -0.157623 0.243280 -1.227824
vn -0.631186 0.003103 -0.775625
vt 0.987134 0.170991
v -0.400508 0.433539 -0.685391
vn -0.926031 -0.358973 -0.116638
vt 0.144011 0.912769
v -0.370508 0.363539 -0.708136
vn -0.926031 -0.358973 -0.116638
vt 0.157026 0.872712
v -0.370508 0.324755 -0.654755
vn -0.926031 -0.221857 -0.305361
vt 0.126479 0.850519
v -0.246350 0.243280 -0.999885
vn -0.961441 0.000000 -0.275012
vt 0.897120 0.170991
v -0.246350 0.448965 -0.999885
vn -0.957478 0.056729 -0.282873
vt 0.897120 0.252217
v -0.157623 0.448965 -1.227824
vn -0.618943 0.129624 -0.774666
vt 0.987134 0.252217
v -0.400508 0.433539 -0.685391
vn -0.926031 -0.358973 -0.116638
vt 0.144011 0.912769
v -0.370508 0.324755 -0.654755
vn -0.926031 -0.221857 -0.305361
vt 0.126479 0.850519
v -0.400508 0.368017 -0.595209
vn -0.926031 -0.221857 -0.305361
vt 0.092405 0.875275
v -0.146903 0.500115 1.185008
vn -0.470587 0.316233 0.823738
vt 0.463275 0.843943
v -0.213302 0.592357 1.067746
vn -0.711254 0.552401 0.434708
vt 0.430775 0.889092
v -0.253447 0.487352 1.067746
vn -0.879004 0.270473 0.392679
vt 0.411125 0.837696
v -0.400508 0.433539 -0.796863
vn -0.926032 -0.358973 0.116637
vt 0.207799 0.912769
v -0.370508 0.363539 -0.774118
vn -0.926032 -0.358973 0.116637
vt 0.194784 0.872712
v -0.370508 0.363539 -0.708136
vn -0.926031 -0.358973 -0.116638
vt 0.157026 0.872712
v -0.146903 0.500115 1.185008
vn -0.470587 0.316233 0.823738
vt 0.463275 0.843943
v -0.123634 0.560528 1.156069
vn -0.407491 0.488621 0.771492
vt 0.474664 0.873513
v -0.213302 0.592357 1.067746
vn -0.711254 0.552401 0.434708
vt 0.430775 0.889092
v -0.400508 0.433539 -0.796863
vn -0.926032 -0.358973 0.116637
vt 0.207799 0.912769
v -0.370508 0.363539 -0.708136
vn -0.926031 -0.358973 -0.116638
vt 0.157026 0.872712
v -0.400508 0.433539 -0.685391
vn -0.926031 -0.358973 -0.116638
vt 0.144011 0.912769
v -0.253447 0.487352 1.067746
vn -0.879004 0.270473 0.392679
vt 0.080601 0.267376
v -0.250706 0.683756 0.534077
vn -0.801442 0.577299 0.156258
vt 0.291350 0.344937
v -0.297890 0.525642 0.534077
vn -0.965673 0.239515 0.100543
vt 0.291350 0.282497
v -0.400508 0.368018 -0.887045
vn -0.926032 -0.221857 0.305360
vt 0.259405 0.875275
v -0.370508 0.324755 -0.827499
vn -0.926032 -0.221857 0.305360
vt 0.225331 0.850519
v -0.370508 0.363539 -0.774118
vn -0.926032 -0.358973 0.116637
vt 0.194784 0.872712
v -0.253447 0.487352 1.067746
vn -0.879004 0.270473 0.392679
vt 0.080601 0.267376
v -0.213302 0.592357 1.067746
vn -0.711254 0.552401 0.434708
vt 0.080601 0.308843
v -0.250706 0.683756 0.534077
vn -0.801442 0.577299 0.156258
vt 0.291350 0.344937
v -0.400508 0.368018 -0.887045
vn -0.926032 -0.221857 0.305360
vt 0.259405 0.875275
v -0.370508 0.363539 -0.774118
vn -0.926032 -0.358973 0.116637
vt 0.194784 0.872712
v -0.400508 0.433539 -0.796863
vn -0.926032 -0.358973 0.116637
vt 0.207799 0.912769
v -0.270883 0.785349 0.099631
vn -0.858137 0.485121 0.168104
vt 0.462915 0.385057
v -0.309877 0.548816 0.356051
vn -0.968184 0.230772 0.096763
vt 0.361653 0.291649
v -0.257768 0.719314 0.382021
vn -0.795211 0.583088 0.166276
vt 0.351398 0.358979
v -0.400508 0.262002 -0.921492
vn -0.926032 -0.000000 0.377446
vt 0.279117 0.814609
v -0.370508 0.262002 -0.847889
vn -0.926032 -0.000000 0.377446
vt 0.236999 0.814609
v -0.370508 0.324755 -0.827499
vn -0.926032 -0.221857 0.305360
vt 0.225331 0.850519
v -0.270883 0.785349 0.099631
vn -0.858137 0.485121 0.168104
vt 0.462915 0.385057
v -0.321865 0.571990 0.178025
vn -0.973905 0.215873 0.070056
vt 0.431957 0.300800
v -0.309877 0.548816 0.356051
vn -0.968184 0.230772 0.096763
vt 0.361653 0.291649
v -0.400508 0.262002 -0.921492
vn -0.926032 -0.000000 0.377446
vt 0.279117 0.814609
v -0.370508 0.324755 -0.827499
vn -0.926032 -0.221857 0.305360
vt 0.225331 0.850519
v -0.400508 0.368018 -0.887045
vn -0.926032 -0.221857 0.305360
vt 0.259405 0.875275
v -0.313500 0.654649 -0.441453
vn -0.983679 0.148957 -0.100934
vt 0.676592 0.333443
v -0.227902 0.837649 -0.754750
vn -0.887237 0.413237 -0.205051
vt 0.800315 0.405711
v -0.270794 0.654650 -0.754750
vn -0.973460 0.166185 -0.157350
vt 0.800315 0.333443
v -0.400508 0.100364 -0.963604
vn -1.000000 -0.000000 -0.000000
vt 0.303216 0.722112
v -0.400508 0.155987 -0.887045
vn -1.000000 -0.000000 -0.000000
vt 0.259406 0.753942
v -0.400508 0.262002 -0.921492
vn -1.000000 -0.000000 -0.000000
vt 0.279117 0.814609
v -0.313500 0.654649 -0.441453
vn -0.983679 0.148957 -0.100934
vt 0.676592 0.333443
v -0.263844 0.860334 -0.469107
vn -0.910837 0.384064 -0.151229
vt 0.687513 0.414669
v -0.227902 0.837649 -0.754750
vn -0.887237 0.413237 -0.205051
vt 0.800315 0.405711
v -0.400508 0.100364 -0.963604
vn -1.000000 -0.000000 -0.000000
vt 0.303216 0.722112
v -0.400508 0.262002 -0.921492
vn -1.000000 -0.000000 -0.000000
vt 0.279117 0.814609
v -0.400508 0.262002 -1.016123
vn -1.000000 -0.000000 -0.000000
vt 0.333270 0.814609
v -0.400508 0.000465 -0.826106
vn -1.000000 -0.000000 -0.000000
vt 0.224534 0.664946
v -0.400508 0.155987 -0.887045
vn -1.000000 -0.000000 -0.000000
vt 0.259406 0.753942
v -0.400508 0.000465 -0.826106
vn -1.000000 -0.000000 -0.000000
vt 0.224534 0.664946
v -0.400508 0.090465 -0.796863
vn -1.000000 -0.000000 -0.000000
vt 0.207800 0.716448
v -0.400508 0.155987 -0.887045
vn -1.000000 -0.000000 -0.000000
vt 0.259406 0.753942
v -0.228087 0.654650 -0.999885
vn -0.919981 0.216402 -0.326810
vt 0.897119 0.333443
v -0.112066 0.720677 -1.119814
vn -0.396980 0.566966 -0.721773
vt 0.944480 0.359518
v -0.145938 0.654650 -1.161646
vn -0.541272 0.387375 -0.746301
vt 0.961000 0.333443
v -0.400508 0.000465 -0.656149
vn -1.000000 -0.000000 -0.000000
vt 0.127277 0.664946
v -0.400508 0.090465 -0.685392
vn -1.000000 -0.000000 -0.000000
vt 0.144011 0.716448
v -0.400508 0.090465 -0.796863
vn -1.000000 -0.000000 -0.000000
vt 0.207800 0.716448
v -0.228087 0.654650 -0.999885
vn -0.919981 0.216402 -0.326810
vt 0.897119 0.333443
v -0.191959 0.785571 -0.999884
vn -0.751856 0.487039 -0.444416
vt 0.897119 0.385145
v -0.112066 0.720677 -1.119814
vn -0.396980 0.566966 -0.721773
vt 0.944480 0.359518
v -0.400508 0.000465 -0.656149
vn -1.000000 -0.000000 -0.000000
vt 0.127277 0.664946
v -0.400508 0.090465 -0.796863
vn -1.000000 -0.000000 -0.000000
vt 0.207800 0.716448
v -0.400508 0.000465 -0.826106
vn -1.000000 -0.000000 -0.000000
vt 0.224534 0.664946
v -0.157623 0.243280 -1.227824
vn -0.631186 0.003103 -0.775625
vt 0.778127 0.668227
v -0.052541 0.448965 -1.244367
vn -0.077733 0.164590 -0.983294
vt 0.840608 0.790525
v -0.052541 0.243280 -1.246617
vn -0.083192 0.008197 -0.996500
vt 0.840608 0.668227
v -0.400508 0.100363 -0.518651
vn -1.000000 -0.000000 -0.000000
vt 0.048595 0.722112
v -0.400508 0.155986 -0.595209
vn -1.000000 -0.000000 -0.000000
vt 0.092405 0.753942
v -0.400508 0.090465 -0.685392
vn -1.000000 -0.000000 -0.000000
vt 0.144011 0.716448
v -0.157623 0.243280 -1.227824
vn -0.631186 0.003103 -0.775625
vt 0.778127 0.668227
v -0.157623 0.448965 -1.227824
vn -0.618943 0.129624 -0.774666
vt 0.778127 0.790525
v -0.052541 0.448965 -1.244367
vn -0.077733 0.164590 -0.983294
vt 0.840608 0.790525
v -0.400508 0.100363 -0.518651
vn -1.000000 -0.000000 -0.000000
vt 0.048595 0.722112
v -0.400508 0.090465 -0.685392
vn -1.000000 -0.000000 -0.000000
vt 0.144011 0.716448
v -0.400508 0.000465 -0.656149
vn -1.000000 -0.000000 -0.000000
vt 0.127277 0.664946
v -0.145938 0.654650 -1.161646
vn -0.541272 0.387375 -0.746301
vt 0.785075 0.912824
v -0.040941 0.723300 -1.131304
vn -0.083416 0.575158 -0.813778
vt 0.847505 0.953642
v -0.048646 0.656060 -1.174886
vn -0.069168 0.439895 -0.895382
vt 0.842923 0.913662
v -0.400508 0.262002 -0.466131
vn -1.000000 -0.000000 -0.000000
vt 0.018540 0.814608
v -0.400508 0.262002 -0.560763
vn -1.000000 -0.000000 -0.000000
vt 0.072693 0.814608
v -0.400508 0.155986 -0.595209
vn -1.000000 -0.000000 -0.000000
vt 0.092405 0.753942
v -0.145938 0.654650 -1.161646
vn -0.541272 0.387375 -0.746301
vt 0.785075 0.912824
v -0.112066 0.720677 -1.119814
vn -0.396980 0.566966 -0.721773
vt 0.805215 0.952083
v -0.040941 0.723300 -1.131304
vn -0.083416 0.575158 -0.813778
vt 0.847505 0.953642
v -0.400508 0.262002 -0.466131
vn -1.000000 -0.000000 -0.000000
vt 0.018540 0.814608
v -0.400508 0.155986 -0.595209
vn -1.000000 -0.000000 -0.000000
vt 0.092405 0.753942
v -0.400508 0.100363 -0.518651
vn -1.000000 -0.000000 -0.000000
vt 0.048595 0.722112
v -0.158665 0.377088 1.213750
vn -0.508261 0.116334 0.853309
vt 0.457518 0.783725
v -0.048968 0.500115 1.202425
vn -0.092608 0.311148 0.945839
vt 0.511211 0.843943
v -0.146903 0.500115 1.185008
vn -0.470587 0.316233 0.823738
vt 0.463275 0.843943
v -0.400508 0.423640 -0.518651
vn -1.000000 -0.000000 -0.000000
vt 0.048594 0.907105
v -0.400508 0.368017 -0.595209
vn -1.000000 -0.000000 -0.000000
vt 0.092405 0.875275
v -0.400508 0.262002 -0.560763
vn -1.000000 -0.000000 -0.000000
vt 0.072693 0.814608
v -0.158665 0.377088 1.213750
vn -0.508261 0.116334 0.853309
vt 0.457518 0.783725
v -0.052888 0.377088 1.231271
vn -0.087673 0.133438 0.987172
vt 0.509292 0.783725
v -0.048968 0.500115 1.202425
vn -0.092608 0.311148 0.945839
vt 0.511211 0.843943
v -0.400508 0.423640 -0.518651
vn -1.000000 -0.000000 -0.000000
vt 0.048594 0.907105
v -0.400508 0.262002 -0.560763
vn -1.000000 -0.000000 -0.000000
vt 0.072693 0.814608
v -0.400508 0.262002 -0.466131
vn -1.000000 -0.000000 -0.000000
vt 0.018540 0.814608
v -0.273740 0.364325 1.067746
vn -0.922777 0.091797 0.374240
vt 0.401192 0.777478
v -0.146903 0.500115 1.185008
vn -0.470587 0.316233 0.823738
vt 0.463275 0.843943
v -0.253447 0.487352 1.067746
vn -0.879004 0.270473 0.392679
vt 0.411125 0.837696
v -0.400508 0.523539 -0.656148
vn -1.000000 0.000000 -0.000000
vt 0.127277 0.964271
v -0.400508 0.433539 -0.685391
vn -1.000000 0.000000 -0.000000
vt 0.144011 0.912769
v -0.400508 0.368017 -0.595209
vn -1.000000 -0.000000 -0.000000
vt 0.092405 0.875275
v -0.273740 0.364325 1.067746
vn -0.922777 0.091797 0.374240
vt 0.401192 0.777478
v -0.158665 0.377088 1.213750
vn -0.508261 0.116334 0.853309
vt 0.457518 0.783725
v -0.146903 0.500115 1.185008
vn -0.470587 0.316233 0.823738
vt 0.463275 0.843943
v -0.400508 0.523539 -0.656148
vn -1.000000 0.000000 -0.000000
vt 0.127277 0.964271
v -0.400508 0.368017 -0.595209
vn -1.000000 -0.000000 -0.000000
vt 0.092405 0.875275
v -0.400508 0.423640 -0.518651
vn -1.000000 -0.000000 -0.000000
vt 0.048594 0.907105
v -0.400508 0.523539 -0.826105
vn -1.000000 -0.000000 -0.000000
vt 0.224533 0.964271
v -0.400508 0.433539 -0.685391
vn -1.000000 0.000000 -0.000000
vt 0.144011 0.912769
v -0.400508 0.262002 -1.016123
vn -1.000000 -0.000000 -0.000000
vt 0.333270 0.814609
v -0.400508 0.368018 -0.887045
vn -1.000000 -0.000000 -0.000000
vt 0.259405 0.875275
v -0.400508 0.423641 -0.963603
vn -1.000000 -0.000000 -0.000000
vt 0.303216 0.907105
v -0.400508 0.433539 -0.796863
vn -1.000000 -0.000000 -0.000000
vt 0.207799 0.912769
v -0.400508 0.433539 -0.685391
vn -1.000000 0.000000 -0.000000
vt 0.144011 0.912769
v -0.400508 0.262002 -1.016123
vn -1.000000 -0.000000 -0.000000
vt 0.333270 0.814609
v -0.400508 0.262002 -0.921492
vn -1.000000 -0.000000 -0.000000
vt 0.279117 0.814609
v -0.228506 0.100364 -0.963604
vn 0.000000 -0.587784 -0.809018
vt 0.101058 0.075731
v -0.400508 0.100364 -0.963604
vn 0.000000 -0.587784 -0.809018
vt 0.082043 0.075731
v -0.400508 0.262002 -1.016123
vn 0.000000 0.000002 -1.000000
vt 0.082043 0.061016
v -0.228506 0.000466 -0.826106
vn 0.000000 -0.951056 -0.309018
vt 0.101058 0.084826
v -0.400508 0.100364 -0.963604
vn 0.000000 -0.587784 -0.809018
vt 0.082043 0.075731
v -0.400508 0.000465 -0.826106
vn 0.000000 -0.951056 -0.309018
vt 0.082043 0.084826
v -0.400508 0.100364 -0.963604
vn 0.000000 -0.587784 -0.809018
vt 0.082043 0.075731
v -0.321742 0.402615 0.534077
vn -0.991990 0.091168 0.087434
vt 0.291350 0.233913
v -0.253447 0.487352 1.067746
vn -0.879004 0.270473 0.392679
vt 0.080601 0.267376
v -0.297890 0.525642 0.534077
vn -0.965673 0.239515 0.100543
vt 0.291350 0.282497
v -0.228506 0.100364 -0.963604
vn 0.000000 -0.587784 -0.809018
vt 0.101058 0.075731
v -0.400508 0.262002 -1.016123
vn 0.000000 0.000002 -1.000000
vt 0.082043 0.061016
v -0.228506 0.262002 -1.016123
vn 0.000000 0.000002 -1.000000
vt 0.101058 0.061016
v -0.321742 0.402615 0.534077
vn -0.991990 0.091168 0.087434
vt 0.291350 0.233913
v -0.273740 0.364325 1.067746
vn -0.922777 0.091797 0.374240
vt 0.080601 0.218792
v -0.253447 0.487352 1.067746
vn -0.879004 0.270473 0.392679
vt 0.080601 0.267376
v -0.228506 0.000465 -0.656149
vn 0.000000 -0.951057 0.309016
vt 0.100366 0.113919
v -0.400508 0.000465 -0.656149
vn 0.000000 -0.951057 0.309016
vt 0.100366 0.129577
v -0.400508 0.000465 -0.826106
vn 0.000000 -0.951056 -0.309018
vt 0.081577 0.129577
v -0.228506 0.000465 -0.656149
vn 0.000000 -0.951057 0.309016
vt 0.100366 0.113919
v -0.228506 0.000466 -0.826106
vn 0.000000 -0.951056 -0.309018
vt 0.081577 0.113919
v -0.228506 0.100363 -0.518651
vn -0.000000 -0.587786 0.809016
vt 0.140712 0.085457
v -0.400508 0.100363 -0.518651
vn -0.000000 -0.587786 0.809016
vt 0.121697 0.085457
v -0.400508 0.000465 -0.656149
vn 0.000000 -0.951057 0.309016
vt 0.121697 0.076363
v -0.347636 0.432938 0.178025
vn -0.995347 0.084556 0.046202
vt 0.431957 0.245888
v -0.309877 0.548816 0.356051
vn -0.968184 0.230772 0.096763
vt 0.361653 0.291649
v -0.321865 0.571990 0.178025
vn -0.973905 0.215873 0.070056
vt 0.431957 0.300800
v -0.228506 0.100363 -0.518651
vn -0.000000 -0.587786 0.809016
vt 0.140712 0.085457
v -0.400508 0.000465 -0.656149
vn 0.000000 -0.951057 0.309016
vt 0.121697 0.076363
v -0.228506 0.000465 -0.656149
vn 0.000000 -0.951057 0.309016
vt 0.140712 0.076363
v -0.228506 0.262002 -0.466131
vn -0.000000 -0.000001 1.000000
vt 0.140712 0.100173
v -0.400508 0.100363 -0.518651
vn -0.000000 -0.587786 0.809016
vt 0.121697 0.085457
v -0.228506 0.523539 -0.656148
vn -0.000000 0.951056 0.309018
vt 0.101058 0.098069
v -0.400508 0.523539 -0.656148
vn -0.000000 0.951056 0.309018
vt 0.082043 0.098069
v -0.400508 0.423640 -0.518651
vn -0.000000 0.587784 0.809018
vt 0.082043 0.085552
v -0.347636 0.432938 0.178025
vn -0.995347 0.084556 0.046202
vt 0.431957 0.245888
v -0.334689 0.417776 0.356051
vn -0.992368 0.093093 0.080869
vt 0.361653 0.239900
v -0.309877 0.548816 0.356051
vn -0.968184 0.230772 0.096763
vt 0.361653 0.291649
v -0.228506 0.523539 -0.656148
vn -0.000000 0.951056 0.309018
vt 0.101058 0.098069
v -0.400508 0.423640 -0.518651
vn -0.000000 0.587784 0.809018
vt 0.082043 0.085552
v -0.228506 0.423640 -0.518650
vn -0.000000 0.587784 0.809018
vt 0.101058 0.085552
v -0.228506 0.523539 -0.826105
vn -0.000000 0.951057 -0.309016
vt 0.101058 0.113542
v -0.400508 0.523539 -0.656148
vn -0.000000 0.951056 0.309018
vt 0.082043 0.098069
v -0.228506 0.523539 -0.826105
vn -0.000000 0.951057 -0.309016
vt 0.101058 0.113542
v -0.400508 0.523539 -0.826105
vn -0.000000 0.951057 -0.309016
vt 0.082043 0.113542
v -0.400508 0.523539 -0.656148
vn -0.000000 0.951056 0.309018
vt 0.082043 0.098069
v -0.347636 0.448964 -0.106168
vn -0.997440 0.071254 -0.006061
vt 0.544186 0.252217
v -0.321865 0.571990 0.178025
vn -0.973905 0.215873 0.070056
vt 0.431957 0.300800
v -0.321865 0.639892 -0.093404
vn -0.983445 0.179766 0.022816
vt 0.539146 0.327615
v -0.228506 0.423641 -0.963603
vn 0.000000 0.587787 -0.809016
vt 0.101058 0.046301
v -0.400508 0.423641 -0.963603
vn 0.000000 0.587787 -0.809016
vt 0.082043 0.046301
v -0.400508 0.523539 -0.826105
vn -0.000000 0.951057 -0.309016
vt 0.082043 0.037207
v -0.347636 0.448964 -0.106168
vn -0.997440 0.071254 -0.006061
vt 0.544186 0.252217
v -0.347636 0.432938 0.178025
vn -0.995347 0.084556 0.046202
vt 0.431957 0.245888
v -0.321865 0.571990 0.178025
vn -0.973905 0.215873 0.070056
vt 0.431957 0.300800
v -0.228506 0.423641 -0.963603
vn 0.000000 0.587787 -0.809016
vt 0.101058 0.046301
v -0.400508 0.523539 -0.826105
vn -0.000000 0.951057 -0.309016
vt 0.082043 0.037207
v -0.228506 0.523539 -0.826105
vn -0.000000 0.951057 -0.309016
vt 0.101058 0.037207
v -0.338602 0.448964 -0.427760
vn -0.994972 0.055441 -0.083405
vt 0.671185 0.252217
v -0.323529 0.594684 -0.354441
vn -0.993260 0.106851 -0.044917
vt 0.642231 0.309762
v -0.313500 0.654649 -0.441453
vn -0.983679 0.148957 -0.100934
vt 0.676592 0.333443
v -0.228506 0.262002 -1.016123
vn 0.000000 0.000002 -1.000000
vt 0.101058 0.061016
v -0.400508 0.262002 -1.016123
vn 0.000000 0.000002 -1.000000
vt 0.082043 0.061016
v -0.400508 0.423641 -0.963603
vn 0.000000 0.587787 -0.809016
vt 0.082043 0.046301
v -0.338602 0.448964 -0.427760
vn -0.994972 0.055441 -0.083405
vt 0.671185 0.252217
v -0.340861 0.448964 -0.344935
vn -0.997916 0.053169 -0.036552
vt 0.638477 0.252217
v -0.323529 0.594684 -0.354441
vn -0.993260 0.106851 -0.044917
vt 0.642231 0.309762
v -0.228506 0.262002 -1.016123
vn 0.000000 0.000002 -1.000000
vt 0.101058 0.061016
v -0.400508 0.423641 -0.963603
vn 0.000000 0.587787 -0.809016
vt 0.082043 0.046301
v -0.228506 0.423641 -0.963603
vn 0.000000 0.587787 -0.809016
vt 0.101058 0.046301
v -0.246350 0.448965 -0.999885
vn -0.957478 0.056729 -0.282873
vt 0.897120 0.252217
v -0.270794 0.654650 -0.754750
vn -0.973460 0.166185 -0.157350
vt 0.800315 0.333443
v -0.228087 0.654650 -0.999885
vn -0.919981 0.216402 -0.326810
vt 0.897119 0.333443
v -0.370508 0.199248 0.775185
vn -0.724618 -0.405073 -0.557535
vt 0.225227 0.778698
v -0.400508 0.217789 0.800705
vn -0.930408 -0.215438 -0.296525
vt 0.210624 0.789308
v -0.400508 0.262001 0.786340
vn -0.930408 -0.000001 -0.366525
vt 0.218844 0.814608
v -0.246350 0.448965 -0.999885
vn -0.957478 0.056729 -0.282873
vt 0.897120 0.252217
v -0.292476 0.448964 -0.754751
vn -0.985947 0.049908 -0.159430
vt 0.800315 0.252217
v -0.270794 0.654650 -0.754750
vn -0.973460 0.166185 -0.157350
vt 0.800315 0.333443
v -0.157623 0.448965 -1.227824
vn -0.618943 0.129624 -0.774666
vt 0.987134 0.252217
v -0.228087 0.654650 -0.999885
vn -0.919981 0.216402 -0.326810
vt 0.897119 0.333443
v -0.157623 0.448965 -1.227824
vn -0.618943 0.129624 -0.774666
vt 0.987134 0.252217
v -0.228087 0.654650 -0.999885
vn -0.919981 0.216402 -0.326810
vt 0.897119 0.333443
v -0.145938 0.654650 -1.161646
vn -0.541272 0.387375 -0.746301
vt 0.961000 0.333443
v -0.370508 0.199248 0.775185
vn -0.724618 -0.405073 -0.557535
vt 0.225227 0.778698
v -0.400508 0.262001 0.786340
vn -0.930408 -0.000001 -0.366525
vt 0.218844 0.814608
v -0.370508 0.262001 0.754796
vn -0.724618 -0.000001 -0.689151
vt 0.236895 0.814608
v -0.370508 0.160465 0.828567
vn -0.724618 -0.655421 -0.212959
vt 0.194680 0.756504
v -0.400508 0.217789 0.800705
vn -0.930408 -0.215438 -0.296525
vt 0.210624 0.789308
v -0.370508 0.160465 0.894549
vn -0.983637 -0.171342 0.055672
vt 0.156922 0.756504
v -0.400508 0.190465 0.838314
vn -0.930409 -0.348585 -0.113262
vt 0.189102 0.773672
v -0.370508 0.199248 0.947930
vn -0.983637 -0.105895 0.145752
vt 0.126375 0.778698
v -0.400508 0.190465 0.884802
vn -0.930408 -0.348585 0.113263
vt 0.162500 0.773672
v -0.370508 0.262001 0.968320
vn -0.724617 0.000001 0.689152
vt 0.114707 0.814608
v -0.400508 0.217789 0.922411
vn -0.930408 -0.215438 0.296525
vt 0.140979 0.789308
v -0.370508 0.324754 0.947930
vn -0.724617 0.405073 0.557536
vt 0.126375 0.850518
v -0.400508 0.262001 0.936776
vn -0.930408 0.000000 0.366525
vt 0.132758 0.814608
v -0.370508 0.160465 0.828567
vn -0.724618 -0.655421 -0.212959
vt 0.194680 0.756504
v -0.400508 0.190465 0.838314
vn -0.930409 -0.348585 -0.113262
vt 0.189102 0.773672
v -0.400508 0.217789 0.800705
vn -0.930408 -0.215438 -0.296525
vt 0.210624 0.789308
v -0.052541 0.448965 -1.244367
vn -0.077733 0.164590 -0.983294
vt 0.840608 0.790525
v -0.145938 0.654650 -1.161646
vn -0.541272 0.387375 -0.746301
vt 0.785075 0.912824
v -0.048646 0.656060 -1.174886
vn -0.069168 0.439895 -0.895382
vt 0.842923 0.913662
v -0.370508 0.160465 0.894549
vn -0.983637 -0.171342 0.055672
vt 0.156922 0.756504
v -0.400508 0.190465 0.884802
vn -0.930408 -0.348585 0.113263
vt 0.162500 0.773672
v -0.400508 0.190465 0.838314
vn -0.930409 -0.348585 -0.113262
vt 0.189102 0.773672
v -0.052541 0.448965 -1.244367
vn -0.077733 0.164590 -0.983294
vt 0.840608 0.790525
v -0.157623 0.448965 -1.227824
vn -0.618943 0.129624 -0.774666
vt 0.778127 0.790525
v -0.145938 0.654650 -1.161646
vn -0.541272 0.387375 -0.746301
vt 0.785075 0.912824
v -0.370508 0.199248 0.947930
vn -0.983637 -0.105895 0.145752
vt 0.126375 0.778698
v -0.400508 0.217789 0.922411
vn -0.930408 -0.215438 0.296525
vt 0.140979 0.789308
v -0.400508 0.190465 0.884802
vn -0.930408 -0.348585 0.113263
vt 0.162500 0.773672
v -0.041211 0.560528 1.180178
vn -0.121407 0.457430 0.880919
vt 0.515008 0.873513
v 0.034921 0.639488 1.134111
vn 0.137954 0.630044 0.764207
vt 0.552272 0.912161
v -0.034921 0.639488 1.134111
vn -0.137954 0.630044 0.764207
vt 0.518087 0.912161
v -0.370508 0.262001 0.968320
vn -0.724617 0.000001 0.689152
vt 0.114707 0.814608
v -0.400508 0.262001 0.936776
vn -0.930408 0.000000 0.366525
vt 0.132758 0.814608
v -0.400508 0.217789 0.922411
vn -0.930408 -0.215438 0.296525
vt 0.140979 0.789308
v -0.041211 0.560528 1.180178
vn -0.121407 0.457430 0.880919
vt 0.515008 0.873513
v 0.041211 0.560528 1.180178
vn 0.121407 0.457430 0.880919
vt 0.555351 0.873513
v 0.034921 0.639488 1.134111
vn 0.137954 0.630044 0.764207
vt 0.552272 0.912161
v -0.370508 0.324754 0.947930
vn -0.724617 0.405073 0.557536
vt 0.126375 0.850518
v -0.400508 0.306213 0.922411
vn -0.930408 0.215438 0.296525
vt 0.140979 0.839908
v -0.400508 0.262001 0.936776
vn -0.930408 0.000000 0.366525
vt 0.132758 0.814608
v -0.123634 0.560528 1.156069
vn -0.407491 0.488621 0.771492
vt 0.474664 0.873513
v -0.034921 0.639488 1.134111
vn -0.137954 0.630044 0.764207
vt 0.518087 0.912161
v -0.089799 0.639488 1.110629
vn -0.366301 0.604576 0.707327
vt 0.491226 0.912161
v -0.370508 0.363538 0.894549
vn -0.724617 0.655423 0.212960
vt 0.156922 0.872712
v -0.400508 0.333538 0.884802
vn -0.930408 0.348586 0.113263
vt 0.162500 0.855544
v -0.400508 0.306213 0.922411
vn -0.930408 0.215438 0.296525
vt 0.140979 0.839908
v -0.123634 0.560528 1.156069
vn -0.407491 0.488621 0.771492
vt 0.474664 0.873513
v -0.041211 0.560528 1.180178
vn -0.121407 0.457430 0.880919
vt 0.515008 0.873513
v -0.034921 0.639488 1.134111
vn -0.137954 0.630044 0.764207
vt 0.518087 0.912161
v -0.370508 0.363538 0.894549
vn -0.724617 0.655423 0.212960
vt 0.156922 0.872712
v -0.400508 0.306213 0.922411
vn -0.930408 0.215438 0.296525
vt 0.140979 0.839908
v -0.370508 0.324754 0.947930
vn -0.724617 0.405073 0.557536
vt 0.126375 0.850518
v -0.213302 0.592357 1.067746
vn -0.711254 0.552401 0.434708
vt 0.430775 0.889092
v -0.089799 0.639488 1.110629
vn -0.366301 0.604576 0.707327
vt 0.491226 0.912161
v -0.139744 0.649901 1.067746
vn -0.543573 0.714774 0.440029
vt 0.466779 0.917258
v -0.370508 0.363538 0.828566
vn -0.724617 0.655422 -0.212959
vt 0.194680 0.872712
v -0.400508 0.333538 0.838314
vn -0.930408 0.348586 -0.113262
vt 0.189102 0.855544
v -0.400508 0.333538 0.884802
vn -0.930408 0.348586 0.113263
vt 0.162500 0.855544
v -0.213302 0.592357 1.067746
vn -0.711254 0.552401 0.434708
vt 0.430775 0.889092
v -0.123634 0.560528 1.156069
vn -0.407491 0.488621 0.771492
vt 0.474664 0.873513
v -0.089799 0.639488 1.110629
vn -0.366301 0.604576 0.707327
vt 0.491226 0.912161
v -0.370508 0.363538 0.828566
vn -0.724617 0.655422 -0.212959
vt 0.194680 0.872712
v -0.400508 0.333538 0.884802
vn -0.930408 0.348586 0.113263
vt 0.162500 0.855544
v -0.370508 0.363538 0.894549
vn -0.724617 0.655423 0.212960
vt 0.156922 0.872712
v -0.250706 0.683756 0.534077
vn -0.801442 0.577299 0.156258
vt 0.291350 0.344937
v -0.139744 0.649901 1.067746
vn -0.543573 0.714774 0.440029
vt 0.080601 0.331568
v -0.170425 0.740702 0.534077
vn -0.571464 0.798617 0.188788
vt 0.291350 0.367426
v -0.370508 0.324754 0.775185
vn -0.724618 0.405073 -0.557535
vt 0.225227 0.850518
v -0.400508 0.306213 0.800705
vn -0.930408 0.215438 -0.296525
vt 0.210624 0.839908
v -0.400508 0.333538 0.838314
vn -0.930408 0.348586 -0.113262
vt 0.189102 0.855544
v -0.250706 0.683756 0.534077
vn -0.801442 0.577299 0.156258
vt 0.291350 0.344937
v -0.213302 0.592357 1.067746
vn -0.711254 0.552401 0.434708
vt 0.080601 0.308843
v -0.139744 0.649901 1.067746
vn -0.543573 0.714774 0.440029
vt 0.080601 0.331568
v -0.370508 0.324754 0.775185
vn -0.724618 0.405073 -0.557535
vt 0.225227 0.850518
v -0.400508 0.333538 0.838314
vn -0.930408 0.348586 -0.113262
vt 0.189102 0.855544
v -0.370508 0.363538 0.828566
vn -0.724617 0.655422 -0.212959
vt 0.194680 0.872712
v -0.190675 0.819294 0.151469
vn -0.577512 0.770251 0.270542
vt 0.442444 0.398462
v -0.257768 0.719314 0.382021
vn -0.795211 0.583088 0.166276
vt 0.351398 0.358979
v -0.181527 0.765362 0.400164
vn -0.536227 0.818266 0.207128
vt 0.344233 0.377164
v -0.370508 0.262001 0.754796
vn -0.724618 -0.000001 -0.689151
vt 0.236895 0.814608
v -0.400508 0.262001 0.786340
vn -0.930408 -0.000001 -0.366525
vt 0.218844 0.814608
v -0.400508 0.306213 0.800705
vn -0.930408 0.215438 -0.296525
vt 0.210624 0.839908
v -0.190675 0.819294 0.151469
vn -0.577512 0.770251 0.270542
vt 0.442444 0.398462
v -0.270883 0.785349 0.099631
vn -0.858137 0.485121 0.168104
vt 0.462915 0.385057
v -0.257768 0.719314 0.382021
vn -0.795211 0.583088 0.166276
vt 0.351398 0.358979
v -0.370508 0.262001 0.754796
vn -0.724618 -0.000001 -0.689151
vt 0.236895 0.814608
v -0.400508 0.306213 0.800705
vn -0.930408 0.215438 -0.296525
vt 0.210624 0.839908
v -0.370508 0.324754 0.775185
vn -0.724618 0.405073 -0.557535
vt 0.225227 0.850518
v -0.270883 0.841016 -0.048732
vn -0.843973 0.489942 0.218326
vt 0.521505 0.407040
v -0.190675 0.819294 0.151469
vn -0.577512 0.770251 0.270542
vt 0.442444 0.398462
v -0.190814 0.918988 -0.032140
vn -0.631030 0.702520 0.329038
vt 0.514952 0.437831
v -0.400508 0.155986 0.715640
vn -0.926031 0.221858 0.305360
vt 0.259302 0.753941
v -0.370508 0.199248 0.775185
vn -0.926031 0.221858 0.305360
vt 0.225227 0.778698
v -0.370508 0.262001 0.754796
vn -0.926032 0.000001 0.377446
vt 0.236895 0.814608
v -0.270883 0.841016 -0.048732
vn -0.843973 0.489942 0.218326
vt 0.521505 0.407040
v -0.270883 0.785349 0.099631
vn -0.858137 0.485121 0.168104
vt 0.462915 0.385057
v -0.190675 0.819294 0.151469
vn -0.577512 0.770251 0.270542
vt 0.442444 0.398462
v -0.400508 0.155986 0.715640
vn -0.926031 0.221858 0.305360
vt 0.259302 0.753941
v -0.370508 0.262001 0.754796
vn -0.926032 0.000001 0.377446
vt 0.236895 0.814608
v -0.400508 0.262001 0.681193
vn -0.926032 0.000001 0.377446
vt 0.279013 0.814608
v -0.191959 0.785571 -0.999884
vn -0.751856 0.487039 -0.444416
vt 0.897119 0.385145
v -0.115627 1.002010 -0.756733
vn -0.584371 0.744785 -0.322190
vt 0.801098 0.470617
v -0.097391 0.860392 -0.999884
vn -0.430379 0.695677 -0.575160
vt 0.897119 0.414692
v -0.227902 0.837649 -0.754750
vn -0.887237 0.413237 -0.205051
vt 0.800315 0.405711
v -0.115627 1.002010 -0.756733
vn -0.584371 0.744785 -0.322190
vt 0.801098 0.470617
v -0.112066 0.720677 -1.119814
vn -0.396980 0.566966 -0.721773
vt 0.944480 0.359518
v -0.097391 0.860392 -0.999884
vn -0.430379 0.695677 -0.575160
vt 0.897119 0.414692
v -0.086077 0.777223 -1.076216
vn -0.287334 0.631057 -0.720559
vt 0.927263 0.381848
v -0.400508 0.090465 0.805822
vn -0.926032 0.358972 0.116637
vt 0.207695 0.716447
v -0.370508 0.160465 0.828567
vn -0.926032 0.358972 0.116637
vt 0.194680 0.756504
v -0.370508 0.199248 0.775185
vn -0.926031 0.221858 0.305360
vt 0.225227 0.778698
v -0.112066 0.720677 -1.119814
vn -0.396980 0.566966 -0.721773
vt 0.944480 0.359518
v -0.191959 0.785571 -0.999884
vn -0.751856 0.487039 -0.444416
vt 0.897119 0.385145
v -0.097391 0.860392 -0.999884
vn -0.430379 0.695677 -0.575160
vt 0.897119 0.414692
v -0.400508 0.090465 0.805822
vn -0.926032 0.358972 0.116637
vt 0.207695 0.716447
v -0.370508 0.199248 0.775185
vn -0.926031 0.221858 0.305360
vt 0.225227 0.778698
v -0.400508 0.155986 0.715640
vn -0.926031 0.221858 0.305360
vt 0.259302 0.753941
v -0.040941 0.723300 -1.131304
vn -0.083416 0.575158 -0.813778
vt 0.847505 0.953642
v -0.086077 0.777223 -1.076216
vn -0.287334 0.631057 -0.720559
vt 0.820667 0.985705
v -0.034381 0.782512 -1.090363
vn -0.107633 0.633822 -0.765953
vt 0.851406 0.988849
v -0.400508 0.090465 0.917294
vn -0.981474 0.182218 -0.059206
vt 0.143907 0.716447
v -0.370508 0.160465 0.894549
vn -0.983637 -0.171342 0.055672
vt 0.156922 0.756504
v -0.370508 0.160465 0.828567
vn -0.926032 0.358972 0.116637
vt 0.194680 0.756504
v -0.040941 0.723300 -1.131304
vn -0.083416 0.575158 -0.813778
vt 0.847505 0.953642
v -0.112066 0.720677 -1.119814
vn -0.396980 0.566966 -0.721773
vt 0.805215 0.952083
v -0.086077 0.777223 -1.076216
vn -0.287334 0.631057 -0.720559
vt 0.820667 0.985705
v -0.400508 0.090465 0.917294
vn -0.981474 0.182218 -0.059206
vt 0.143907 0.716447
v -0.370508 0.160465 0.828567
vn -0.926032 0.358972 0.116637
vt 0.194680 0.756504
v -0.400508 0.090465 0.805822
vn -0.926032 0.358972 0.116637
vt 0.207695 0.716447
v -0.038542 1.037234 -0.756733
vn -0.177465 0.901322 -0.395127
vt 0.819191 0.591547
v 0.032464 0.870856 -1.008372
vn 0.131799 0.756025 -0.641136
vt 0.927163 0.554495
v -0.032464 0.870856 -1.008372
vn -0.131799 0.756025 -0.641136
vt 0.927163 0.588375
v -0.400508 0.155986 1.007476
vn -0.981474 0.112617 -0.155004
vt 0.092301 0.753941
v -0.370508 0.199248 0.947930
vn -0.983637 -0.105895 0.145752
vt 0.126375 0.778698
v -0.370508 0.160465 0.894549
vn -0.983637 -0.171342 0.055672
vt 0.156922 0.756504
v -0.038542 1.037234 -0.756733
vn -0.177465 0.901322 -0.395127
vt 0.819191 0.591547
v 0.038542 1.037233 -0.756733
vn 0.177465 0.901322 -0.395127
vt 0.819191 0.551324
v 0.032464 0.870856 -1.008372
vn 0.131799 0.756025 -0.641136
vt 0.927163 0.554495
v -0.400508 0.155986 1.007476
vn -0.981474 0.112617 -0.155004
vt 0.092301 0.753941
v -0.370508 0.160465 0.894549
vn -0.983637 -0.171342 0.055672
vt 0.156922 0.756504
v -0.400508 0.090465 0.917294
vn -0.981474 0.182218 -0.059206
vt 0.143907 0.716447
v -0.115627 1.002010 -0.756733
vn -0.584371 0.744785 -0.322190
vt 0.819191 0.631770
v -0.032464 0.870856 -1.008372
vn -0.131799 0.756025 -0.641136
vt 0.927163 0.588375
v -0.097391 0.860392 -0.999884
vn -0.430379 0.695677 -0.575160
vt 0.923521 0.622255
v -0.400508 0.262001 1.041922
vn -0.926031 -0.000000 -0.377447
vt 0.072589 0.814608
v -0.370508 0.262001 0.968320
vn -0.926031 -0.000000 -0.377447
vt 0.114707 0.814608
v -0.370508 0.199248 0.947930
vn -0.983637 -0.105895 0.145752
vt 0.126375 0.778698
v -0.115627 1.002010 -0.756733
vn -0.584371 0.744785 -0.322190
vt 0.819191 0.631770
v -0.038542 1.037234 -0.756733
vn -0.177465 0.901322 -0.395127
vt 0.819191 0.591547
v -0.032464 0.870856 -1.008372
vn -0.131799 0.756025 -0.641136
vt 0.927163 0.588375
v -0.400508 0.262001 1.041922
vn -0.926031 -0.000000 -0.377447
vt 0.072589 0.814608
v -0.370508 0.199248 0.947930
vn -0.983637 -0.105895 0.145752
vt 0.126375 0.778698
v -0.400508 0.155986 1.007476
vn -0.981474 0.112617 -0.155004
vt 0.092301 0.753941
v -0.292476 0.243279 -0.754751
vn -0.986897 -0.001625 -0.161345
vt 0.800315 0.170991
v -0.246350 0.448965 -0.999885
vn -0.957478 0.056729 -0.282873
vt 0.897120 0.252217
v -0.246350 0.243280 -0.999885
vn -0.961441 0.000000 -0.275012
vt 0.897120 0.170991
v -0.400508 0.368017 1.007476
vn -0.926031 -0.221858 -0.305360
vt 0.092301 0.875275
v -0.370508 0.324754 0.947930
vn -0.926031 -0.221858 -0.305360
vt 0.126375 0.850518
v -0.370508 0.262001 0.968320
vn -0.926031 -0.000000 -0.377447
vt 0.114707 0.814608
v -0.292476 0.243279 -0.754751
vn -0.986897 -0.001625 -0.161345
vt 0.800315 0.170991
v -0.292476 0.448964 -0.754751
vn -0.985947 0.049908 -0.159430
vt 0.800315 0.252217
v -0.246350 0.448965 -0.999885
vn -0.957478 0.056729 -0.282873
vt 0.897120 0.252217
v -0.400508 0.368017 1.007476
vn -0.926031 -0.221858 -0.305360
vt 0.092301 0.875275
v -0.370508 0.262001 0.968320
vn -0.926031 -0.000000 -0.377447
vt 0.114707 0.814608
v -0.400508 0.262001 1.041922
vn -0.926031 -0.000000 -0.377447
vt 0.072589 0.814608
v -0.270794 0.654650 -0.754750
vn -0.973460 0.166185 -0.157350
vt 0.800315 0.333443
v -0.191959 0.785571 -0.999884
vn -0.751856 0.487039 -0.444416
vt 0.897119 0.385145
v -0.228087 0.654650 -0.999885
vn -0.919981 0.216402 -0.326810
vt 0.897119 0.333443
v -0.400508 0.433538 0.917293
vn -0.926031 -0.358973 -0.116637
vt 0.143907 0.912769
v -0.370508 0.363538 0.894549
vn -0.926031 -0.358973 -0.116637
vt 0.156922 0.872712
v -0.370508 0.324754 0.947930
vn -0.926031 -0.221858 -0.305360
vt 0.126375 0.850518
v -0.270794 0.654650 -0.754750
vn -0.973460 0.166185 -0.157350
vt 0.800315 0.333443
v -0.227902 0.837649 -0.754750
vn -0.887237 0.413237 -0.205051
vt 0.800315 0.405711
v -0.191959 0.785571 -0.999884
vn -0.751856 0.487039 -0.444416
vt 0.897119 0.385145
v -0.338602 0.448964 -0.427760
vn -0.994972 0.055441 -0.083405
vt 0.671185 0.252217
v -0.313500 0.654649 -0.441453
vn -0.983679 0.148957 -0.100934
vt 0.676592 0.333443
v -0.270794 0.654650 -0.754750
vn -0.973460 0.166185 -0.157350
vt 0.800315 0.333443
v -0.292476 0.448964 -0.754751
vn -0.985947 0.049908 -0.159430
vt 0.800315 0.252217
v -0.338602 0.448964 -0.427760
vn -0.994972 0.055441 -0.083405
vt 0.671185 0.252217
v -0.400508 0.433538 0.917293
vn -0.926031 -0.358973 -0.116637
vt 0.143907 0.912769
v -0.370508 0.324754 0.947930
vn -0.926031 -0.221858 -0.305360
vt 0.126375 0.850518
v -0.400508 0.368017 1.007476
vn -0.926031 -0.221858 -0.305360
vt 0.092301 0.875275
v -0.115627 1.002010 -0.756733
vn -0.584371 0.744785 -0.322190
vt 0.801098 0.470617
v -0.263844 0.860334 -0.469107
vn -0.910837 0.384064 -0.151229
vt 0.687513 0.414669
v -0.133862 1.062313 -0.493122
vn -0.639052 0.741661 -0.203840
vt 0.696996 0.494431
v -0.400508 0.433538 0.805822
vn -0.926031 -0.358974 0.116637
vt 0.207696 0.912769
v -0.370508 0.363538 0.828566
vn -0.926031 -0.358974 0.116637
vt 0.194680 0.872712
v -0.370508 0.363538 0.894549
vn -0.926031 -0.358973 -0.116637
vt 0.156922 0.872712
v -0.115627 1.002010 -0.756733
vn -0.584371 0.744785 -0.322190
vt 0.801098 0.470617
v -0.227902 0.837649 -0.754750
vn -0.887237 0.413237 -0.205051
vt 0.800315 0.405711
v -0.263844 0.860334 -0.469107
vn -0.910837 0.384064 -0.151229
vt 0.687513 0.414669
v -0.400508 0.433538 0.805822
vn -0.926031 -0.358974 0.116637
vt 0.207696 0.912769
v -0.370508 0.363538 0.894549
vn -0.926031 -0.358973 -0.116637
vt 0.156922 0.872712
v -0.400508 0.433538 0.917293
vn -0.926031 -0.358973 -0.116637
vt 0.143907 0.912769
v -0.343119 0.243279 -0.262111
vn -0.999593 -0.000166 -0.028517
vt 0.605769 0.170990
v -0.340861 0.448964 -0.344935
vn -0.997916 0.053169 -0.036552
vt 0.638477 0.252217
v -0.340861 0.243279 -0.340082
vn -0.999605 -0.000663 -0.028080
vt 0.636560 0.170990
v -0.400508 0.368017 0.715640
vn -0.926031 -0.221858 0.305360
vt 0.259302 0.875275
v -0.370508 0.324754 0.775185
vn -0.926031 -0.221858 0.305360
vt 0.225227 0.850518
v -0.370508 0.363538 0.828566
vn -0.926031 -0.358974 0.116637
vt 0.194680 0.872712
v -0.343119 0.243279 -0.262111
vn -0.999593 -0.000166 -0.028517
vt 0.605769 0.170990
v -0.343119 0.448964 -0.262111
vn -0.998423 0.049558 -0.026368
vt 0.605769 0.252217
v -0.340861 0.448964 -0.344935
vn -0.997916 0.053169 -0.036552
vt 0.638477 0.252217
v -0.400508 0.368017 0.715640
vn -0.926031 -0.221858 0.305360
vt 0.259302 0.875275
v -0.370508 0.363538 0.828566
vn -0.926031 -0.358974 0.116637
vt 0.194680 0.872712
v -0.400508 0.433538 0.805822
vn -0.926031 -0.358974 0.116637
vt 0.207696 0.912769
v -0.333557 0.572959 -0.267429
vn -0.994775 0.099190 -0.024152
vt 0.607869 0.301183
v -0.345378 0.448964 -0.184139
vn -0.998159 0.058427 -0.016268
vt 0.574978 0.252217
v -0.327711 0.589506 -0.180416
vn -0.993166 0.116658 -0.003522
vt 0.573507 0.307717
v -0.400508 0.262001 0.681193
vn -0.926032 0.000001 0.377446
vt 0.279013 0.814608
v -0.370508 0.262001 0.754796
vn -0.926032 0.000001 0.377446
vt 0.236895 0.814608
v -0.370508 0.324754 0.775185
vn -0.926031 -0.221858 0.305360
vt 0.225227 0.850518
v -0.333557 0.572959 -0.267429
vn -0.994775 0.099190 -0.024152
vt 0.607869 0.301183
v -0.343119 0.448964 -0.262111
vn -0.998423 0.049558 -0.026368
vt 0.605769 0.252217
v -0.345378 0.448964 -0.184139
vn -0.998159 0.058427 -0.016268
vt 0.574978 0.252217
v -0.400508 0.262001 0.681193
vn -0.926032 0.000001 0.377446
vt 0.279013 0.814608
v -0.370508 0.324754 0.775185
vn -0.926031 -0.221858 0.305360
vt 0.225227 0.850518
v -0.400508 0.368017 0.715640
vn -0.926031 -0.221858 0.305360
vt 0.259302 0.875275
v -0.044621 1.101801 -0.493122
vn -0.036230 0.131420 0.990664
vt 0.526522 0.506342
v 0.263843 0.860335 -0.469107
vn 0.024148 0.132050 0.990949
vt 0.551627 0.429314
v 0.044621 1.101801 -0.493122
vn 0.036231 0.131420 0.990664
vt 0.526522 0.484057
v -0.400508 0.100363 0.639081
vn -1.000000 0.000000 0.000000
vt 0.303112 0.722112
v -0.400508 0.155986 0.715640
vn -1.000000 0.000000 0.000000
vt 0.259302 0.753941
v -0.400508 0.262001 0.681193
vn -1.000000 0.000000 -0.000000
vt 0.279013 0.814608
v -0.044621 1.101801 -0.493122
vn -0.036230 0.131420 0.990664
vt 0.526522 0.506342
v -0.263844 0.860334 -0.469107
vn -0.024147 0.132049 0.990949
vt 0.551627 0.561084
v 0.263843 0.860335 -0.469107
vn 0.024148 0.132050 0.990949
vt 0.551627 0.429314
v -0.400508 0.100363 0.639081
vn -1.000000 0.000000 0.000000
vt 0.303112 0.722112
v -0.400508 0.262001 0.681193
vn -1.000000 0.000000 -0.000000
vt 0.279013 0.814608
v -0.400508 0.262001 0.586562
vn -1.000000 0.000000 -0.000000
vt 0.333166 0.814608
v -0.313500 0.654649 -0.441453
vn -0.000000 0.523125 0.852256
vt 0.582019 0.573484
v 0.323528 0.594684 -0.354441
vn -0.000000 0.911434 0.411447
vt 0.595983 0.414410
v 0.313500 0.654649 -0.441453
vn -0.000000 0.523125 0.852256
vt 0.582019 0.416915
v -0.400508 0.000464 0.776579
vn -1.000000 -0.000000 0.000000
vt 0.224429 0.664946
v -0.400508 0.090465 0.805822
vn -1.000000 -0.000000 0.000000
vt 0.207695 0.716447
v -0.400508 0.155986 0.715640
vn -1.000000 0.000000 0.000000
vt 0.259302 0.753941
v -0.313500 0.654649 -0.441453
vn -0.000000 0.523125 0.852256
vt 0.582019 0.573484
v -0.323529 0.594684 -0.354441
vn -0.000000 0.911434 0.411447
vt 0.595983 0.575988
v 0.323528 0.594684 -0.354441
vn -0.000000 0.911434 0.411447
vt 0.595983 0.414410
v -0.400508 0.000464 0.776579
vn -1.000000 -0.000000 0.000000
vt 0.224429 0.664946
v -0.400508 0.155986 0.715640
vn -1.000000 0.000000 0.000000
vt 0.259302 0.753941
v -0.400508 0.100363 0.639081
vn -1.000000 0.000000 0.000000
vt 0.303112 0.722112
v -0.333557 0.572959 -0.267429
vn -0.000000 0.999598 0.028369
vt 0.607690 0.578492
v 0.327711 0.589506 -0.180416
vn -0.000000 0.937157 -0.348908
vt 0.619284 0.413366
v 0.333557 0.572960 -0.267429
vn -0.000000 0.999598 0.028369
vt 0.607690 0.411906
v -0.400508 0.000464 0.946536
vn -0.724617 -0.655422 0.212960
vt 0.127173 0.664946
v -0.400508 0.090465 0.917294
vn -0.981474 0.182218 -0.059206
vt 0.143907 0.716447
v -0.400508 0.090465 0.805822
vn -1.000000 -0.000000 0.000000
vt 0.207695 0.716447
v -0.333557 0.572959 -0.267429
vn -0.000000 0.999598 0.028369
vt 0.607690 0.578492
v -0.327711 0.589506 -0.180416
vn -0.000000 0.937157 -0.348908
vt 0.619284 0.577032
v 0.327711 0.589506 -0.180416
vn -0.000000 0.937157 -0.348908
vt 0.619284 0.413366
v -0.400508 0.000464 0.946536
vn -0.724617 -0.655422 0.212960
vt 0.127173 0.664946
v -0.400508 0.090465 0.805822
vn -1.000000 -0.000000 0.000000
vt 0.207695 0.716447
v -0.400508 0.000464 0.776579
vn -1.000000 -0.000000 0.000000
vt 0.224429 0.664946
v -0.321865 0.639892 -0.093404
vn -0.000000 0.590950 -0.806708
vt 0.632691 0.575572
v 0.270883 0.841016 -0.048732
vn 0.020787 0.222004 -0.974824
vt 0.663332 0.427557
v 0.321864 0.639893 -0.093404
vn -0.000000 0.590950 -0.806708
vt 0.632691 0.414826
v -0.400508 0.100363 1.084034
vn -0.724617 -0.405073 0.557536
vt 0.048490 0.722112
v -0.400508 0.155986 1.007476
vn -0.981474 0.112617 -0.155004
vt 0.092301 0.753941
v -0.400508 0.090465 0.917294
vn -0.981474 0.182218 -0.059206
vt 0.143907 0.716447
v -0.321865 0.639892 -0.093404
vn -0.000000 0.590950 -0.806708
vt 0.632691 0.575572
v -0.270883 0.841016 -0.048732
vn -0.020787 0.222003 -0.974824
vt 0.663332 0.562842
v 0.270883 0.841016 -0.048732
vn 0.020787 0.222004 -0.974824
vt 0.663332 0.427557
v -0.400508 0.100363 1.084034
vn -0.724617 -0.405073 0.557536
vt 0.048490 0.722112
v -0.400508 0.090465 0.917294
vn -0.981474 0.182218 -0.059206
vt 0.143907 0.716447
v -0.400508 0.000464 0.946536
vn -0.724617 -0.655422 0.212960
vt 0.127173 0.664946
v -0.045811 0.992223 -0.021078
vn -0.031193 0.224557 -0.973962
vt 0.682589 0.506639
v -0.190814 0.918988 -0.032140
vn -0.062290 0.268521 -0.961258
vt 0.673541 0.542847
v -0.137434 0.970969 -0.021078
vn -0.062290 0.268521 -0.961258
vt 0.680347 0.529518
v -0.400508 0.262001 1.136554
vn -1.000000 0.000000 0.000000
vt 0.018437 0.814608
v -0.400508 0.262001 1.041922
vn -1.000000 0.000000 0.000000
vt 0.072589 0.814608
v -0.400508 0.155986 1.007476
vn -0.981474 0.112617 -0.155004
vt 0.092301 0.753941
v -0.323529 0.594684 -0.354441
vn -0.993260 0.106851 -0.044917
vt 0.642231 0.309762
v -0.343119 0.448964 -0.262111
vn -0.998423 0.049558 -0.026368
vt 0.605769 0.252217
v -0.333557 0.572959 -0.267429
vn -0.994775 0.099190 -0.024152
vt 0.607869 0.301183
v -0.400508 0.262001 1.136554
vn -1.000000 0.000000 0.000000
vt 0.018437 0.814608
v -0.400508 0.155986 1.007476
vn -0.981474 0.112617 -0.155004
vt 0.092301 0.753941
v -0.400508 0.100363 1.084034
vn -0.724617 -0.405073 0.557536
vt 0.048490 0.722112
v -0.323529 0.594684 -0.354441
vn -0.993260 0.106851 -0.044917
vt 0.642231 0.309762
v -0.340861 0.448964 -0.344935
vn -0.997916 0.053169 -0.036552
vt 0.638477 0.252217
v -0.343119 0.448964 -0.262111
vn -0.998423 0.049558 -0.026368
vt 0.605769 0.252217
v -0.400508 0.423640 1.084034
vn -1.000000 -0.000000 0.000000
vt 0.048491 0.907105
v -0.400508 0.368017 1.007476
vn -1.000000 -0.000000 0.000000
vt 0.092301 0.875275
v -0.400508 0.262001 1.041922
vn -1.000000 0.000000 0.000000
vt 0.072589 0.814608
v -0.340861 0.243279 -0.340082
vn -0.999605 -0.000663 -0.028080
vt 0.636560 0.170990
v -0.338602 0.448964 -0.427760
vn -0.994972 0.055441 -0.083405
vt 0.671185 0.252217
v -0.338602 0.243279 -0.418054
vn -0.996547 -0.002125 -0.083004
vt 0.667352 0.170990
v -0.400508 0.423640 1.084034
vn -1.000000 -0.000000 0.000000
vt 0.048491 0.907105
v -0.400508 0.262001 1.041922
vn -1.000000 0.000000 0.000000
vt 0.072589 0.814608
v -0.400508 0.262001 1.136554
vn -1.000000 0.000000 0.000000
vt 0.018437 0.814608
v -0.340861 0.243279 -0.340082
vn -0.999605 -0.000663 -0.028080
vt 0.636560 0.170990
v -0.340861 0.448964 -0.344935
vn -0.997916 0.053169 -0.036552
vt 0.638477 0.252217
v -0.338602 0.448964 -0.427760
vn -0.994972 0.055441 -0.083405
vt 0.671185 0.252217
v -0.400508 0.523538 0.946536
vn -1.000000 -0.000000 0.000000
vt 0.127173 0.964271
v -0.400508 0.433538 0.917293
vn -1.000000 -0.000000 0.000000
vt 0.143907 0.912769
v -0.400508 0.368017 1.007476
vn -1.000000 -0.000000 0.000000
vt 0.092301 0.875275
v -0.345378 0.243279 -0.184139
vn -0.999581 -0.000000 -0.028954
vt 0.574978 0.170990
v -0.343119 0.448964 -0.262111
vn -0.998423 0.049558 -0.026368
vt 0.605769 0.252217
v -0.343119 0.243279 -0.262111
vn -0.999593 -0.000166 -0.028517
vt 0.605769 0.170990
v -0.400508 0.262001 0.586562
vn -1.000000 0.000000 -0.000000
vt 0.333166 0.814608
v -0.400508 0.368017 0.715640
vn -1.000000 -0.000000 -0.000000
vt 0.259302 0.875275
v -0.400508 0.423640 0.639081
vn -1.000000 -0.000000 -0.000000
vt 0.303112 0.907105
v -0.345378 0.243279 -0.184139
vn -0.999581 -0.000000 -0.028954
vt 0.574978 0.170990
v -0.345378 0.448964 -0.184139
vn -0.998159 0.058427 -0.016268
vt 0.574978 0.252217
v -0.343119 0.448964 -0.262111
vn -0.998423 0.049558 -0.026368
vt 0.605769 0.252217
v -0.228506 0.100363 0.639081
vn -0.000000 -0.587786 -0.809017
vt 0.081464 0.075731
v -0.400508 0.100363 0.639081
vn -0.000000 -0.587786 -0.809017
vt 0.062449 0.075731
v -0.400508 0.262001 0.586562
vn -0.000000 -0.000001 -1.000000
vt 0.062449 0.061016
v -0.327711 0.589506 -0.180416
vn -0.993166 0.116658 -0.003522
vt 0.573507 0.307717
v -0.347636 0.448964 -0.106168
vn -0.997440 0.071254 -0.006061
vt 0.544186 0.252217
v -0.321865 0.639892 -0.093404
vn -0.983445 0.179766 0.022816
vt 0.539146 0.327615
v -0.228506 0.100363 0.639081
vn -0.000000 -0.587786 -0.809017
vt 0.081464 0.075731
v -0.400508 0.262001 0.586562
vn -0.000000 -0.000001 -1.000000
vt 0.062449 0.061016
v -0.228506 0.262001 0.586562
vn -0.000000 -0.000001 -1.000000
vt 0.081464 0.061016
v -0.228506 0.000464 0.776579
vn 0.000000 -0.951057 -0.309017
vt 0.081464 0.084826
v -0.400508 0.100363 0.639081
vn -0.000000 -0.587786 -0.809017
vt 0.062449 0.075731
v -0.400508 0.000464 0.776579
vn 0.000000 -0.951057 -0.309017
vt 0.062449 0.084826
v -0.400508 0.100363 0.639081
vn -0.000000 -0.587786 -0.809017
vt 0.062449 0.075731
v -0.327711 0.589506 -0.180416
vn -0.993166 0.116658 -0.003522
vt 0.573507 0.307717
v -0.345378 0.448964 -0.184139
vn -0.998159 0.058427 -0.016268
vt 0.574978 0.252217
v -0.347636 0.448964 -0.106168
vn -0.997440 0.071254 -0.006061
vt 0.544186 0.252217
v -0.228506 0.523538 0.946536
vn 0.000000 0.951056 0.309017
vt 0.042277 0.098150
v -0.400508 0.523538 0.946536
vn 0.000000 0.951056 0.309017
vt 0.023262 0.098150
v -0.400508 0.423640 1.084034
vn 0.000000 0.587785 0.809017
vt 0.023262 0.085632
v 0.034921 0.639488 1.134111
vn 0.137954 0.630044 0.764207
vt 0.552272 0.912161
v -0.036073 0.700376 1.067746
vn -0.144627 0.884882 0.442794
vt 0.517523 0.941964
v -0.034921 0.639488 1.134111
vn -0.137954 0.630044 0.764207
vt 0.518087 0.912161
v -0.228506 0.523538 0.946536
vn 0.000000 0.951056 0.309017
vt 0.042277 0.098150
v -0.400508 0.423640 1.084034
vn 0.000000 0.587785 0.809017
vt 0.023262 0.085632
v -0.228506 0.423640 1.084034
vn 0.000000 0.587785 0.809017
vt 0.042277 0.085632
v -0.228506 0.523538 0.776579
vn 0.000000 0.951057 -0.309017
vt 0.042277 0.113622
v -0.400508 0.523538 0.946536
vn 0.000000 0.951056 0.309017
vt 0.023262 0.098150
v -0.228506 0.523538 0.776579
vn 0.000000 0.951057 -0.309017
vt 0.042277 0.113622
v -0.400508 0.523538 0.776579
vn 0.000000 0.951057 -0.309017
vt 0.023262 0.113622
v -0.400508 0.523538 0.946536
vn 0.000000 0.951056 0.309017
vt 0.023262 0.098150
v 0.034921 0.639488 1.134111
vn 0.137954 0.630044 0.764207
vt 0.552272 0.912161
v 0.036073 0.700376 1.067746
vn 0.144627 0.884882 0.442794
vt 0.552836 0.941964
v -0.036073 0.700376 1.067746
vn -0.144627 0.884882 0.442794
vt 0.517523 0.941964
v -0.228506 0.423640 0.639081
vn 0.000000 0.587785 -0.809017
vt 0.081464 0.046301
v -0.400508 0.423640 0.639081
vn 0.000000 0.587785 -0.809017
vt 0.062449 0.046301
v -0.400508 0.523538 0.776579
vn 0.000000 0.951057 -0.309017
vt 0.062449 0.037207
v 0.045811 0.858248 0.214269
vn 0.123068 0.927062 0.354134
vt 0.129217 0.549062
v -0.043593 0.815859 0.422144
vn -0.119735 0.972371 0.200393
vt 0.217855 0.498865
v 0.043593 0.815858 0.422144
vn 0.119735 0.972371 0.200393
vt 0.217855 0.547817
v -0.228506 0.423640 0.639081
vn 0.000000 0.587785 -0.809017
vt 0.081464 0.046301
v -0.400508 0.523538 0.776579
vn 0.000000 0.951057 -0.309017
vt 0.062449 0.037207
v -0.228506 0.523538 0.776579
vn 0.000000 0.951057 -0.309017
vt 0.081464 0.037207
v 0.045811 0.858248 0.214269
vn 0.123068 0.927062 0.354134
vt 0.129217 0.549062
v -0.045811 0.858248 0.214269
vn -0.123069 0.927062 0.354134
vt 0.129217 0.497620
v -0.043593 0.815859 0.422144
vn -0.119735 0.972371 0.200393
vt 0.217855 0.498865
v -0.228506 0.262001 0.586562
vn -0.000000 -0.000001 -1.000000
vt 0.081464 0.061016
v -0.400508 0.262001 0.586562
vn -0.000000 -0.000001 -1.000000
vt 0.062449 0.061016
v -0.400508 0.423640 0.639081
vn 0.000000 0.587785 -0.809017
vt 0.062449 0.046301
v 0.044621 1.101801 -0.493122
vn 0.203719 0.949582 -0.238312
vt 0.706082 0.548152
v -0.038542 1.037234 -0.756733
vn -0.177465 0.901322 -0.395127
vt 0.819191 0.591547
v -0.044621 1.101801 -0.493122
vn -0.203719 0.949582 -0.238312
vt 0.706082 0.594719
v -0.228506 0.262001 0.586562
vn -0.000000 -0.000001 -1.000000
vt 0.081464 0.061016
v -0.400508 0.423640 0.639081
vn 0.000000 0.587785 -0.809017
vt 0.062449 0.046301
v -0.228506 0.423640 0.639081
vn 0.000000 0.587785 -0.809017
vt 0.081464 0.046301
v 0.044621 1.101801 -0.493122
vn 0.203719 0.949582 -0.238312
vt 0.706082 0.548152
v 0.038542 1.037233 -0.756733
vn 0.177465 0.901322 -0.395127
vt 0.819191 0.551324
v -0.038542 1.037234 -0.756733
vn -0.177465 0.901322 -0.395127
vt 0.819191 0.591547
v 0.356988 0.464591 0.234876
vn 0.637285 0.251661 0.728378
vt 0.851826 0.081773
v 0.366325 0.341144 0.235382
vn 0.665800 0.053407 0.744217
vt 0.887030 0.081629
v 0.380027 0.342063 0.206710
vn 0.995683 0.075529 0.053945
vt 0.886768 0.089805
v 0.032464 0.870856 -1.008372
vn 0.131799 0.756025 -0.641136
vt 0.927163 0.554495
v -0.034381 0.782512 -1.090363
vn -0.107633 0.633822 -0.765953
vt 0.962343 0.589375
v -0.032464 0.870856 -1.008372
vn -0.131799 0.756025 -0.641136
vt 0.927163 0.588375
v 0.356988 0.464591 0.234876
vn 0.637285 0.251661 0.728378
vt 0.851826 0.081773
v 0.380027 0.342063 0.206710
vn 0.995683 0.075529 0.053945
vt 0.886768 0.089805
v 0.370690 0.465510 0.206205
vn 0.960510 0.273336 0.052039
vt 0.851564 0.089949
v 0.032464 0.870856 -1.008372
vn 0.131799 0.756025 -0.641136
vt 0.927163 0.554495
v 0.034380 0.782512 -1.090363
vn 0.107633 0.633822 -0.765953
vt 0.962343 0.553495
v -0.034381 0.782512 -1.090363
vn -0.107633 0.633822 -0.765953
vt 0.962343 0.589375
v 0.327086 0.462372 0.245439
vn 0.311350 0.213103 0.926093
vt 0.897236 0.037287
v 0.336423 0.338926 0.245945
vn 0.331048 0.028903 0.943171
vt 0.932441 0.039950
v 0.366325 0.341144 0.235382
vn 0.665800 0.053407 0.744217
vt 0.931808 0.048477
v 0.048646 0.656060 -1.174886
vn 0.069168 0.439895 -0.895382
vt 0.900772 0.913662
v -0.052541 0.448965 -1.244367
vn -0.077733 0.164590 -0.983294
vt 0.840608 0.790525
v -0.048646 0.656060 -1.174886
vn -0.069168 0.439895 -0.895382
vt 0.842923 0.913662
v 0.327086 0.462372 0.245439
vn 0.311350 0.213103 0.926093
vt 0.897236 0.037287
v 0.366325 0.341144 0.235382
vn 0.665800 0.053407 0.744217
vt 0.931808 0.048477
v 0.356988 0.464591 0.234876
vn 0.637285 0.251661 0.728378
vt 0.896604 0.045814
v 0.048646 0.656060 -1.174886
vn 0.069168 0.439895 -0.895382
vt 0.900772 0.913662
v 0.052541 0.448965 -1.244367
vn 0.077733 0.164590 -0.983294
vt 0.903088 0.790525
v -0.052541 0.448965 -1.244367
vn -0.077733 0.164590 -0.983294
vt 0.840608 0.790525
v 0.360166 0.464591 0.176221
vn 0.712250 0.251661 -0.655261
vt 0.969916 0.092196
v 0.369503 0.341144 0.176727
vn 0.742309 0.053407 -0.667926
vt 0.934711 0.094858
v 0.340917 0.338926 0.162995
vn 0.431013 0.028904 -0.901883
vt 0.934079 0.086706
v 0.034380 0.782512 -1.090363
vn 0.107633 0.633822 -0.765953
vt 0.892290 0.988849
v -0.040941 0.723300 -1.131304
vn -0.083416 0.575158 -0.813778
vt 0.847505 0.953642
v -0.034381 0.782512 -1.090363
vn -0.107633 0.633822 -0.765953
vt 0.851406 0.988849
v 0.360166 0.464591 0.176221
vn 0.712250 0.251661 -0.655261
vt 0.969916 0.092196
v 0.340917 0.338926 0.162995
vn 0.431013 0.028904 -0.901883
vt 0.934079 0.086706
v 0.331581 0.462372 0.162489
vn 0.409585 0.213104 -0.887033
vt 0.969283 0.084044
v 0.034380 0.782512 -1.090363
vn 0.107633 0.633822 -0.765953
vt 0.892290 0.988849
v 0.040941 0.723300 -1.131304
vn 0.083416 0.575159 -0.813778
vt 0.896191 0.953642
v -0.040941 0.723300 -1.131304
vn -0.083416 0.575158 -0.813778
vt 0.847505 0.953642
v 0.370690 0.465510 0.206205
vn 0.960510 0.273336 0.052039
vt 0.851564 0.089949
v 0.380027 0.342063 0.206710
vn 0.995683 0.075529 0.053945
vt 0.886768 0.089805
v 0.369503 0.341144 0.176727
vn 0.742309 0.053407 -0.667926
vt 0.887030 0.098356
v 0.346596 0.492952 0.225594
vn 0.408774 0.753741 0.514566
vt 0.843738 0.084420
v 0.356988 0.464591 0.234876
vn 0.637285 0.251661 0.728378
vt 0.851826 0.081773
v 0.370690 0.465510 0.206205
vn 0.960510 0.273336 0.052039
vt 0.851564 0.089949
v 0.369503 0.341144 0.176727
vn 0.742309 0.053407 -0.667926
vt 0.887030 0.098356
v 0.360166 0.464591 0.176221
vn 0.712250 0.251661 -0.655261
vt 0.851826 0.098500
v 0.321864 0.639893 -0.093404
vn -0.000000 0.590950 -0.806708
vt 0.632691 0.414826
v -0.327711 0.589506 -0.180416
vn -0.000000 0.937157 -0.348908
vt 0.619284 0.577032
v -0.321865 0.639892 -0.093404
vn -0.000000 0.590950 -0.806708
vt 0.632691 0.575572
v 0.346596 0.492952 0.225594
vn 0.408774 0.753741 0.514566
vt 0.843738 0.084420
v 0.370690 0.465510 0.206205
vn 0.960510 0.273336 0.052039
vt 0.851564 0.089949
v 0.356237 0.493598 0.205422
vn 0.638164 0.769124 0.034576
vt 0.843554 0.090173
v 0.321864 0.639893 -0.093404
vn -0.000000 0.590950 -0.806708
vt 0.632691 0.414826
v 0.327711 0.589506 -0.180416
vn -0.000000 0.937157 -0.348908
vt 0.619284 0.413366
v -0.327711 0.589506 -0.180416
vn -0.000000 0.937157 -0.348908
vt 0.619284 0.577032
v 0.325558 0.491391 0.233026
vn 0.187349 0.709513 0.679332
vt 0.888961 0.036851
v 0.327086 0.462372 0.245439
vn 0.311350 0.213103 0.926093
vt 0.897236 0.037287
v 0.356988 0.464591 0.234876
vn 0.637285 0.251661 0.728378
vt 0.896604 0.045814
v -0.273740 0.243279 1.067746
vn 0.000000 -0.999974 0.007160
vt 0.186723 0.102434
v 0.321742 0.243279 0.534077
vn 0.000000 -1.000000 -0.000000
vt 0.227112 0.045729
v 0.273740 0.243279 1.067746
vn 0.000000 -0.999974 0.007160
vt 0.186723 0.050300
v -0.273740 0.243279 1.067746
vn 0.000000 -0.999974 0.007160
vt 0.186723 0.102434
v -0.321742 0.243279 0.534077
vn 0.000000 -1.000000 -0.000000
vt 0.227112 0.107005
v -0.334689 0.243279 0.356051
vn 0.000000 -1.000000 -0.000001
vt 0.240586 0.108238
v 0.347636 0.243279 0.178025
vn 0.000000 -1.000000 -0.000000
vt 0.254060 0.043264
v 0.334689 0.243279 0.356051
vn 0.000000 -1.000000 -0.000001
vt 0.240586 0.044497
v 0.325558 0.491391 0.233026
vn 0.187349 0.709513 0.679332
vt 0.888961 0.036851
v 0.356988 0.464591 0.234876
vn 0.637285 0.251661 0.728378
vt 0.896604 0.045814
v 0.346596 0.492952 0.225594
vn 0.408774 0.753741 0.514566
vt 0.888516 0.042851
v -0.334689 0.243279 0.356051
vn 0.000000 -1.000000 -0.000001
vt 0.240586 0.108238
v -0.347636 0.243279 0.178025
vn 0.000000 -1.000000 -0.000000
vt 0.254060 0.109471
v 0.347636 0.243279 0.178025
vn 0.000000 -1.000000 -0.000000
vt 0.254060 0.043264
v 0.348832 0.492952 0.184326
vn 0.461976 0.753741 -0.467389
vt 0.978004 0.088963
v 0.360166 0.464591 0.176221
vn 0.712250 0.251661 -0.655261
vt 0.969916 0.092196
v 0.331581 0.462372 0.162489
vn 0.409585 0.213104 -0.887033
vt 0.969283 0.084044
v -0.347636 0.243279 0.178025
vn 0.000000 -1.000000 -0.000000
vt 0.254060 0.109471
v 0.347636 0.243279 -0.106168
vn 0.000000 -1.000000 -0.000000
vt 0.275568 0.043264
v 0.347636 0.243279 0.178025
vn 0.000000 -1.000000 -0.000000
vt 0.254060 0.043264
v 0.348832 0.492952 0.184326
vn 0.461976 0.753741 -0.467389
vt 0.978004 0.088963
v 0.331581 0.462372 0.162489
vn 0.409585 0.213104 -0.887033
vt 0.969283 0.084044
v 0.328720 0.491391 0.174664
vn 0.259649 0.709513 -0.655113
vt 0.977559 0.083228
v -0.347636 0.243279 0.178025
vn 0.000000 -1.000000 -0.000000
vt 0.254060 0.109471
v -0.347636 0.243279 -0.106168
vn 0.000000 -1.000000 -0.000000
vt 0.275568 0.109471
v 0.347636 0.243279 -0.106168
vn 0.000000 -1.000000 -0.000000
vt 0.275568 0.043264
v -0.347636 0.243279 -0.106168
vn 0.000000 -1.000000 -0.000000
vt 0.275568 0.109471
v 0.345378 0.243279 -0.184139
vn 0.000000 -1.000000 -0.000001
vt 0.281469 0.043479
v -0.347636 0.243279 -0.106168
vn 0.000000 -1.000000 -0.000000
vt 0.275568 0.109471
v -0.345378 0.243279 -0.184139
vn 0.000000 -1.000000 -0.000001
vt 0.281469 0.109256
v 0.345378 0.243279 -0.184139
vn 0.000000 -1.000000 -0.000001
vt 0.281469 0.043479
v 0.356237 0.493598 0.205422
vn 0.638164 0.769124 0.034576
vt 0.843554 0.090173
v 0.370690 0.465510 0.206205
vn 0.960510 0.273336 0.052039
vt 0.851564 0.089949
v 0.360166 0.464591 0.176221
vn 0.712250 0.251661 -0.655261
vt 0.851826 0.098500
v -0.345378 0.243279 -0.184139
vn 0.000000 -1.000000 -0.000001
vt 0.281469 0.109256
v 0.343119 0.243279 -0.262111
vn 0.000000 -1.000000 -0.000001
vt 0.287370 0.043694
v 0.345378 0.243279 -0.184139
vn 0.000000 -1.000000 -0.000001
vt 0.281469 0.043479
v 0.356237 0.493598 0.205422
vn 0.638164 0.769124 0.034576
vt 0.843554 0.090173
v 0.360166 0.464591 0.176221
vn 0.712250 0.251661 -0.655261
vt 0.851826 0.098500
v 0.348832 0.492952 0.184326
vn 0.461976 0.753741 -0.467389
vt 0.843738 0.096189
v -0.345378 0.243279 -0.184139
vn 0.000000 -1.000000 -0.000001
vt 0.281469 0.109256
v -0.343119 0.243279 -0.262111
vn 0.000000 -1.000000 -0.000001
vt 0.287370 0.109041
v 0.343119 0.243279 -0.262111
vn 0.000000 -1.000000 -0.000001
vt 0.287370 0.043694
v 0.351956 0.464591 0.318383
vn 0.637285 0.251660 0.728379
vt 0.852360 0.102563
v 0.361292 0.341144 0.318889
vn 0.665799 0.053407 0.744217
vt 0.887564 0.102418
v 0.374995 0.342063 0.290218
vn 0.995683 0.075529 0.053946
vt 0.887302 0.110595
v -0.340861 0.243279 -0.340082
vn 0.000000 -1.000000 -0.000001
vt 0.293271 0.108826
v 0.338602 0.243279 -0.418054
vn 0.000000 -1.000000 -0.000001
vt 0.299173 0.044124
v 0.340861 0.243279 -0.340082
vn 0.000000 -1.000000 -0.000001
vt 0.293272 0.043909
v 0.351956 0.464591 0.318383
vn 0.637285 0.251660 0.728379
vt 0.852360 0.102563
v 0.374995 0.342063 0.290218
vn 0.995683 0.075529 0.053946
vt 0.887302 0.110595
v 0.365658 0.465510 0.289712
vn 0.960510 0.273336 0.052039
vt 0.852098 0.110739
v -0.340861 0.243279 -0.340082
vn 0.000000 -1.000000 -0.000001
vt 0.293271 0.108826
v -0.338602 0.243279 -0.418054
vn 0.000000 -1.000000 -0.000001
vt 0.299173 0.108611
v 0.338602 0.243279 -0.418054
vn 0.000000 -1.000000 -0.000001
vt 0.299173 0.044124
v 0.322054 0.462372 0.328947
vn 0.311350 0.213103 0.926093
vt 0.897237 0.103387
v 0.331391 0.338926 0.329453
vn 0.331048 0.028903 0.943171
vt 0.932441 0.106050
v 0.361292 0.341144 0.318889
vn 0.665799 0.053407 0.744217
vt 0.931808 0.114577
v -0.338602 0.243279 -0.418054
vn 0.000000 -1.000000 -0.000001
vt 0.299173 0.108611
v 0.292476 0.243279 -0.754751
vn 0.000000 -1.000000 -0.000001
vt 0.324655 0.048516
v 0.338602 0.243279 -0.418054
vn 0.000000 -1.000000 -0.000001
vt 0.299173 0.044124
v 0.322054 0.462372 0.328947
vn 0.311350 0.213103 0.926093
vt 0.897237 0.103387
v 0.361292 0.341144 0.318889
vn 0.665799 0.053407 0.744217
vt 0.931808 0.114577
v 0.351956 0.464591 0.318383
vn 0.637285 0.251660 0.728379
vt 0.896604 0.111915
v -0.338602 0.243279 -0.418054
vn 0.000000 -1.000000 -0.000001
vt 0.299173 0.108611
v -0.292476 0.243279 -0.754751
vn 0.000000 -1.000000 -0.000001
vt 0.324655 0.104219
v 0.292476 0.243279 -0.754751
vn 0.000000 -1.000000 -0.000001
vt 0.324655 0.048516
v 0.355134 0.464591 0.259729
vn 0.712250 0.251661 -0.655261
vt 0.969916 0.079402
v 0.364470 0.341144 0.260234
vn 0.742309 0.053407 -0.667926
vt 0.934711 0.082065
v 0.335885 0.338926 0.246502
vn 0.431013 0.028904 -0.901883
vt 0.934079 0.073913
v -0.292476 0.243279 -0.754751
vn 0.000000 -1.000000 -0.000001
vt 0.324655 0.104219
v 0.246350 0.243280 -0.999885
vn 0.000000 -1.000000 -0.000001
vt 0.343207 0.052909
v 0.292476 0.243279 -0.754751
vn 0.000000 -1.000000 -0.000001
vt 0.324655 0.048516
v 0.355134 0.464591 0.259729
vn 0.712250 0.251661 -0.655261
vt 0.969916 0.079402
v 0.335885 0.338926 0.246502
vn 0.431013 0.028904 -0.901883
vt 0.934079 0.073913
v 0.326548 0.462372 0.245996
vn 0.409585 0.213104 -0.887033
vt 0.969283 0.071250
v -0.292476 0.243279 -0.754751
vn 0.000000 -1.000000 -0.000001
vt 0.324655 0.104219
v -0.246350 0.243280 -0.999885
vn 0.000000 -1.000000 -0.000001
vt 0.343207 0.099826
v 0.246350 0.243280 -0.999885
vn 0.000000 -1.000000 -0.000001
vt 0.343207 0.052909
v 0.365658 0.465510 0.289712
vn 0.960510 0.273336 0.052039
vt 0.852098 0.110739
v 0.374995 0.342063 0.290218
vn 0.995683 0.075529 0.053946
vt 0.887302 0.110595
v 0.364470 0.341144 0.260234
vn 0.742309 0.053407 -0.667926
vt 0.887564 0.119145
v -0.246350 0.243280 -0.999885
vn 0.000000 -1.000000 -0.000001
vt 0.343207 0.099826
v -0.052541 0.243280 -1.246617
vn 0.000000 -1.000000 -0.000001
vt 0.361881 0.081371
v 0.052541 0.243280 -1.246617
vn 0.000000 -1.000000 -0.000001
vt 0.361881 0.071364
v 0.365658 0.465510 0.289712
vn 0.960510 0.273336 0.052039
vt 0.852098 0.110739
v 0.364470 0.341144 0.260234
vn 0.742309 0.053407 -0.667926
vt 0.887564 0.119145
v 0.355134 0.464591 0.259729
vn 0.712250 0.251661 -0.655261
vt 0.852360 0.119290
v 0.052889 0.245699 1.236740
vn 0.000000 -0.999898 0.014319
vt 0.173933 0.071331
v -0.273740 0.243279 1.067746
vn 0.000000 -0.999974 0.007160
vt 0.186723 0.102434
v 0.273740 0.243279 1.067746
vn 0.000000 -0.999974 0.007160
vt 0.186723 0.050300
v 0.341564 0.492952 0.309102
vn 0.408774 0.753742 0.514565
vt 0.844272 0.105209
v 0.351956 0.464591 0.318383
vn 0.637285 0.251660 0.728379
vt 0.852360 0.102563
v 0.365658 0.465510 0.289712
vn 0.960510 0.273336 0.052039
vt 0.852098 0.110739
v 0.052889 0.245699 1.236740
vn 0.000000 -0.999898 0.014319
vt 0.173933 0.071331
v -0.052888 0.245699 1.236740
vn 0.000000 -0.999898 0.014319
vt 0.173933 0.081404
v -0.273740 0.243279 1.067746
vn 0.000000 -0.999974 0.007160
vt 0.186723 0.102434
v 0.341564 0.492952 0.309102
vn 0.408774 0.753742 0.514565
vt 0.844272 0.105209
v 0.365658 0.465510 0.289712
vn 0.960510 0.273336 0.052039
vt 0.852098 0.110739
v 0.351204 0.493598 0.288929
vn 0.638164 0.769124 0.034574
vt 0.844088 0.110962
v 0.343119 0.243279 -0.262111
vn 0.000000 -1.000000 -0.000001
vt 0.287370 0.043694
v -0.340861 0.243279 -0.340082
vn 0.000000 -1.000000 -0.000001
vt 0.293271 0.108826
v 0.340861 0.243279 -0.340082
vn 0.000000 -1.000000 -0.000001
vt 0.293272 0.043909
v 0.320525 0.491391 0.316534
vn 0.187349 0.709513 0.679331
vt 0.888961 0.102951
v 0.322054 0.462372 0.328947
vn 0.311350 0.213103 0.926093
vt 0.897237 0.103387
v 0.351956 0.464591 0.318383
vn 0.637285 0.251660 0.728379
vt 0.896604 0.111915
v 0.343119 0.243279 -0.262111
vn 0.000000 -1.000000 -0.000001
vt 0.287370 0.043694
v -0.343119 0.243279 -0.262111
vn 0.000000 -1.000000 -0.000001
vt 0.287370 0.109041
v -0.340861 0.243279 -0.340082
vn 0.000000 -1.000000 -0.000001
vt 0.293271 0.108826
v 0.320525 0.491391 0.316534
vn 0.187349 0.709513 0.679331
vt 0.888961 0.102951
v 0.351956 0.464591 0.318383
vn 0.637285 0.251660 0.728379
vt 0.896604 0.111915
v 0.341564 0.492952 0.309102
vn 0.408774 0.753742 0.514565
vt 0.888516 0.108951
v 0.297890 0.525642 0.534077
vn 0.965676 0.239495 0.100559
vt 0.291350 0.282497
v 0.258020 0.720584 0.376590
vn 0.795174 0.583125 0.166324
vt 0.353542 0.359481
v 0.250706 0.683756 0.534077
vn 0.801426 0.577298 0.156342
vt 0.291350 0.344937
v 0.343799 0.492952 0.267833
vn 0.461976 0.753741 -0.467390
vt 0.978004 0.076170
v 0.355134 0.464591 0.259729
vn 0.712250 0.251661 -0.655261
vt 0.969916 0.079402
v 0.326548 0.462372 0.245996
vn 0.409585 0.213104 -0.887033
vt 0.969283 0.071250
v 0.297890 0.525642 0.534077
vn 0.965676 0.239495 0.100559
vt 0.291350 0.282497
v 0.309877 0.548816 0.356051
vn 0.968192 0.230741 0.096768
vt 0.361653 0.291649
v 0.258020 0.720584 0.376590
vn 0.795174 0.583125 0.166324
vt 0.353542 0.359481
v 0.343799 0.492952 0.267833
vn 0.461976 0.753741 -0.467390
vt 0.978004 0.076170
v 0.326548 0.462372 0.245996
vn 0.409585 0.213104 -0.887033
vt 0.969283 0.071250
v 0.323687 0.491391 0.258172
vn 0.259649 0.709513 -0.655113
vt 0.977559 0.070434
v 0.334689 0.417777 0.356051
vn 0.992368 0.093093 0.080869
vt 0.361653 0.239900
v 0.297890 0.525642 0.534077
vn 0.965676 0.239495 0.100559
vt 0.291350 0.282497
v 0.321742 0.402615 0.534077
vn 0.991990 0.091168 0.087433
vt 0.291350 0.233913
v 0.351204 0.493598 0.288929
vn 0.638164 0.769124 0.034574
vt 0.844088 0.110962
v 0.365658 0.465510 0.289712
vn 0.960510 0.273336 0.052039
vt 0.852098 0.110739
v 0.355134 0.464591 0.259729
vn 0.712250 0.251661 -0.655261
vt 0.852360 0.119290
v 0.334689 0.417777 0.356051
vn 0.992368 0.093093 0.080869
vt 0.361653 0.239900
v 0.309877 0.548816 0.356051
vn 0.968192 0.230741 0.096768
vt 0.361653 0.291649
v 0.297890 0.525642 0.534077
vn 0.965676 0.239495 0.100559
vt 0.291350 0.282497
v 0.321742 0.243279 0.534077
vn 0.996709 0.000000 0.081063
vt 0.291350 0.170990
v 0.334689 0.243279 0.356051
vn 0.997366 0.000000 0.072534
vt 0.361653 0.170990
v 0.321742 0.243279 0.534077
vn 0.996709 0.000000 0.081063
vt 0.291350 0.170990
v 0.334689 0.417777 0.356051
vn 0.992368 0.093093 0.080869
vt 0.361653 0.239900
v 0.321742 0.402615 0.534077
vn 0.991990 0.091168 0.087433
vt 0.291350 0.233913
v 0.351204 0.493598 0.288929
vn 0.638164 0.769124 0.034574
vt 0.844088 0.110962
v 0.355134 0.464591 0.259729
vn 0.712250 0.251661 -0.655261
vt 0.852360 0.119290
v 0.343799 0.492952 0.267833
vn 0.461976 0.753741 -0.467390
vt 0.844272 0.116978
v -0.321742 0.243279 0.534077
vn -0.996709 0.000000 0.081063
vt 0.291350 0.170990
v -0.334689 0.417776 0.356051
vn -0.992368 0.093093 0.080869
vt 0.361653 0.239900
v -0.334689 0.243279 0.356051
vn -0.997366 -0.000000 0.072535
vt 0.361653 0.170990
v 0.345673 0.464591 0.395512
vn 0.637285 0.251660 0.728379
vt 0.852360 0.063649
v 0.355009 0.341144 0.396018
vn 0.665799 0.053407 0.744217
vt 0.887564 0.063504
v 0.368711 0.342063 0.367347
vn 0.995683 0.075529 0.053945
vt 0.887302 0.071681
v -0.321742 0.243279 0.534077
vn -0.996709 0.000000 0.081063
vt 0.291350 0.170990
v -0.321742 0.402615 0.534077
vn -0.991990 0.091168 0.087434
vt 0.291350 0.233913
v -0.334689 0.417776 0.356051
vn -0.992368 0.093093 0.080869
vt 0.361653 0.239900
v 0.345673 0.464591 0.395512
vn 0.637285 0.251660 0.728379
vt 0.852360 0.063649
v 0.368711 0.342063 0.367347
vn 0.995683 0.075529 0.053945
vt 0.887302 0.071681
v 0.359375 0.465509 0.366841
vn 0.960510 0.273336 0.052039
vt 0.852098 0.071825
v -0.309877 0.548816 0.356051
vn -0.968184 0.230772 0.096763
vt 0.361653 0.291649
v -0.321742 0.402615 0.534077
vn -0.991990 0.091168 0.087434
vt 0.291350 0.233913
v -0.297890 0.525642 0.534077
vn -0.965673 0.239515 0.100543
vt 0.291350 0.282497
v 0.315771 0.462372 0.406076
vn 0.311350 0.213103 0.926093
vt 0.942014 0.058077
v 0.325108 0.338926 0.406581
vn 0.331047 0.028903 0.943171
vt 0.977218 0.060739
v 0.355009 0.341144 0.396018
vn 0.665799 0.053407 0.744217
vt 0.976585 0.069266
v -0.309877 0.548816 0.356051
vn -0.968184 0.230772 0.096763
vt 0.361653 0.291649
v -0.334689 0.417776 0.356051
vn -0.992368 0.093093 0.080869
vt 0.361653 0.239900
v -0.321742 0.402615 0.534077
vn -0.991990 0.091168 0.087434
vt 0.291350 0.233913
v 0.315771 0.462372 0.406076
vn 0.311350 0.213103 0.926093
vt 0.942014 0.058077
v 0.355009 0.341144 0.396018
vn 0.665799 0.053407 0.744217
vt 0.976585 0.069266
v 0.345673 0.464591 0.395512
vn 0.637285 0.251660 0.728379
vt 0.941381 0.066604
v -0.297890 0.525642 0.534077
vn -0.965673 0.239515 0.100543
vt 0.291350 0.282497
v -0.257768 0.719314 0.382021
vn -0.795211 0.583088 0.166276
vt 0.351398 0.358979
v -0.309877 0.548816 0.356051
vn -0.968184 0.230772 0.096763
vt 0.361653 0.291649
v -0.297890 0.525642 0.534077
vn -0.965673 0.239515 0.100543
vt 0.291350 0.282497
v -0.250706 0.683756 0.534077
vn -0.801442 0.577299 0.156258
vt 0.291350 0.344937
v -0.181527 0.765362 0.400164
vn -0.536227 0.818266 0.207128
vt 0.344233 0.377164
v -0.170425 0.740702 0.534077
vn -0.571464 0.798617 0.188788
vt 0.291350 0.367426
v -0.181527 0.765362 0.400164
vn -0.536227 0.818266 0.207128
vt 0.344233 0.377164
v -0.257768 0.719314 0.382021
vn -0.795211 0.583088 0.166276
vt 0.351398 0.358979
v 0.228506 0.262001 0.586562
vn -0.000000 -0.000001 -1.000000
vt 0.023262 0.061016
v 0.400508 0.423640 0.639081
vn 0.000000 0.587785 -0.809017
vt 0.042277 0.046301
v 0.400508 0.262001 0.586562
vn -0.000000 -0.000001 -1.000000
vt 0.042277 0.061016
v 0.348850 0.464591 0.336857
vn 0.712250 0.251661 -0.655261
vt 0.922474 0.137506
v 0.358187 0.341144 0.337363
vn 0.742309 0.053407 -0.667926
vt 0.887270 0.140169
v 0.329602 0.338926 0.323631
vn 0.431014 0.028904 -0.901882
vt 0.886637 0.132017
v 0.228506 0.262001 0.586562
vn -0.000000 -0.000001 -1.000000
vt 0.023262 0.061016
v 0.228506 0.423640 0.639081
vn 0.000000 0.587785 -0.809017
vt 0.023262 0.046301
v 0.400508 0.423640 0.639081
vn 0.000000 0.587785 -0.809017
vt 0.042277 0.046301
v 0.348850 0.464591 0.336857
vn 0.712250 0.251661 -0.655261
vt 0.922474 0.137506
v 0.329602 0.338926 0.323631
vn 0.431014 0.028904 -0.901882
vt 0.886637 0.132017
v 0.320265 0.462372 0.323125
vn 0.409586 0.213103 -0.887033
vt 0.921841 0.129354
v 0.228506 0.423640 0.639081
vn 0.000000 0.587785 -0.809017
vt 0.023262 0.046301
v 0.400508 0.523538 0.776579
vn 0.000000 0.951057 -0.309017
vt 0.042277 0.037207
v 0.400508 0.423640 0.639081
vn 0.000000 0.587785 -0.809017
vt 0.042277 0.046301
v 0.359375 0.465509 0.366841
vn 0.960510 0.273336 0.052039
vt 0.852098 0.071825
v 0.368711 0.342063 0.367347
vn 0.995683 0.075529 0.053945
vt 0.887302 0.071681
v 0.358187 0.341144 0.337363
vn 0.742309 0.053407 -0.667926
vt 0.887564 0.080231
v 0.228506 0.423640 0.639081
vn 0.000000 0.587785 -0.809017
vt 0.023262 0.046301
v 0.228506 0.523538 0.776579
vn 0.000000 0.951057 -0.309017
vt 0.023262 0.037207
v 0.400508 0.523538 0.776579
vn 0.000000 0.951057 -0.309017
vt 0.042277 0.037207
v 0.359375 0.465509 0.366841
vn 0.960510 0.273336 0.052039
vt 0.852098 0.071825
v 0.358187 0.341144 0.337363
vn 0.742309 0.053407 -0.667926
vt 0.887564 0.080231
v 0.348850 0.464591 0.336857
vn 0.712250 0.251661 -0.655261
vt 0.852360 0.080376
v 0.228506 0.523538 0.776579
vn 0.000000 0.951057 -0.309017
vt 0.042855 0.113622
v 0.400508 0.523538 0.946536
vn 0.000000 0.951056 0.309017
vt 0.061871 0.098150
v 0.400508 0.523538 0.776579
vn 0.000000 0.951057 -0.309017
vt 0.061871 0.113622
v 0.228506 0.523538 0.776579
vn 0.000000 0.951057 -0.309017
vt 0.042855 0.113622
v 0.228506 0.523538 0.946536
vn 0.000000 0.951056 0.309017
vt 0.042855 0.098150
v 0.228506 0.523538 0.946536
vn 0.000000 0.951056 0.309017
vt 0.042855 0.098150
v 0.400508 0.423640 1.084034
vn 0.000000 0.587785 0.809017
vt 0.061871 0.085632
v 0.400508 0.523538 0.946536
vn 0.000000 0.951056 0.309017
vt 0.061871 0.098150
v 0.335280 0.492952 0.386230
vn 0.408774 0.753742 0.514565
vt 0.844272 0.066296
v 0.345673 0.464591 0.395512
vn 0.637285 0.251660 0.728379
vt 0.852360 0.063649
v 0.359375 0.465509 0.366841
vn 0.960510 0.273336 0.052039
vt 0.852098 0.071825
v 0.228506 0.523538 0.946536
vn 0.000000 0.951056 0.309017
vt 0.042855 0.098150
v 0.228506 0.423640 1.084034
vn 0.000000 0.587785 0.809017
vt 0.042855 0.085632
v 0.400508 0.423640 1.084034
vn 0.000000 0.587785 0.809017
vt 0.061871 0.085632
v 0.335280 0.492952 0.386230
vn 0.408774 0.753742 0.514565
vt 0.844272 0.066296
v 0.359375 0.465509 0.366841
vn 0.960510 0.273336 0.052039
vt 0.852098 0.071825
v 0.344921 0.493598 0.366058
vn 0.638164 0.769124 0.034575
vt 0.844087 0.072048
v 0.228506 0.000464 0.946536
vn 0.000000 -0.951057 0.309017
vt 0.042051 0.129882
v 0.400508 0.000464 0.776579
vn -0.000000 -0.951057 -0.309017
vt 0.023262 0.114223
v 0.400508 0.000464 0.946536
vn 0.000000 -0.951057 0.309017
vt 0.042051 0.114223
v 0.228506 0.000464 0.776579
vn -0.000000 -0.951057 -0.309017
vt 0.023262 0.129882
v 0.400508 0.000464 0.776579
vn -0.000000 -0.951057 -0.309017
vt 0.023262 0.114223
v 0.228506 0.000464 0.776579
vn -0.000000 -0.951057 -0.309017
vt 0.023262 0.084826
v 0.400508 0.100363 0.639081
vn -0.000000 -0.587786 -0.809017
vt 0.042277 0.075731
v 0.400508 0.000464 0.776579
vn -0.000000 -0.951057 -0.309017
vt 0.042277 0.084826
v 0.314242 0.491391 0.393663
vn 0.187350 0.709514 0.679330
vt 0.933738 0.057641
v 0.315771 0.462372 0.406076
vn 0.311350 0.213103 0.926093
vt 0.942014 0.058077
v 0.345673 0.464591 0.395512
vn 0.637285 0.251660 0.728379
vt 0.941381 0.066604
v 0.228506 0.000464 0.776579
vn -0.000000 -0.951057 -0.309017
vt 0.023262 0.084826
v 0.228506 0.100363 0.639081
vn -0.000000 -0.587786 -0.809017
vt 0.023262 0.075731
v 0.400508 0.100363 0.639081
vn -0.000000 -0.587786 -0.809017
vt 0.042277 0.075731
v 0.228506 0.262001 0.586562
vn -0.000000 -0.000001 -1.000000
vt 0.023262 0.061016
v 0.400508 0.262001 0.586562
vn -0.000000 -0.000001 -1.000000
vt 0.042277 0.061016
v 0.228506 0.100363 0.639081
vn -0.000000 -0.587786 -0.809017
vt 0.023262 0.075731
v 0.400508 0.100363 0.639081
vn -0.000000 -0.587786 -0.809017
vt 0.042277 0.075731
v 0.314242 0.491391 0.393663
vn 0.187350 0.709514 0.679330
vt 0.933738 0.057641
v 0.345673 0.464591 0.395512
vn 0.637285 0.251660 0.728379
vt 0.941381 0.066604
v 0.335280 0.492952 0.386230
vn 0.408774 0.753742 0.514565
vt 0.933293 0.063640
v 0.400508 0.523538 0.946536
vn 1.000000 0.000000 0.000000
vt 0.127173 0.964271
v 0.400508 0.423640 1.084034
vn 1.000000 0.000000 0.000000
vt 0.048491 0.907105
v 0.400508 0.368017 1.007475
vn 1.000000 0.000000 0.000000
vt 0.092301 0.875275
v 0.337516 0.492952 0.344962
vn 0.461976 0.753742 -0.467388
vt 0.930562 0.134274
v 0.348850 0.464591 0.336857
vn 0.712250 0.251661 -0.655261
vt 0.922474 0.137506
v 0.320265 0.462372 0.323125
vn 0.409586 0.213103 -0.887033
vt 0.921841 0.129354
v 0.400508 0.423640 1.084034
vn 1.000000 0.000000 0.000000
vt 0.048491 0.907105
v 0.400508 0.262001 1.041922
vn 1.000000 0.000000 -0.000000
vt 0.072589 0.814608
v 0.400508 0.368017 1.007475
vn 1.000000 0.000000 0.000000
vt 0.092301 0.875275
v 0.337516 0.492952 0.344962
vn 0.461976 0.753742 -0.467388
vt 0.930562 0.134274
v 0.320265 0.462372 0.323125
vn 0.409586 0.213103 -0.887033
vt 0.921841 0.129354
v 0.317404 0.491391 0.335300
vn 0.259650 0.709515 -0.655111
vt 0.930117 0.128539
v 0.400508 0.423640 1.084034
vn 1.000000 0.000000 0.000000
vt 0.048491 0.907105
v 0.400508 0.262001 1.136554
vn 1.000000 0.000000 -0.000000
vt 0.018437 0.814608
v 0.400508 0.262001 1.041922
vn 1.000000 0.000000 -0.000000
vt 0.072589 0.814608
v 0.344921 0.493598 0.366058
vn 0.638164 0.769124 0.034575
vt 0.844087 0.072048
v 0.359375 0.465509 0.366841
vn 0.960510 0.273336 0.052039
vt 0.852098 0.071825
v 0.348850 0.464591 0.336857
vn 0.712250 0.251661 -0.655261
vt 0.852360 0.080376
v 0.400508 0.262001 1.136554
vn 1.000000 0.000000 -0.000000
vt 0.018437 0.814608
v 0.400508 0.155986 1.007476
vn 1.000000 0.000000 -0.000000
vt 0.092301 0.753941
v 0.400508 0.262001 1.041922
vn 1.000000 0.000000 -0.000000
vt 0.072589 0.814608
v 0.344921 0.493598 0.366058
vn 0.638164 0.769124 0.034575
vt 0.844087 0.072048
v 0.348850 0.464591 0.336857
vn 0.712250 0.251661 -0.655261
vt 0.852360 0.080376
v 0.337516 0.492952 0.344962
vn 0.461976 0.753742 -0.467388
vt 0.844272 0.078064
v 0.400508 0.262001 1.136554
vn 1.000000 0.000000 -0.000000
vt 0.018437 0.814608
v 0.400508 0.100363 1.084034
vn 1.000000 0.000000 -0.000000
vt 0.048491 0.722112
v 0.400508 0.155986 1.007476
vn 1.000000 0.000000 -0.000000
vt 0.092301 0.753941
v 0.341359 0.464591 0.476472
vn 0.637285 0.251660 0.728378
vt 0.855558 0.045524
v 0.350696 0.341144 0.476978
vn 0.665800 0.053407 0.744216
vt 0.890762 0.045380
v 0.364398 0.342063 0.448307
vn 0.995683 0.075529 0.053946
vt 0.890500 0.053556
v 0.400508 0.100363 1.084034
vn 1.000000 0.000000 -0.000000
vt 0.048491 0.722112
v 0.400508 0.090465 0.917294
vn 1.000000 0.000000 -0.000000
vt 0.143907 0.716447
v 0.400508 0.155986 1.007476
vn 1.000000 0.000000 -0.000000
vt 0.092301 0.753941
v 0.341359 0.464591 0.476472
vn 0.637285 0.251660 0.728378
vt 0.855558 0.045524
v 0.364398 0.342063 0.448307
vn 0.995683 0.075529 0.053946
vt 0.890500 0.053556
v 0.355061 0.465509 0.447801
vn 0.960510 0.273336 0.052040
vt 0.855296 0.053701
v 0.400508 0.100363 1.084034
vn 1.000000 0.000000 -0.000000
vt 0.048491 0.722112
v 0.400508 0.000464 0.946536
vn 1.000000 0.000000 -0.000000
vt 0.127173 0.664946
v 0.400508 0.090465 0.917294
vn 1.000000 0.000000 -0.000000
vt 0.143907 0.716447
v 0.311457 0.462372 0.487035
vn 0.311352 0.213103 0.926092
vt 0.942013 0.047415
v 0.320794 0.338926 0.487541
vn 0.331050 0.028904 0.943170
vt 0.977218 0.050078
v 0.350696 0.341144 0.476978
vn 0.665800 0.053407 0.744216
vt 0.976585 0.058605
v 0.400508 0.000464 0.946536
vn 1.000000 0.000000 -0.000000
vt 0.127173 0.664946
v 0.400508 0.090465 0.805822
vn 1.000000 -0.000000 0.000000
vt 0.207695 0.716447
v 0.400508 0.090465 0.917294
vn 1.000000 0.000000 -0.000000
vt 0.143907 0.716447
v 0.311457 0.462372 0.487035
vn 0.311352 0.213103 0.926092
vt 0.942013 0.047415
v 0.350696 0.341144 0.476978
vn 0.665800 0.053407 0.744216
vt 0.976585 0.058605
v 0.341359 0.464591 0.476472
vn 0.637285 0.251660 0.728378
vt 0.941381 0.055943
v 0.400508 0.000464 0.946536
vn 1.000000 0.000000 -0.000000
vt 0.127173 0.664946
v 0.400508 0.000464 0.776579
vn 1.000000 -0.000000 0.000000
vt 0.224429 0.664946
v 0.400508 0.090465 0.805822
vn 1.000000 -0.000000 0.000000
vt 0.207695 0.716447
v 0.400508 0.100363 0.639081
vn 1.000000 -0.000000 0.000000
vt 0.303112 0.722112
v 0.400508 0.155986 0.715640
vn 1.000000 -0.000000 0.000000
vt 0.259302 0.753941
v 0.400508 0.000464 0.776579
vn 1.000000 -0.000000 0.000000
vt 0.224429 0.664946
v 0.400508 0.090465 0.805822
vn 1.000000 -0.000000 0.000000
vt 0.207695 0.716447
v 0.344537 0.464591 0.417817
vn 0.712250 0.251660 -0.655261
vt 0.969916 0.043687
v 0.353874 0.341144 0.418323
vn 0.742309 0.053407 -0.667926
vt 0.934712 0.046349
v 0.325288 0.338926 0.404591
vn 0.431014 0.028904 -0.901882
vt 0.934079 0.038197
v 0.400508 0.100363 0.639081
vn 1.000000 -0.000000 0.000000
vt 0.303112 0.722112
v 0.400508 0.262001 0.681193
vn 1.000000 -0.000000 0.000000
vt 0.279014 0.814608
v 0.400508 0.155986 0.715640
vn 1.000000 -0.000000 0.000000
vt 0.259302 0.753941
v 0.344537 0.464591 0.417817
vn 0.712250 0.251660 -0.655261
vt 0.969916 0.043687
v 0.325288 0.338926 0.404591
vn 0.431014 0.028904 -0.901882
vt 0.934079 0.038197
v 0.315952 0.462372 0.404085
vn 0.409586 0.213103 -0.887033
vt 0.969283 0.035535
v 0.400508 0.100363 0.639081
vn 1.000000 -0.000000 0.000000
vt 0.303112 0.722112
v 0.400508 0.262001 0.586562
vn 1.000000 -0.000000 0.000000
vt 0.333166 0.814608
v 0.400508 0.262001 0.681193
vn 1.000000 -0.000000 0.000000
vt 0.279014 0.814608
v 0.355061 0.465509 0.447801
vn 0.960510 0.273336 0.052040
vt 0.855296 0.053701
v 0.364398 0.342063 0.448307
vn 0.995683 0.075529 0.053946
vt 0.890500 0.053556
v 0.353874 0.341144 0.418323
vn 0.742309 0.053407 -0.667926
vt 0.890762 0.062107
v 0.400508 0.262001 0.681193
vn 0.926032 0.000000 0.377446
vt 0.279014 0.814608
v 0.370508 0.324755 0.775185
vn 0.926032 -0.221857 0.305360
vt 0.225227 0.850518
v 0.370508 0.262001 0.754796
vn 0.926032 0.000000 0.377446
vt 0.236895 0.814608
v 0.355061 0.465509 0.447801
vn 0.960510 0.273336 0.052040
vt 0.855296 0.053701
v 0.353874 0.341144 0.418323
vn 0.742309 0.053407 -0.667926
vt 0.890762 0.062107
v 0.344537 0.464591 0.417817
vn 0.712250 0.251660 -0.655261
vt 0.855558 0.062251
v 0.400508 0.262001 0.681193
vn 0.926032 0.000000 0.377446
vt 0.279014 0.814608
v 0.400508 0.368017 0.715640
vn 0.926032 -0.221857 0.305360
vt 0.259302 0.875275
v 0.370508 0.324755 0.775185
vn 0.926032 -0.221857 0.305360
vt 0.225227 0.850518
v 0.330967 0.492952 0.467190
vn 0.408775 0.753741 0.514565
vt 0.847470 0.048171
v 0.341359 0.464591 0.476472
vn 0.637285 0.251660 0.728378
vt 0.855558 0.045524
v 0.355061 0.465509 0.447801
vn 0.960510 0.273336 0.052040
vt 0.855296 0.053701
v 0.400508 0.368017 0.715640
vn 0.926032 -0.221857 0.305360
vt 0.259302 0.875275
v 0.370508 0.363538 0.828566
vn 0.926031 -0.358973 0.116637
vt 0.194680 0.872712
v 0.370508 0.324755 0.775185
vn 0.926032 -0.221857 0.305360
vt 0.225227 0.850518
v 0.330967 0.492952 0.467190
vn 0.408775 0.753741 0.514565
vt 0.847470 0.048171
v 0.355061 0.465509 0.447801
vn 0.960510 0.273336 0.052040
vt 0.855296 0.053701
v 0.340607 0.493598 0.447018
vn 0.638163 0.769124 0.034575
vt 0.847286 0.053924
v 0.400508 0.368017 0.715640
vn 0.926032 -0.221857 0.305360
vt 0.259302 0.875275
v 0.400508 0.433538 0.805822
vn 0.926031 -0.358973 0.116637
vt 0.207696 0.912769
v 0.370508 0.363538 0.828566
vn 0.926031 -0.358973 0.116637
vt 0.194680 0.872712
v 0.309929 0.491391 0.474622
vn 0.187352 0.709514 0.679330
vt 0.933738 0.046979
v 0.311457 0.462372 0.487035
vn 0.311352 0.213103 0.926092
vt 0.942013 0.047415
v 0.341359 0.464591 0.476472
vn 0.637285 0.251660 0.728378
vt 0.941381 0.055943
v 0.400508 0.433538 0.805822
vn 0.926031 -0.358973 0.116637
vt 0.207696 0.912769
v 0.370508 0.363538 0.894549
vn 0.926031 -0.358973 -0.116638
vt 0.156922 0.872712
v 0.370508 0.363538 0.828566
vn 0.926031 -0.358973 0.116637
vt 0.194680 0.872712
v 0.309929 0.491391 0.474622
vn 0.187352 0.709514 0.679330
vt 0.933738 0.046979
v 0.341359 0.464591 0.476472
vn 0.637285 0.251660 0.728378
vt 0.941381 0.055943
v 0.330967 0.492952 0.467190
vn 0.408775 0.753741 0.514565
vt 0.933293 0.052979
v 0.400508 0.433538 0.805822
vn 0.926031 -0.358973 0.116637
vt 0.207696 0.912769
v 0.400508 0.433538 0.917293
vn 0.926031 -0.358973 -0.116638
vt 0.143907 0.912769
v 0.370508 0.363538 0.894549
vn 0.926031 -0.358973 -0.116638
vt 0.156922 0.872712
v 0.333203 0.492952 0.425922
vn 0.461977 0.753741 -0.467389
vt 0.978004 0.040454
v 0.344537 0.464591 0.417817
vn 0.712250 0.251660 -0.655261
vt 0.969916 0.043687
v 0.315952 0.462372 0.404085
vn 0.409586 0.213103 -0.887033
vt 0.969283 0.035535
v 0.400508 0.433538 0.917293
vn 0.926031 -0.358973 -0.116638
vt 0.143907 0.912769
v 0.370508 0.324755 0.947930
vn 0.926031 -0.221858 -0.305361
vt 0.126375 0.850518
v 0.370508 0.363538 0.894549
vn 0.926031 -0.358973 -0.116638
vt 0.156922 0.872712
v 0.333203 0.492952 0.425922
vn 0.461977 0.753741 -0.467389
vt 0.978004 0.040454
v 0.315952 0.462372 0.404085
vn 0.409586 0.213103 -0.887033
vt 0.969283 0.035535
v 0.313091 0.491391 0.416260
vn 0.259652 0.709513 -0.655112
vt 0.977559 0.034719
v 0.400508 0.433538 0.917293
vn 0.926031 -0.358973 -0.116638
vt 0.143907 0.912769
v 0.400508 0.368017 1.007475
vn 0.926031 -0.221858 -0.305361
vt 0.092301 0.875275
v 0.370508 0.324755 0.947930
vn 0.926031 -0.221858 -0.305361
vt 0.126375 0.850518
v 0.340607 0.493598 0.447018
vn 0.638163 0.769124 0.034575
vt 0.847286 0.053924
v 0.355061 0.465509 0.447801
vn 0.960510 0.273336 0.052040
vt 0.855296 0.053701
v 0.344537 0.464591 0.417817
vn 0.712250 0.251660 -0.655261
vt 0.855558 0.062251
v 0.400508 0.368017 1.007475
vn 0.926031 -0.221858 -0.305361
vt 0.092301 0.875275
v 0.370508 0.262001 0.968320
vn 0.926031 -0.000001 -0.377447
vt 0.114707 0.814608
v 0.370508 0.324755 0.947930
vn 0.926031 -0.221858 -0.305361
vt 0.126375 0.850518
v 0.340607 0.493598 0.447018
vn 0.638163 0.769124 0.034575
vt 0.847286 0.053924
v 0.344537 0.464591 0.417817
vn 0.712250 0.251660 -0.655261
vt 0.855558 0.062251
v 0.333203 0.492952 0.425922
vn 0.461977 0.753741 -0.467389
vt 0.847470 0.059940
v 0.400508 0.368017 1.007475
vn 0.926031 -0.221858 -0.305361
vt 0.092301 0.875275
v 0.400508 0.262001 1.041922
vn 0.926031 -0.000001 -0.377447
vt 0.072589 0.814608
v 0.370508 0.262001 0.968320
vn 0.926031 -0.000001 -0.377447
vt 0.114707 0.814608
v 0.370508 0.199249 -0.827499
vn 0.724618 -0.405072 -0.557536
vt 0.225331 0.778699
v 0.370508 0.262002 -0.847889
vn 0.724618 0.000001 -0.689150
vt 0.236999 0.814609
v 0.400508 0.262002 -0.816345
vn 0.930408 0.000001 -0.366525
vt 0.218948 0.814609
v 0.400508 0.262001 1.041922
vn 0.926031 -0.000001 -0.377447
vt 0.072589 0.814608
v 0.370508 0.199248 0.947930
vn 0.926032 0.221857 -0.305361
vt 0.126375 0.778698
v 0.370508 0.262001 0.968320
vn 0.926031 -0.000001 -0.377447
vt 0.114707 0.814608
v 0.370508 0.199249 -0.827499
vn 0.724618 -0.405072 -0.557536
vt 0.225331 0.778699
v 0.400508 0.262002 -0.816345
vn 0.930408 0.000001 -0.366525
vt 0.218948 0.814609
v 0.400508 0.217790 -0.801980
vn 0.930408 -0.215438 -0.296525
vt 0.210728 0.789309
v 0.400508 0.262001 1.041922
vn 0.926031 -0.000001 -0.377447
vt 0.072589 0.814608
v 0.400508 0.155986 1.007476
vn 0.926032 0.221857 -0.305361
vt 0.092301 0.753941
v 0.370508 0.199248 0.947930
vn 0.926032 0.221857 -0.305361
vt 0.126375 0.778698
v 0.370508 0.160466 -0.774118
vn 0.724617 -0.655422 -0.212960
vt 0.194784 0.756505
v 0.370508 0.199249 -0.827499
vn 0.724618 -0.405072 -0.557536
vt 0.225331 0.778699
v 0.400508 0.217790 -0.801980
vn 0.930408 -0.215438 -0.296525
vt 0.210728 0.789309
v 0.400508 0.155986 1.007476
vn 0.926032 0.221857 -0.305361
vt 0.092301 0.753941
v 0.370508 0.160465 0.894549
vn 0.926032 0.358972 -0.116637
vt 0.156922 0.756505
v 0.370508 0.199248 0.947930
vn 0.926032 0.221857 -0.305361
vt 0.126375 0.778698
v 0.370508 0.160466 -0.774118
vn 0.724617 -0.655422 -0.212960
vt 0.194784 0.756505
v 0.400508 0.217790 -0.801980
vn 0.930408 -0.215438 -0.296525
vt 0.210728 0.789309
v 0.400508 0.190466 -0.764371
vn 0.930408 -0.348586 -0.113263
vt 0.189206 0.773672
v 0.400508 0.155986 1.007476
vn 0.926032 0.221857 -0.305361
vt 0.092301 0.753941
v 0.400508 0.090465 0.917294
vn 0.926032 0.358972 -0.116637
vt 0.143907 0.716447
v 0.370508 0.160465 0.894549
vn 0.926032 0.358972 -0.116637
vt 0.156922 0.756505
v 0.370508 0.160465 -0.708136
vn 0.724617 -0.655422 0.212959
vt 0.157026 0.756505
v 0.370508 0.160466 -0.774118
vn 0.724617 -0.655422 -0.212960
vt 0.194784 0.756505
v 0.400508 0.190466 -0.764371
vn 0.930408 -0.348586 -0.113263
vt 0.189206 0.773672
v 0.370508 0.199249 -0.654755
vn 0.724618 -0.405073 0.557534
vt 0.126479 0.778698
v 0.400508 0.190465 -0.717883
vn 0.930408 -0.348586 0.113262
vt 0.162604 0.773672
v 0.370508 0.160465 -0.708136
vn 0.724617 -0.655422 0.212959
vt 0.157026 0.756505
v 0.400508 0.190466 -0.764371
vn 0.930408 -0.348586 -0.113263
vt 0.189206 0.773672
v 0.400508 0.190465 -0.717883
vn 0.930408 -0.348586 0.113262
vt 0.162604 0.773672
v 0.400508 0.090465 0.917294
vn 0.926032 0.358972 -0.116637
vt 0.143907 0.716447
v 0.370508 0.160465 0.828567
vn 0.926032 0.358972 0.116637
vt 0.194680 0.756504
v 0.370508 0.160465 0.894549
vn 0.926032 0.358972 -0.116637
vt 0.156922 0.756505
v 0.370508 0.199249 -0.654755
vn 0.724618 -0.405073 0.557534
vt 0.126479 0.778698
v 0.400508 0.190465 -0.717883
vn 0.930408 -0.348586 0.113262
vt 0.162604 0.773672
v 0.400508 0.217790 -0.680274
vn 0.930408 -0.215438 0.296525
vt 0.141083 0.789309
v 0.400508 0.090465 0.917294
vn 0.926032 0.358972 -0.116637
vt 0.143907 0.716447
v 0.400508 0.090465 0.805822
vn 0.926032 0.358972 0.116637
vt 0.207695 0.716447
v 0.370508 0.160465 0.828567
vn 0.926032 0.358972 0.116637
vt 0.194680 0.756504
v 0.370508 0.262002 -0.634365
vn 0.724619 -0.000001 0.689150
vt 0.114811 0.814608
v 0.370508 0.199249 -0.654755
vn 0.724618 -0.405073 0.557534
vt 0.126479 0.778698
v 0.400508 0.217790 -0.680274
vn 0.930408 -0.215438 0.296525
vt 0.141083 0.789309
v 0.400508 0.090465 0.805822
vn 0.926032 0.358972 0.116637
vt 0.207695 0.716447
v 0.370508 0.199248 0.775185
vn 0.926032 0.221857 0.305360
vt 0.225227 0.778698
v 0.370508 0.160465 0.828567
vn 0.926032 0.358972 0.116637
vt 0.194680 0.756504
v 0.370508 0.262002 -0.634365
vn 0.724619 -0.000001 0.689150
vt 0.114811 0.814608
v 0.400508 0.217790 -0.680274
vn 0.930408 -0.215438 0.296525
vt 0.141083 0.789309
v 0.400508 0.262002 -0.665909
vn 0.930408 -0.000000 0.366525
vt 0.132862 0.814608
v 0.400508 0.090465 0.805822
vn 0.926032 0.358972 0.116637
vt 0.207695 0.716447
v 0.400508 0.155986 0.715640
vn 0.926032 0.221857 0.305360
vt 0.259302 0.753941
v 0.370508 0.199248 0.775185
vn 0.926032 0.221857 0.305360
vt 0.225227 0.778698
v 0.370508 0.324755 -0.654755
vn 0.724618 0.405072 0.557535
vt 0.126479 0.850519
v 0.370508 0.262002 -0.634365
vn 0.724619 -0.000001 0.689150
vt 0.114811 0.814608
v 0.400508 0.262002 -0.665909
vn 0.930408 -0.000000 0.366525
vt 0.132862 0.814608
v 0.400508 0.155986 0.715640
vn 0.926032 0.221857 0.305360
vt 0.259302 0.753941
v 0.370508 0.262001 0.754796
vn 0.926032 0.000000 0.377446
vt 0.236895 0.814608
v 0.370508 0.199248 0.775185
vn 0.926032 0.221857 0.305360
vt 0.225227 0.778698
v 0.370508 0.324755 -0.654755
vn 0.724618 0.405072 0.557535
vt 0.126479 0.850519
v 0.400508 0.262002 -0.665909
vn 0.930408 -0.000000 0.366525
vt 0.132862 0.814608
v 0.400508 0.306214 -0.680274
vn 0.930408 0.215438 0.296525
vt 0.141082 0.839909
v 0.400508 0.155986 0.715640
vn 0.926032 0.221857 0.305360
vt 0.259302 0.753941
v 0.400508 0.262001 0.681193
vn 0.926032 0.000000 0.377446
vt 0.279014 0.814608
v 0.370508 0.262001 0.754796
vn 0.926032 0.000000 0.377446
vt 0.236895 0.814608
v 0.370508 0.363539 -0.708136
vn 0.724617 0.655422 0.212960
vt 0.157026 0.872712
v 0.370508 0.324755 -0.654755
vn 0.724618 0.405072 0.557535
vt 0.126479 0.850519
v 0.400508 0.306214 -0.680274
vn 0.930408 0.215438 0.296525
vt 0.141082 0.839909
v 0.370508 0.262001 0.754796
vn 0.724618 -0.000000 -0.689151
vt 0.236895 0.814608
v 0.400508 0.306214 0.800705
vn 0.930408 0.215438 -0.296525
vt 0.210624 0.839908
v 0.400508 0.262001 0.786340
vn 0.930408 -0.000000 -0.366525
vt 0.218844 0.814608
v 0.370508 0.363539 -0.708136
vn 0.724617 0.655422 0.212960
vt 0.157026 0.872712
v 0.400508 0.306214 -0.680274
vn 0.930408 0.215438 0.296525
vt 0.141082 0.839909
v 0.400508 0.333539 -0.717883
vn 0.930408 0.348586 0.113263
vt 0.162604 0.855545
v 0.370508 0.262001 0.754796
vn 0.724618 -0.000000 -0.689151
vt 0.236895 0.814608
v 0.370508 0.324755 0.775185
vn 0.724618 0.405073 -0.557535
vt 0.225227 0.850518
v 0.400508 0.306214 0.800705
vn 0.930408 0.215438 -0.296525
vt 0.210624 0.839908
v 0.370508 0.363539 -0.774118
vn 0.724617 0.655423 -0.212958
vt 0.194784 0.872712
v 0.370508 0.363539 -0.708136
vn 0.724617 0.655422 0.212960
vt 0.157026 0.872712
v 0.400508 0.333539 -0.717883
vn 0.930408 0.348586 0.113263
vt 0.162604 0.855545
v 0.370508 0.324755 0.775185
vn 0.724618 0.405073 -0.557535
vt 0.225227 0.850518
v 0.400508 0.333538 0.838314
vn 0.930408 0.348586 -0.113262
vt 0.189102 0.855545
v 0.400508 0.306214 0.800705
vn 0.930408 0.215438 -0.296525
vt 0.210624 0.839908
v 0.370508 0.363539 -0.774118
vn 0.724617 0.655423 -0.212958
vt 0.194784 0.872712
v 0.400508 0.333539 -0.717883
vn 0.930408 0.348586 0.113263
vt 0.162604 0.855545
v 0.400508 0.333539 -0.764371
vn 0.930408 0.348587 -0.113262
vt 0.189206 0.855545
v 0.370508 0.324755 0.775185
vn 0.724618 0.405073 -0.557535
vt 0.225227 0.850518
v 0.370508 0.363538 0.828566
vn 0.724617 0.655422 -0.212959
vt 0.194680 0.872712
v 0.400508 0.333538 0.838314
vn 0.930408 0.348586 -0.113262
vt 0.189102 0.855545
v 0.370508 0.324755 -0.827499
vn 0.724618 0.405073 -0.557534
vt 0.225331 0.850519
v 0.370508 0.363539 -0.774118
vn 0.724617 0.655423 -0.212958
vt 0.194784 0.872712
v 0.400508 0.333539 -0.764371
vn 0.930408 0.348587 -0.113262
vt 0.189206 0.855545
v 0.370508 0.363538 0.828566
vn 0.724617 0.655422 -0.212959
vt 0.194680 0.872712
v 0.400508 0.333538 0.884801
vn 0.930408 0.348586 0.113262
vt 0.162500 0.855544
v 0.400508 0.333538 0.838314
vn 0.930408 0.348586 -0.113262
vt 0.189102 0.855545
v 0.370508 0.324755 -0.827499
vn 0.724618 0.405073 -0.557534
vt 0.225331 0.850519
v 0.400508 0.333539 -0.764371
vn 0.930408 0.348587 -0.113262
vt 0.189206 0.855545
v 0.400508 0.306214 -0.801980
vn 0.930408 0.215438 -0.296524
vt 0.210728 0.839909
v 0.370508 0.363538 0.828566
vn 0.724617 0.655422 -0.212959
vt 0.194680 0.872712
v 0.370508 0.363538 0.894549
vn 0.724617 0.655422 0.212959
vt 0.156922 0.872712
v 0.400508 0.333538 0.884801
vn 0.930408 0.348586 0.113262
vt 0.162500 0.855544
v 0.370508 0.262002 -0.847889
vn 0.724618 0.000001 -0.689150
vt 0.236999 0.814609
v 0.370508 0.324755 -0.827499
vn 0.724618 0.405073 -0.557534
vt 0.225331 0.850519
v 0.400508 0.306214 -0.801980
vn 0.930408 0.215438 -0.296524
vt 0.210728 0.839909
v 0.370508 0.363538 0.894549
vn 0.724617 0.655422 0.212959
vt 0.156922 0.872712
v 0.400508 0.306213 0.922410
vn 0.930408 0.215438 0.296524
vt 0.140979 0.839908
v 0.400508 0.333538 0.884801
vn 0.930408 0.348586 0.113262
vt 0.162500 0.855544
v 0.370508 0.262002 -0.847889
vn 0.724618 0.000001 -0.689150
vt 0.236999 0.814609
v 0.400508 0.306214 -0.801980
vn 0.930408 0.215438 -0.296524
vt 0.210728 0.839909
v 0.400508 0.262002 -0.816345
vn 0.930408 0.000001 -0.366525
vt 0.218948 0.814609
v 0.370508 0.363538 0.894549
vn 0.724617 0.655422 0.212959
vt 0.156922 0.872712
v 0.370508 0.324755 0.947930
vn 0.724618 0.405073 0.557534
vt 0.126375 0.850518
v 0.400508 0.306213 0.922410
vn 0.930408 0.215438 0.296524
vt 0.140979 0.839908
v 0.370508 0.262001 0.968320
vn 0.724619 0.000000 0.689150
vt 0.114707 0.814608
v 0.400508 0.262001 0.936776
vn 0.930409 0.000000 0.366524
vt 0.132758 0.814608
v 0.370508 0.324755 0.947930
vn 0.724618 0.405073 0.557534
vt 0.126375 0.850518
v 0.400508 0.306213 0.922410
vn 0.930408 0.215438 0.296524
vt 0.140979 0.839908
v 0.370508 0.199248 0.947930
vn 0.724618 -0.405073 0.557535
vt 0.126375 0.778698
v 0.400508 0.217789 0.922411
vn 0.930408 -0.215438 0.296525
vt 0.140979 0.789308
v 0.370508 0.262001 0.968320
vn 0.724619 0.000000 0.689150
vt 0.114707 0.814608
v 0.400508 0.262001 0.936776
vn 0.930409 0.000000 0.366524
vt 0.132758 0.814608
v 0.370508 0.160465 0.894549
vn 0.724617 -0.655422 0.212960
vt 0.156922 0.756505
v 0.400508 0.190465 0.884802
vn 0.930408 -0.348586 0.113263
vt 0.162500 0.773672
v 0.370508 0.199248 0.947930
vn 0.724618 -0.405073 0.557535
vt 0.126375 0.778698
v 0.400508 0.217789 0.922411
vn 0.930408 -0.215438 0.296525
vt 0.140979 0.789308
v 0.370508 0.160465 0.828567
vn 0.724617 -0.655422 -0.212959
vt 0.194680 0.756504
v 0.400508 0.190465 0.838314
vn 0.930408 -0.348586 -0.113262
vt 0.189102 0.773672
v 0.370508 0.160465 0.894549
vn 0.724617 -0.655422 0.212960
vt 0.156922 0.756505
v 0.400508 0.190465 0.884802
vn 0.930408 -0.348586 0.113263
vt 0.162500 0.773672
v 0.370508 0.199248 0.775185
vn 0.724617 -0.405073 -0.557535
vt 0.225227 0.778698
v 0.400508 0.217789 0.800705
vn 0.930408 -0.215438 -0.296525
vt 0.210624 0.789308
v 0.370508 0.160465 0.828567
vn 0.724617 -0.655422 -0.212959
vt 0.194680 0.756504
v 0.400508 0.190465 0.838314
vn 0.930408 -0.348586 -0.113262
vt 0.189102 0.773672
v 0.370508 0.262001 0.754796
vn 0.724618 -0.000000 -0.689151
vt 0.236895 0.814608
v 0.400508 0.262001 0.786340
vn 0.930408 -0.000000 -0.366525
vt 0.218844 0.814608
v 0.370508 0.199248 0.775185
vn 0.724617 -0.405073 -0.557535
vt 0.225227 0.778698
v 0.400508 0.217789 0.800705
vn 0.930408 -0.215438 -0.296525
vt 0.210624 0.789308
v 0.400508 0.155987 -0.887045
vn 0.926032 0.221857 0.305360
vt 0.259406 0.753942
v 0.400508 0.262002 -0.921491
vn 0.926032 -0.000000 0.377446
vt 0.279117 0.814609
v 0.370508 0.262002 -0.847889
vn 0.926032 -0.000000 0.377446
vt 0.236999 0.814609
v 0.228506 0.262003 -1.016123
vn 0.000000 0.000002 -1.000000
vt 0.042855 0.061016
v 0.400508 0.423641 -0.963603
vn 0.000000 0.587787 -0.809016
vt 0.061871 0.046301
v 0.400508 0.262003 -1.016123
vn 0.000000 0.000002 -1.000000
vt 0.061871 0.061016
v 0.400508 0.155987 -0.887045
vn 0.926032 0.221857 0.305360
vt 0.259406 0.753942
v 0.370508 0.262002 -0.847889
vn 0.926032 -0.000000 0.377446
vt 0.236999 0.814609
v 0.370508 0.199249 -0.827499
vn 0.926032 0.221857 0.305360
vt 0.225331 0.778699
v 0.228506 0.262003 -1.016123
vn 0.000000 0.000002 -1.000000
vt 0.042855 0.061016
v 0.228506 0.423641 -0.963603
vn 0.000000 0.587787 -0.809016
vt 0.042855 0.046301
v 0.400508 0.423641 -0.963603
vn 0.000000 0.587787 -0.809016
vt 0.061871 0.046301
v 0.400508 0.090466 -0.796863
vn 0.926032 0.358972 0.116638
vt 0.207799 0.716448
v 0.400508 0.155987 -0.887045
vn 0.926032 0.221857 0.305360
vt 0.259406 0.753942
v 0.370508 0.199249 -0.827499
vn 0.926032 0.221857 0.305360
vt 0.225331 0.778699
v 0.228506 0.423641 -0.963603
vn 0.000000 0.587787 -0.809016
vt 0.042855 0.046301
v 0.400508 0.523539 -0.826105
vn -0.000000 0.951057 -0.309016
vt 0.061871 0.037207
v 0.400508 0.423641 -0.963603
vn 0.000000 0.587787 -0.809016
vt 0.061871 0.046301
v 0.400508 0.090466 -0.796863
vn 0.926032 0.358972 0.116638
vt 0.207799 0.716448
v 0.370508 0.199249 -0.827499
vn 0.926032 0.221857 0.305360
vt 0.225331 0.778699
v 0.370508 0.160466 -0.774118
vn 0.926032 0.358972 0.116638
vt 0.194784 0.756505
v 0.228506 0.423641 -0.963603
vn 0.000000 0.587787 -0.809016
vt 0.042855 0.046301
v 0.228506 0.523539 -0.826105
vn -0.000000 0.951057 -0.309016
vt 0.042855 0.037207
v 0.400508 0.523539 -0.826105
vn -0.000000 0.951057 -0.309016
vt 0.061871 0.037207
v 0.400508 0.090465 -0.685392
vn 0.926032 0.358973 -0.116637
vt 0.144011 0.716448
v 0.400508 0.090466 -0.796863
vn 0.926032 0.358972 0.116638
vt 0.207799 0.716448
v 0.370508 0.160466 -0.774118
vn 0.926032 0.358972 0.116638
vt 0.194784 0.756505
v 0.228506 0.523539 -0.826105
vn -0.000000 0.951057 -0.309016
vt 0.062449 0.113542
v 0.400508 0.523539 -0.656148
vn -0.000000 0.951056 0.309018
vt 0.081464 0.098069
v 0.400508 0.523539 -0.826105
vn -0.000000 0.951057 -0.309016
vt 0.081464 0.113542
v 0.228506 0.523539 -0.826105
vn -0.000000 0.951057 -0.309016
vt 0.062449 0.113542
v 0.228506 0.523539 -0.656148
vn -0.000000 0.951056 0.309018
vt 0.062449 0.098069
v 0.228506 0.523539 -0.656148
vn -0.000000 0.951056 0.309018
vt 0.062449 0.098069
v 0.400508 0.423640 -0.518650
vn -0.000000 0.587784 0.809018
vt 0.081464 0.085552
v 0.400508 0.523539 -0.656148
vn -0.000000 0.951056 0.309018
vt 0.081464 0.098069
v 0.400508 0.090465 -0.685392
vn 0.926032 0.358973 -0.116637
vt 0.144011 0.716448
v 0.370508 0.160466 -0.774118
vn 0.926032 0.358972 0.116638
vt 0.194784 0.756505
v 0.370508 0.160465 -0.708136
vn 0.926032 0.358973 -0.116637
vt 0.157026 0.756505
v 0.228506 0.523539 -0.656148
vn -0.000000 0.951056 0.309018
vt 0.062449 0.098069
v 0.228506 0.423640 -0.518650
vn -0.000000 0.587784 0.809018
vt 0.062449 0.085552
v 0.400508 0.423640 -0.518650
vn -0.000000 0.587784 0.809018
vt 0.081464 0.085552
v 0.400508 0.155986 -0.595209
vn 0.926031 0.221858 -0.305360
vt 0.092405 0.753942
v 0.400508 0.090465 -0.685392
vn 0.926032 0.358973 -0.116637
vt 0.144011 0.716448
v 0.370508 0.160465 -0.708136
vn 0.926032 0.358973 -0.116637
vt 0.157026 0.756505
v 0.228506 0.100363 -0.518651
vn 0.000000 -0.587786 0.809016
vt 0.101870 0.085457
v 0.400508 0.000465 -0.656149
vn 0.000000 -0.951057 0.309016
vt 0.120885 0.076363
v 0.400508 0.100363 -0.518651
vn 0.000000 -0.587786 0.809016
vt 0.120885 0.085457
v 0.228506 0.000465 -0.656149
vn 0.000000 -0.951057 0.309016
vt 0.101870 0.076363
v 0.400508 0.000465 -0.656149
vn 0.000000 -0.951057 0.309016
vt 0.120885 0.076363
v 0.228506 0.000465 -0.656149
vn 0.000000 -0.951057 0.309016
vt 0.081005 0.129577
v 0.400508 0.000466 -0.826106
vn 0.000000 -0.951056 -0.309018
vt 0.062216 0.113919
v 0.400508 0.000465 -0.656149
vn 0.000000 -0.951057 0.309016
vt 0.081005 0.113919
v 0.228506 0.000465 -0.656149
vn 0.000000 -0.951057 0.309016
vt 0.081005 0.129577
v 0.228506 0.000466 -0.826106
vn 0.000000 -0.951056 -0.309018
vt 0.062216 0.129577
v 0.400508 0.523539 -0.656148
vn 1.000000 -0.000000 0.000000
vt 0.127277 0.964271
v 0.400508 0.368017 -0.595209
vn 1.000000 0.000000 0.000000
vt 0.092404 0.875275
v 0.400508 0.433539 -0.685391
vn 1.000000 -0.000000 0.000000
vt 0.144011 0.912769
v 0.400508 0.155986 -0.595209
vn 0.926031 0.221858 -0.305360
vt 0.092405 0.753942
v 0.370508 0.160465 -0.708136
vn 0.926032 0.358973 -0.116637
vt 0.157026 0.756505
v 0.370508 0.199249 -0.654755
vn 0.926031 0.221858 -0.305360
vt 0.126479 0.778698
v 0.400508 0.523539 -0.656148
vn 1.000000 -0.000000 0.000000
vt 0.127277 0.964271
v 0.400508 0.423640 -0.518650
vn 1.000000 0.000000 0.000000
vt 0.048594 0.907105
v 0.400508 0.368017 -0.595209
vn 1.000000 0.000000 0.000000
vt 0.092404 0.875275
v 0.400508 0.262002 -0.560763
vn 0.926031 0.000000 -0.377446
vt 0.072693 0.814608
v 0.400508 0.155986 -0.595209
vn 0.926031 0.221858 -0.305360
vt 0.092405 0.753942
v 0.370508 0.199249 -0.654755
vn 0.926031 0.221858 -0.305360
vt 0.126479 0.778698
v 0.400508 0.423640 -0.518650
vn 1.000000 0.000000 0.000000
vt 0.048594 0.907105
v 0.400508 0.262002 -0.560763
vn 1.000000 0.000001 0.000000
vt 0.072693 0.814608
v 0.400508 0.368017 -0.595209
vn 1.000000 0.000000 0.000000
vt 0.092404 0.875275
v 0.400508 0.262002 -0.560763
vn 0.926031 0.000000 -0.377446
vt 0.072693 0.814608
v 0.370508 0.199249 -0.654755
vn 0.926031 0.221858 -0.305360
vt 0.126479 0.778698
v 0.370508 0.262002 -0.634365
vn 0.926031 0.000000 -0.377446
vt 0.114811 0.814608
v 0.400508 0.423640 -0.518650
vn 1.000000 0.000000 0.000000
vt 0.048594 0.907105
v 0.400508 0.262002 -0.466131
vn 1.000000 0.000001 0.000000
vt 0.018540 0.814608
v 0.400508 0.262002 -0.560763
vn 1.000000 0.000001 0.000000
vt 0.072693 0.814608
v 0.400508 0.368017 -0.595209
vn 0.926032 -0.221857 -0.305361
vt 0.092404 0.875275
v 0.400508 0.262002 -0.560763
vn 0.926031 0.000000 -0.377446
vt 0.072693 0.814608
v 0.370508 0.262002 -0.634365
vn 0.926031 0.000000 -0.377446
vt 0.114811 0.814608
v 0.400508 0.262002 -0.466131
vn 1.000000 0.000001 0.000000
vt 0.018540 0.814608
v 0.400508 0.155986 -0.595209
vn 1.000000 0.000000 0.000000
vt 0.092405 0.753942
v 0.400508 0.262002 -0.560763
vn 1.000000 0.000001 0.000000
vt 0.072693 0.814608
v 0.400508 0.368017 -0.595209
vn 0.926032 -0.221857 -0.305361
vt 0.092404 0.875275
v 0.370508 0.262002 -0.634365
vn 0.926031 0.000000 -0.377446
vt 0.114811 0.814608
v 0.370508 0.324755 -0.654755
vn 0.926032 -0.221857 -0.305361
vt 0.126479 0.850519
v 0.400508 0.262002 -0.466131
vn 1.000000 0.000001 0.000000
vt 0.018540 0.814608
v 0.400508 0.100363 -0.518651
vn 1.000000 0.000000 0.000000
vt 0.048595 0.722112
v 0.400508 0.155986 -0.595209
vn 1.000000 0.000000 0.000000
vt 0.092405 0.753942
v 0.400508 0.433539 -0.685391
vn 0.926031 -0.358973 -0.116638
vt 0.144011 0.912769
v 0.400508 0.368017 -0.595209
vn 0.926032 -0.221857 -0.305361
vt 0.092404 0.875275
v 0.370508 0.324755 -0.654755
vn 0.926032 -0.221857 -0.305361
vt 0.126479 0.850519
v 0.400508 0.100363 -0.518651
vn 1.000000 0.000000 0.000000
vt 0.048595 0.722112
v 0.400508 0.090465 -0.685392
vn 1.000000 0.000000 0.000000
vt 0.144011 0.716448
v 0.400508 0.155986 -0.595209
vn 1.000000 0.000000 0.000000
vt 0.092405 0.753942
v 0.400508 0.433539 -0.685391
vn 0.926031 -0.358973 -0.116638
vt 0.144011 0.912769
v 0.370508 0.324755 -0.654755
vn 0.926032 -0.221857 -0.305361
vt 0.126479 0.850519
v 0.370508 0.363539 -0.708136
vn 0.926031 -0.358973 -0.116638
vt 0.157026 0.872712
v 0.400508 0.100363 -0.518651
vn 1.000000 0.000000 0.000000
vt 0.048595 0.722112
v 0.400508 0.000465 -0.656149
vn 1.000000 0.000000 0.000000
vt 0.127277 0.664946
v 0.400508 0.090465 -0.685392
vn 1.000000 0.000000 0.000000
vt 0.144011 0.716448
v 0.400508 0.433539 -0.796862
vn 0.926031 -0.358973 0.116637
vt 0.207799 0.912769
v 0.400508 0.433539 -0.685391
vn 0.926031 -0.358973 -0.116638
vt 0.144011 0.912769
v 0.370508 0.363539 -0.708136
vn 0.926031 -0.358973 -0.116638
vt 0.157026 0.872712
v 0.400508 0.000465 -0.656149
vn 1.000000 0.000000 0.000000
vt 0.127277 0.664946
v 0.400508 0.090466 -0.796863
vn 1.000000 0.000000 0.000000
vt 0.207799 0.716448
v 0.400508 0.090465 -0.685392
vn 1.000000 0.000000 0.000000
vt 0.144011 0.716448
v 0.400508 0.433539 -0.796862
vn 0.926031 -0.358973 0.116637
vt 0.207799 0.912769
v 0.370508 0.363539 -0.708136
vn 0.926031 -0.358973 -0.116638
vt 0.157026 0.872712
v 0.370508 0.363539 -0.774118
vn 0.926031 -0.358973 0.116637
vt 0.194784 0.872712
v 0.400508 0.000465 -0.656149
vn 1.000000 0.000000 0.000000
vt 0.127277 0.664946
v 0.400508 0.000466 -0.826106
vn 1.000000 0.000000 0.000000
vt 0.224534 0.664946
v 0.400508 0.090466 -0.796863
vn 1.000000 0.000000 0.000000
vt 0.207799 0.716448
v 0.400508 0.100364 -0.963604
vn 1.000000 0.000000 0.000000
vt 0.303216 0.722112
v 0.400508 0.155987 -0.887045
vn 1.000000 0.000000 0.000000
vt 0.259406 0.753942
v 0.400508 0.000466 -0.826106
vn 1.000000 0.000000 0.000000
vt 0.224534 0.664946
v 0.400508 0.090466 -0.796863
vn 1.000000 0.000000 0.000000
vt 0.207799 0.716448
v 0.400508 0.368018 -0.887045
vn 0.926031 -0.221858 0.305361
vt 0.259405 0.875275
v 0.400508 0.433539 -0.796862
vn 0.926031 -0.358973 0.116637
vt 0.207799 0.912769
v 0.370508 0.363539 -0.774118
vn 0.926031 -0.358973 0.116637
vt 0.194784 0.872712
v 0.400508 0.100364 -0.963604
vn 1.000000 0.000000 0.000000
vt 0.303216 0.722112
v 0.400508 0.262002 -0.921491
vn 1.000000 -0.000000 0.000000
vt 0.279117 0.814609
v 0.400508 0.155987 -0.887045
vn 1.000000 0.000000 0.000000
vt 0.259406 0.753942
v 0.400508 0.368018 -0.887045
vn 0.926031 -0.221858 0.305361
vt 0.259405 0.875275
v 0.370508 0.363539 -0.774118
vn 0.926031 -0.358973 0.116637
vt 0.194784 0.872712
v 0.370508 0.324755 -0.827499
vn 0.926031 -0.221858 0.305361
vt 0.225331 0.850519
v 0.400508 0.100364 -0.963604
vn 1.000000 0.000000 0.000000
vt 0.303216 0.722112
v 0.400508 0.262003 -1.016123
vn 1.000000 -0.000000 0.000000
vt 0.333270 0.814609
v 0.400508 0.262002 -0.921491
vn 1.000000 -0.000000 0.000000
vt 0.279117 0.814609
v 0.400508 0.262002 -0.921491
vn 0.926032 -0.000000 0.377446
vt 0.279117 0.814609
v 0.400508 0.368018 -0.887045
vn 0.926031 -0.221858 0.305361
vt 0.259405 0.875275
v 0.370508 0.324755 -0.827499
vn 0.926031 -0.221858 0.305361
vt 0.225331 0.850519
v 0.400508 0.262002 -0.921491
vn 0.926032 -0.000000 0.377446
vt 0.279117 0.814609
v 0.370508 0.324755 -0.827499
vn 0.926031 -0.221858 0.305361
vt 0.225331 0.850519
v 0.370508 0.262002 -0.847889
vn 0.926032 -0.000000 0.377446
vt 0.236999 0.814609
g Rennwagen_Low_part_0
# Submesh 0: 937 triangles
f 1/1/1 2/2/2 3/3/3
f 4/4/4 5/5/5 6/6/6
f 4/4/4 6/6/6 7/7/7
f 8/8/8 9/9/9 10/10/10
f 8/8/8 10/10/10 11/11/11
f 12/12/12 13/13/13 14/14/14
f 12/12/12 14/14/14 15/15/15
f 16/16/16 17/17/17 18/18/18
f 16/16/16 18/18/18 19/19/19
f 20/20/20 21/21/21 17/17/17
f 22/22/22 19/19/19 23/23/23
f 24/24/24 25/25/25 21/21/21
f 26/26/26 23/23/23 27/27/27
f 28/28/28 21/21/21 29/29/29
f 30/30/30 19/19/19 31/31/31
f 32/32/32 33/33/33 34/34/34
f 32/32/32 34/34/34 35/35/35
f 36/36/36 32/32/32 35/35/35
f 36/36/36 35/35/35 37/37/37
f 38/38/38 36/36/36 37/37/37
f 38/38/38 37/37/37 39/39/39
f 40/40/40 41/41/41 42/42/42
f 41/41/41 43/43/43 42/42/42
f 41/41/41 44/44/44 43/43/43
f 41/41/41 45/45/45 44/44/44
f 41/41/41 46/46/46 45/45/45
f 47/47/47 46/46/46 41/41/41
f 47/47/47 41/41/41 48/48/48
f 48/48/48 41/41/41 49/49/49
f 49/49/49 41/41/41 50/50/50
f 50/50/50 41/41/41 40/40/40
f 51/51/51 52/52/52 53/53/53
f 52/52/52 54/54/54 53/53/53
f 52/52/52 55/55/55 54/54/54
f 52/52/52 56/56/56 55/55/55
f 52/52/52 57/57/57 56/56/56
f 58/58/58 57/57/57 52/52/52
f 58/58/58 52/52/52 59/59/59
f 59/59/59 52/52/52 60/60/60
f 60/60/60 52/52/52 61/61/61
f 61/61/61 52/52/52 51/51/51
f 62/62/62 63/63/63 64/64/64
f 63/63/63 65/65/65 64/64/64
f 63/63/63 66/66/66 65/65/65
f 63/63/63 67/67/67 66/66/66
f 63/63/63 68/68/68 67/67/67
f 69/69/69 68/68/68 63/63/63
f 69/69/69 63/63/63 70/70/70
f 70/70/70 63/63/63 71/71/71
f 71/71/71 63/63/63 72/72/72
f 72/72/72 63/63/63 62/62/62
f 73/73/73 74/74/74 75/75/75
f 76/76/76 77/77/77 78/78/78
f 79/79/79 76/76/76 78/78/78
f 79/79/79 78/78/78 80/80/80
f 81/81/81 79/79/79 80/80/80
f 81/81/81 80/80/80 82/82/82
f 83/83/83 81/81/81 82/82/82
f 83/83/83 82/82/82 84/84/84
f 85/85/85 86/86/86 87/87/87
f 88/88/88 89/89/89 90/90/90
f 88/88/88 90/90/90 91/91/91
f 92/92/92 88/88/88 91/91/91
f 92/92/92 91/91/91 93/93/93
f 94/94/94 95/95/95 96/96/96
f 97/97/97 98/98/98 96/96/96
f 99/99/99 100/100/100 101/101/101
f 102/102/102 103/103/103 104/104/104
f 102/102/102 104/104/104 105/105/105
f 106/106/106 102/102/102 105/105/105
f 106/106/106 105/105/105 107/107/107
f 108/108/108 109/109/109 110/110/110
f 111/111/111 109/109/109 112/112/112
f 113/113/113 114/114/114 115/115/115
f 116/116/116 117/117/117 118/118/118
f 116/116/116 118/118/118 119/119/119
f 117/117/117 120/120/120 121/121/121
f 117/117/117 121/121/121 118/118/118
f 122/122/122 123/123/123 121/121/121
f 122/122/122 124/124/124 125/125/125
f 126/126/126 127/127/127 128/128/128
f 126/126/126 128/128/128 129/129/129
f 129/129/129 128/128/128 130/130/130
f 129/129/129 130/130/130 131/131/131
f 131/131/131 130/130/130 132/132/132
f 131/131/131 132/132/132 133/133/133
f 134/134/134 135/135/135 136/136/136
f 134/134/134 136/136/136 137/137/137
f 138/138/138 139/139/139 140/140/140
f 138/138/138 140/140/140 141/141/141
f 141/141/141 142/142/142 143/143/143
f 144/144/144 145/145/145 138/138/138
f 146/146/146 147/147/147 139/139/139
f 148/148/148 149/149/149 147/147/147
f 150/150/150 151/151/151 152/152/152
f 150/150/150 152/152/152 153/153/153
f 153/153/153 154/154/154 155/155/155
f 156/156/156 157/157/157 158/158/158
f 159/159/159 160/160/160 158/158/158
f 161/161/161 162/162/162 163/163/163
f 164/164/164 165/165/165 166/166/166
f 164/164/164 166/166/166 167/167/167
f 168/168/168 169/169/169 170/170/170
f 171/171/171 168/168/168 170/170/170
f 171/171/171 170/170/170 172/172/172
f 173/173/173 171/171/171 172/172/172
f 173/173/173 172/172/172 174/174/174
f 175/175/175 176/176/176 177/177/177
f 178/178/178 179/179/179 180/180/180
f 178/178/178 180/180/180 181/181/181
f 182/182/182 183/183/183 184/184/184
f 182/182/182 184/184/184 185/185/185
f 186/186/186 185/185/185 187/187/187
f 188/188/188 189/189/189 190/190/190
f 191/191/191 192/192/192 193/193/193
f 191/191/191 193/193/193 194/194/194
f 195/195/195 196/196/196 197/197/197
f 195/195/195 197/197/197 198/198/198
f 199/199/199 200/200/200 201/201/201
f 199/199/199 201/201/201 202/202/202
f 203/203/203 204/204/204 205/205/205
f 203/203/203 205/205/205 206/206/206
f 207/207/207 208/208/208 209/209/209
f 207/207/207 209/209/209 210/210/210
f 210/210/210 209/209/209 211/211/211
f 210/210/210 211/211/211 212/212/212
f 213/213/213 214/214/214 215/215/215
f 216/216/216 213/213/213 215/215/215
f 217/217/217 213/213/213 216/216/216
f 218/218/218 213/213/213 217/217/217
f 219/219/219 213/213/213 218/218/218
f 220/220/220 213/213/213 219/219/219
f 220/220/220 221/221/221 213/213/213
f 213/213/213 221/221/221 222/222/222
f 213/213/213 222/222/222 223/223/223
f 213/213/213 223/223/223 214/214/214
f 224/224/224 225/225/225 226/226/226
f 227/227/227 224/224/224 226/226/226
f 228/228/228 224/224/224 227/227/227
f 229/229/229 224/224/224 228/228/228
f 230/230/230 224/224/224 229/229/229
f 231/231/231 224/224/224 230/230/230
f 231/231/231 232/232/232 224/224/224
f 224/224/224 232/232/232 233/233/233
f 224/224/224 233/233/233 234/234/234
f 224/224/224 234/234/234 225/225/225
f 235/235/235 236/236/236 237/237/237
f 235/235/235 237/237/237 238/238/238
f 235/235/235 238/238/238 239/239/239
f 235/235/235 239/239/239 240/240/240
f 241/241/241 242/242/242 243/243/243
f 244/244/244 245/245/245 246/246/246
f 244/244/244 246/246/246 247/247/247
f 244/244/244 247/247/247 248/248/248
f 244/244/244 248/248/248 249/249/249
f 250/250/250 251/251/251 252/252/252
f 253/253/253 254/254/254 255/255/255
f 253/253/253 255/255/255 256/256/256
f 253/253/253 256/256/256 257/257/257
f 253/253/253 257/257/257 258/258/258
f 259/259/259 260/260/260 261/261/261
f 262/262/262 263/263/263 264/264/264
f 262/262/262 264/264/264 265/265/265
f 262/262/262 265/265/265 266/266/266
f 262/262/262 266/266/266 267/267/267
f 268/268/268 269/269/269 270/270/270
f 271/271/271 272/272/272 273/273/273
f 272/272/272 274/274/274 273/273/273
f 272/272/272 275/275/275 274/274/274
f 272/272/272 276/276/276 275/275/275
f 272/272/272 277/277/277 276/276/276
f 278/278/278 277/277/277 272/272/272
f 278/278/278 272/272/272 279/279/279
f 279/279/279 272/272/272 280/280/280
f 280/280/280 272/272/272 281/281/281
f 281/281/281 272/272/272 271/271/271
f 282/282/282 283/283/283 284/284/284
f 283/283/283 285/285/285 284/284/284
f 283/283/283 286/286/286 285/285/285
f 283/283/283 287/287/287 286/286/286
f 283/283/283 288/288/288 287/287/287
f 289/289/289 288/288/288 283/283/283
f 289/289/289 283/283/283 290/290/290
f 290/290/290 283/283/283 291/291/291
f 291/291/291 283/283/283 292/292/292
f 292/292/292 283/283/283 282/282/282
f 293/293/293 294/294/294 295/295/295
f 294/294/294 296/296/296 295/295/295
f 294/294/294 297/297/297 296/296/296
f 294/294/294 298/298/298 297/297/297
f 294/294/294 299/299/299 298/298/298
f 300/300/300 299/299/299 294/294/294
f 300/300/300 294/294/294 301/301/301
f 301/301/301 294/294/294 302/302/302
f 302/302/302 294/294/294 303/303/303
f 303/303/303 294/294/294 293/293/293
f 304/304/304 305/305/305 306/306/306
f 304/304/304 306/306/306 307/307/307
f 304/304/304 307/307/307 308/308/308
f 304/304/304 308/308/308 309/309/309
f 310/310/310 311/311/311 312/312/312
f 313/313/313 314/314/314 315/315/315
f 313/313/313 315/315/315 316/316/316
f 313/313/313 316/316/316 317/317/317
f 313/313/313 317/317/317 318/318/318
f 319/319/319 320/320/320 321/321/321
f 322/322/322 323/323/323 324/324/324
f 322/322/322 324/324/324 325/325/325
f 322/322/322 325/325/325 326/326/326
f 322/322/322 326/326/326 327/327/327
f 328/328/328 329/329/329 330/330/330
f 331/331/331 332/332/332 333/333/333
f 331/331/331 333/333/333 334/334/334
f 331/331/331 334/334/334 335/335/335
f 331/331/331 335/335/335 336/336/336
f 337/337/337 338/338/338 339/339/339
f 340/340/340 341/341/341 342/342/342
f 343/343/343 344/344/344 345/345/345
f 346/346/346 347/347/347 348/348/348
f 349/349/349 350/350/350 351/351/351
f 352/352/352 353/353/353 354/354/354
f 355/355/355 356/356/356 357/357/357
f 358/358/358 359/359/359 360/360/360
f 361/361/361 362/362/362 363/363/363
f 364/364/364 365/365/365 366/366/366
f 367/367/367 368/368/368 369/369/369
f 370/370/370 371/371/371 372/372/372
f 373/373/373 374/374/374 375/375/375
f 376/376/376 377/377/377 378/378/378
f 379/379/379 380/380/380 381/381/381
f 382/382/382 383/383/383 384/384/384
f 385/385/385 386/386/386 387/387/387
f 387/387/387 388/388/388 389/389/389
f 390/390/390 391/391/391 392/392/392
f 393/393/393 394/394/394 395/395/395
f 396/396/396 397/397/397 398/398/398
f 399/399/399 400/400/400 401/401/401
f 402/402/402 403/403/403 404/404/404
f 405/405/405 406/406/406 407/407/407
f 408/408/408 409/409/409 410/410/410
f 411/411/411 412/412/412 413/413/413
f 414/414/414 415/415/415 416/416/416
f 417/417/417 418/418/418 419/419/419
f 420/420/420 421/421/421 422/422/422
f 423/423/423 424/424/424 425/425/425
f 426/426/426 427/427/427 428/428/428
f 429/429/429 430/430/430 431/431/431
f 432/432/432 433/433/433 434/434/434
f 435/435/435 436/436/436 437/437/437
f 438/438/438 439/439/439 436/436/436
f 440/440/440 441/441/441 442/442/442
f 443/443/443 444/444/444 445/445/445
f 446/446/446 447/447/447 448/448/448
f 449/449/449 450/450/450 451/451/451
f 452/452/452 453/453/453 454/454/454
f 455/455/455 456/456/456 457/457/457
f 458/458/458 459/459/459 460/460/460
f 461/461/461 462/462/462 463/463/463
f 464/464/464 465/465/465 466/466/466
f 467/467/467 468/468/468 469/469/469
f 470/470/470 471/471/471 472/472/472
f 473/473/473 474/474/474 475/475/475
f 476/476/476 477/477/477 478/478/478
f 479/479/479 480/480/480 481/481/481
f 482/482/482 483/483/483 484/484/484
f 485/485/485 486/486/486 487/487/487
f 488/488/488 489/489/489 490/490/490
f 491/491/491 492/492/492 493/493/493
f 494/494/494 491/491/491 495/495/495
f 496/496/496 497/497/497 498/498/498
f 499/499/499 500/500/500 501/501/501
f 502/502/502 503/503/503 504/504/504
f 505/505/505 506/506/506 507/507/507
f 508/508/508 509/509/509 510/510/510
f 511/511/511 512/512/512 513/513/513
f 514/514/514 515/515/515 516/516/516
f 517/517/517 518/518/518 519/519/519
f 520/520/520 521/521/521 522/522/522
f 523/523/523 524/524/524 525/525/525
f 526/526/526 527/527/527 528/528/528
f 529/529/529 530/530/530 531/531/531
f 532/532/532 533/533/533 534/534/534
f 535/535/535 536/536/536 537/537/537
f 538/538/538 539/539/539 540/540/540
f 541/541/541 542/542/542 543/543/543
f 544/544/544 545/545/545 546/546/546
f 547/547/547 548/548/548 549/549/549
f 550/550/550 549/549/549 551/551/551
f 552/552/552 553/553/553 554/554/554
f 554/554/554 555/555/555 556/556/556
f 557/557/557 558/558/558 559/559/559
f 560/560/560 561/561/561 562/562/562
f 563/563/563 564/564/564 565/565/565
f 566/566/566 567/567/567 568/568/568
f 569/569/569 570/570/570 567/567/567
f 571/571/571 572/572/572 573/573/573
f 574/574/574 575/575/575 576/576/576
f 577/577/577 578/578/578 579/579/579
f 580/580/580 581/581/581 582/582/582
f 583/583/583 584/584/584 585/585/585
f 586/586/586 587/587/587 588/588/588
f 589/589/589 590/590/590 591/591/591
f 592/592/592 593/593/593 594/594/594
f 595/595/595 596/596/596 597/597/597
f 598/598/598 599/599/599 600/600/600
f 601/601/601 602/602/602 603/603/603
f 604/604/604 605/605/605 606/606/606
f 607/607/607 608/608/608 609/609/609
f 610/610/610 611/611/611 612/612/612
f 613/613/613 614/614/614 615/615/615
f 616/616/616 617/617/617 618/618/618
f 619/619/619 620/620/620 621/621/621
f 622/622/622 623/623/623 624/624/624
f 625/625/625 626/626/626 623/623/623
f 627/627/627 628/628/628 625/625/625
f 629/629/629 630/630/630 631/631/631
f 632/632/632 633/633/633 634/634/634
f 635/635/635 636/636/636 637/637/637
f 638/638/638 639/639/639 640/640/640
f 641/641/641 642/642/642 638/638/638
f 643/643/643 644/644/644 645/645/645
f 646/646/646 647/647/647 644/644/644
f 648/648/648 649/649/649 650/650/650
f 651/651/651 652/652/652 653/653/653
f 654/654/654 655/655/655 656/656/656
f 657/657/657 658/658/658 659/659/659
f 660/660/660 661/661/661 658/658/658
f 662/662/662 663/663/663 664/664/664
f 665/665/665 666/666/666 667/667/667
f 668/668/668 669/669/669 670/670/670
f 671/671/671 672/672/672 673/673/673
f 674/674/674 675/675/675 676/676/676
f 677/677/677 678/678/678 679/679/679
f 680/680/680 681/681/681 682/682/682
f 683/683/683 684/684/684 685/685/685
f 686/686/686 687/687/687 688/688/688
f 689/689/689 690/690/690 691/691/691
f 692/692/692 693/693/693 694/694/694
f 695/695/695 696/696/696 697/697/697
f 698/698/698 699/699/699 696/696/696
f 700/700/700 701/701/701 702/702/702
f 703/703/703 704/704/704 705/705/705
f 706/706/706 707/707/707 708/708/708
f 709/709/709 710/710/710 711/711/711
f 712/712/712 713/713/713 714/714/714
f 715/715/715 716/716/716 717/717/717
f 718/718/718 719/719/719 720/720/720
f 721/721/721 722/722/722 723/723/723
f 724/724/724 725/725/725 726/726/726
f 727/727/727 728/728/728 729/729/729
f 730/730/730 731/731/731 732/732/732
f 733/733/733 734/734/734 735/735/735
f 736/736/736 737/737/737 734/734/734
f 736/736/736 738/738/738 739/739/739
f 740/740/740 741/741/741 742/742/742
f 743/743/743 744/744/744 745/745/745
f 746/746/746 747/747/747 745/745/745
f 748/748/748 749/749/749 750/750/750
f 751/751/751 752/752/752 753/753/753
f 754/754/754 755/755/755 756/756/756
f 757/757/757 758/758/758 759/759/759
f 760/760/760 761/761/761 762/762/762
f 763/763/763 764/764/764 765/765/765
f 766/766/766 767/767/767 768/768/768
f 769/769/769 770/770/770 771/771/771
f 772/772/772 773/773/773 774/774/774
f 775/775/775 776/776/776 777/777/777
f 778/778/778 777/777/777 779/779/779
f 780/780/780 781/781/781 782/782/782
f 783/783/783 784/784/784 785/785/785
f 786/786/786 787/787/787 788/788/788
f 789/789/789 790/790/790 787/787/787
f 791/791/791 792/792/792 793/793/793
f 794/794/794 795/795/795 796/796/796
f 797/797/797 798/798/798 799/799/799
f 800/800/800 801/801/801 802/802/802
f 803/803/803 804/804/804 805/805/805
f 806/806/806 807/807/807 808/808/808
f 809/809/809 810/810/810 811/811/811
f 812/812/812 813/813/813 814/814/814
f 815/815/815 816/816/816 817/817/817
f 818/818/818 819/819/819 820/820/820
f 818/818/818 821/821/821 822/822/822
f 823/823/823 824/824/824 825/825/825
f 826/826/826 827/827/827 828/828/828
f 829/829/829 830/830/830 831/831/831
f 832/832/832 833/833/833 834/834/834
f 835/835/835 836/836/836 837/837/837
f 838/838/838 839/839/839 840/840/840
f 841/841/841 842/842/842 843/843/843
f 844/844/844 845/845/845 846/846/846
f 847/847/847 848/848/848 849/849/849
f 850/850/850 851/851/851 852/852/852
f 853/853/853 854/854/854 855/855/855
f 856/856/856 857/857/857 858/858/858
f 859/859/859 860/860/860 861/861/861
f 862/862/862 863/863/863 864/864/864
f 865/865/865 866/866/866 867/867/867
f 868/868/868 869/869/869 870/870/870
f 871/871/871 872/872/872 873/873/873
f 874/874/874 875/875/875 876/876/876
f 877/877/877 878/878/878 879/879/879
f 880/880/880 881/881/881 882/882/882
f 883/883/883 884/884/884 881/881/881
f 885/885/885 886/886/886 887/887/887
f 888/888/888 889/889/889 890/890/890
f 891/891/891 892/892/892 893/893/893
f 894/894/894 895/895/895 896/896/896
f 897/897/897 898/898/898 899/899/899
f 900/900/900 901/901/901 902/902/902
f 903/903/903 904/904/904 905/905/905
f 906/906/906 907/907/907 908/908/908
f 909/909/909 910/910/910 911/911/911
f 912/912/912 913/913/913 914/914/914
f 915/915/915 916/916/916 917/917/917
f 918/918/918 919/919/919 920/920/920
f 921/921/921 922/922/922 923/923/923
f 924/924/924 925/925/925 926/926/926
f 927/927/927 928/928/928 929/929/929
f 930/930/930 931/931/931 932/932/932
f 933/933/933 934/934/934 935/935/935
f 936/936/936 937/937/937 938/938/938
f 939/939/939 940/940/940 941/941/941
f 942/942/942 943/943/943 944/944/944
f 945/945/945 946/946/946 947/947/947
f 948/948/948 949/949/949 950/950/950
f 951/951/951 952/952/952 953/953/953
f 954/954/954 955/955/955 956/956/956
f 957/957/957 958/958/958 959/959/959
f 960/960/960 961/961/961 962/962/962
f 963/963/963 964/964/964 965/965/965
f 966/966/966 967/967/967 968/968/968
f 969/969/969 970/970/970 971/971/971
f 972/972/972 973/973/973 974/974/974
f 975/975/975 973/973/973 976/976/976
f 977/977/977 978/978/978 979/979/979
f 980/980/980 981/981/981 982/982/982
f 983/983/983 984/984/984 985/985/985
f 986/986/986 987/987/987 988/988/988
f 989/989/989 990/990/990 991/991/991
f 992/992/992 993/993/993 994/994/994
f 995/995/995 996/996/996 992/992/992
f 997/997/997 998/998/998 999/999/999
f 1000/1000/1000 1001/1001/1001 1002/1002/1002
f 1003/1003/1003 1004/1004/1004 1005/1005/1005
f 1006/1006/1006 1007/1007/1007 1008/1008/1008
f 1009/1009/1009 1010/1010/1010 1011/1011/1011
f 1012/1012/1012 1013/1013/1013 1014/1014/1014
f 1015/1015/1015 1016/1016/1016 1017/1017/1017
f 1018/1018/1018 1019/1019/1019 1020/1020/1020
f 1021/1021/1021 1022/1022/1022 1023/1023/1023
f 1024/1024/1024 1025/1025/1025 1026/1026/1026
f 1027/1027/1027 1028/1028/1028 1029/1029/1029
f 1030/1030/1030 1031/1031/1031 1032/1032/1032
f 1033/1033/1033 1034/1034/1034 1035/1035/1035
f 1036/1036/1036 1037/1037/1037 1038/1038/1038
f 1039/1039/1039 1040/1040/1040 1041/1041/1041
f 1042/1042/1042 1043/1043/1043 1044/1044/1044
f 1045/1045/1045 1046/1046/1046 1047/1047/1047
f 1048/1048/1048 1049/1049/1049 1050/1050/1050
f 1051/1051/1051 1052/1052/1052 1053/1053/1053
f 1054/1054/1054 1055/1055/1055 1056/1056/1056
f 1057/1057/1057 1058/1058/1058 1059/1059/1059
f 1060/1060/1060 1061/1061/1061 1062/1062/1062
f 1063/1063/1063 1064/1064/1064 1065/1065/1065
f 1066/1066/1066 1067/1067/1067 1068/1068/1068
f 1069/1069/1069 1070/1070/1070 1071/1071/1071
f 1072/1072/1072 1073/1073/1073 1074/1074/1074
f 1075/1075/1075 1076/1076/1076 1077/1077/1077
f 1078/1078/1078 1079/1079/1079 1080/1080/1080
f 1081/1081/1081 1082/1082/1082 1083/1083/1083
f 1084/1084/1084 1085/1085/1085 1086/1086/1086
f 1087/1087/1087 1088/1088/1088 1089/1089/1089
f 1090/1090/1090 1091/1091/1091 1092/1092/1092
f 1093/1093/1093 1094/1094/1094 1095/1095/1095
f 1096/1096/1096 1097/1097/1097 1098/1098/1098
f 1099/1099/1099 1100/1100/1100 1101/1101/1101
f 1102/1102/1102 1103/1103/1103 1104/1104/1104
f 1105/1105/1105 1106/1106/1106 1107/1107/1107
f 1108/1108/1108 1109/1109/1109 1110/1110/1110
f 1111/1111/1111 1112/1112/1112 1113/1113/1113
f 1114/1114/1114 1115/1115/1115 1116/1116/1116
f 1117/1117/1117 1118/1118/1118 1119/1119/1119
f 1120/1120/1120 1121/1121/1121 1122/1122/1122
f 1123/1123/1123 1124/1124/1124 1125/1125/1125
f 1126/1126/1126 1127/1127/1127 1128/1128/1128
f 1129/1129/1129 1130/1130/1130 1131/1131/1131
f 1132/1132/1132 1133/1133/1133 1134/1134/1134
f 1135/1135/1135 1136/1136/1136 1137/1137/1137
f 1138/1138/1138 1139/1139/1139 1140/1140/1140
f 1141/1141/1141 1142/1142/1142 1143/1143/1143
f 1144/1144/1144 1145/1145/1145 1146/1146/1146
f 1147/1147/1147 1148/1148/1148 1149/1149/1149
f 1150/1150/1150 1151/1151/1151 1152/1152/1152
f 1153/1153/1153 1154/1154/1154 1155/1155/1155
f 1156/1156/1156 1157/1157/1157 1158/1158/1158
f 1159/1159/1159 1160/1160/1160 1161/1161/1161
f 1162/1162/1162 1163/1163/1163 1164/1164/1164
f 1165/1165/1165 1166/1166/1166 1167/1167/1167
f 1168/1168/1168 1169/1169/1169 1170/1170/1170
f 1171/1171/1171 1172/1172/1172 1173/1173/1173
f 1174/1174/1174 1175/1175/1175 1176/1176/1176
f 1177/1177/1177 1178/1178/1178 1179/1179/1179
f 1180/1180/1180 1181/1181/1181 1182/1182/1182
f 1183/1183/1183 1184/1184/1184 1185/1185/1185
f 1186/1186/1186 1187/1187/1187 1188/1188/1188
f 1189/1189/1189 1190/1190/1190 1191/1191/1191
f 1192/1192/1192 1193/1193/1193 1194/1194/1194
f 1195/1195/1195 1196/1196/1196 1197/1197/1197
f 1198/1198/1198 1199/1199/1199 1200/1200/1200
f 1201/1201/1201 1202/1202/1202 1203/1203/1203
f 1204/1204/1204 1205/1205/1205 1206/1206/1206
f 1207/1207/1207 1208/1208/1208 1209/1209/1209
f 1210/1210/1210 1211/1211/1211 1212/1212/1212
f 1213/1213/1213 1214/1214/1214 1215/1215/1215
f 1216/1216/1216 1217/1217/1217 1213/1213/1213
f 1218/1218/1218 1219/1219/1219 1220/1220/1220
f 1221/1221/1221 1222/1222/1222 1223/1223/1223
f 1224/1224/1224 1225/1225/1225 1226/1226/1226
f 1227/1227/1227 1228/1228/1228 1229/1229/1229
f 1230/1230/1230 1231/1231/1231 1232/1232/1232
f 1233/1233/1233 1234/1234/1234 1235/1235/1235
f 1236/1236/1236 1237/1237/1237 1238/1238/1238
f 1239/1239/1239 1240/1240/1240 1241/1241/1241
f 1242/1242/1242 1243/1243/1243 1244/1244/1244
f 1245/1245/1245 1246/1246/1246 1247/1247/1247
f 1248/1248/1248 1249/1249/1249 1250/1250/1250
f 1251/1251/1251 1252/1252/1252 1253/1253/1253
f 1254/1254/1254 1255/1255/1255 1256/1256/1256
f 1257/1257/1257 1258/1258/1258 1259/1259/1259
f 1260/1260/1260 1261/1261/1261 1262/1262/1262
f 1263/1263/1263 1264/1264/1264 1265/1265/1265
f 1266/1266/1266 1267/1267/1267 1268/1268/1268
f 1269/1269/1269 1270/1270/1270 1271/1271/1271
f 1272/1272/1272 1273/1273/1273 1274/1274/1274
f 1275/1275/1275 1276/1276/1276 1277/1277/1277
f 1278/1278/1278 1279/1279/1279 1280/1280/1280
f 1281/1281/1281 1282/1282/1282 1278/1278/1278
f 1283/1283/1283 1284/1284/1284 1285/1285/1285
f 1285/1285/1285 1284/1284/1284 1286/1286/1286
f 1285/1285/1285 1286/1286/1286 1281/1281/1281
f 1281/1281/1281 1286/1286/1286 1287/1287/1287
f 1288/1288/1288 1289/1289/1289 1284/1284/1284
f 1290/1290/1290 1291/1291/1291 1292/1292/1292
f 1293/1293/1293 1294/1294/1294 1290/1290/1290
f 1293/1293/1293 1295/1295/1295 1296/1296/1296
f 1297/1297/1297 1298/1298/1298 1299/1299/1299
f 1300/1300/1300 1301/1301/1301 1302/1302/1302
f 1303/1303/1303 1304/1304/1304 1305/1305/1305
f 1306/1306/1306 1307/1307/1307 1308/1308/1308
f 1309/1309/1309 1308/1308/1308 1310/1310/1310
f 1311/1311/1311 1312/1312/1312 1313/1313/1313
f 1314/1314/1314 1315/1315/1315 1316/1316/1316
f 1317/1317/1317 1318/1318/1318 1319/1319/1319
f 1320/1320/1320 1321/1321/1321 1317/1317/1317
f 1322/1322/1322 1323/1323/1323 1324/1324/1324
f 1325/1325/1325 1326/1326/1326 1327/1327/1327
f 1328/1328/1328 1329/1329/1329 1330/1330/1330
f 1331/1331/1331 1332/1332/1332 1328/1328/1328
f 1333/1333/1333 1334/1334/1334 1335/1335/1335
f 1336/1336/1336 1337/1337/1337 1338/1338/1338
f 1339/1339/1339 1340/1340/1340 1341/1341/1341
f 1342/1342/1342 1343/1343/1343 1344/1344/1344
f 1345/1345/1345 1346/1346/1346 1347/1347/1347
f 1348/1348/1348 1349/1349/1349 1350/1350/1350
f 1351/1351/1351 1352/1352/1352 1353/1353/1353
f 1354/1354/1354 1355/1355/1355 1356/1356/1356
f 1357/1357/1357 1358/1358/1358 1359/1359/1359
f 1360/1360/1360 1361/1361/1361 1362/1362/1362
f 1363/1363/1363 1364/1364/1364 1365/1365/1365
f 1366/1366/1366 1367/1367/1367 1368/1368/1368
f 1369/1369/1369 1366/1366/1366 1370/1370/1370
f 1371/1371/1371 1372/1372/1372 1373/1373/1373
f 1374/1374/1374 1375/1375/1375 1376/1376/1376
f 1377/1377/1377 1378/1378/1378 1374/1374/1374
f 1379/1379/1379 1380/1380/1380 1377/1377/1377
f 1381/1381/1381 1382/1382/1382 1379/1379/1379
f 1383/1383/1383 1384/1384/1384 1381/1381/1381
f 1385/1385/1385 1386/1386/1386 1383/1383/1383
f 1387/1387/1387 1388/1388/1388 1389/1389/1389
f 1390/1390/1390 1391/1391/1391 1392/1392/1392
f 1393/1393/1393 1394/1394/1394 1395/1395/1395
f 1396/1396/1396 1397/1397/1397 1398/1398/1398
f 1399/1399/1399 1400/1400/1400 1401/1401/1401
f 1402/1402/1402 1403/1403/1403 1404/1404/1404
f 1405/1405/1405 1406/1406/1406 1407/1407/1407
f 1408/1408/1408 1409/1409/1409 1410/1410/1410
f 1411/1411/1411 1412/1412/1412 1413/1413/1413
f 1414/1414/1414 1415/1415/1415 1416/1416/1416
f 1417/1417/1417 1418/1418/1418 1419/1419/1419
f 1420/1420/1420 1421/1421/1421 1422/1422/1422
f 1423/1423/1423 1424/1424/1424 1425/1425/1425
f 1426/1426/1426 1427/1427/1427 1428/1428/1428
f 1429/1429/1429 1430/1430/1430 1431/1431/1431
f 1432/1432/1432 1433/1433/1433 1434/1434/1434
f 1435/1435/1435 1436/1436/1436 1437/1437/1437
f 1438/1438/1438 1439/1439/1439 1440/1440/1440
f 1441/1441/1441 1442/1442/1442 1443/1443/1443
f 1444/1444/1444 1445/1445/1445 1446/1446/1446
f 1447/1447/1447 1448/1448/1448 1449/1449/1449
f 1450/1450/1450 1451/1451/1451 1452/1452/1452
f 1453/1453/1453 1454/1454/1454 1455/1455/1455
f 1456/1456/1456 1457/1457/1457 1458/1458/1458
f 1459/1459/1459 1460/1460/1460 1461/1461/1461
f 1462/1462/1462 1463/1463/1463 1464/1464/1464
f 1465/1465/1465 1466/1466/1466 1467/1467/1467
f 1468/1468/1468 1469/1469/1469 1470/1470/1470
f 1471/1471/1471 1472/1472/1472 1473/1473/1473
f 1474/1474/1474 1475/1475/1475 1476/1476/1476
f 1474/1474/1474 1477/1477/1477 1478/1478/1478
f 1479/1479/1479 1480/1480/1480 1481/1481/1481
f 1482/1482/1482 1483/1483/1483 1484/1484/1484
f 1485/1485/1485 1486/1486/1486 1487/1487/1487
f 1488/1488/1488 1489/1489/1489 1490/1490/1490
f 1491/1491/1491 1492/1492/1492 1493/1493/1493
f 1494/1494/1494 1495/1495/1495 1496/1496/1496
f 1497/1497/1497 1498/1498/1498 1499/1499/1499
f 1500/1500/1500 1501/1501/1501 1502/1502/1502
f 1503/1503/1503 1504/1504/1504 1505/1505/1505
f 1506/1506/1506 1507/1507/1507 1508/1508/1508
f 1509/1509/1509 1510/1510/1510 1511/1511/1511
f 1512/1512/1512 1513/1513/1513 1514/1514/1514
f 1515/1515/1515 1516/1516/1516 1517/1517/1517
f 1518/1518/1518 1519/1519/1519 1520/1520/1520
f 1521/1521/1521 1522/1522/1522 1523/1523/1523
f 1524/1524/1524 1525/1525/1525 1526/1526/1526
f 1527/1527/1527 1528/1528/1528 1529/1529/1529
f 1530/1530/1530 1531/1531/1531 1532/1532/1532
f 1533/1533/1533 1534/1534/1534 1535/1535/1535
f 1536/1536/1536 1537/1537/1537 1538/1538/1538
f 1539/1539/1539 1540/1540/1540 1541/1541/1541
f 1542/1542/1542 1543/1543/1543 1544/1544/1544
f 1545/1545/1545 1546/1546/1546 1547/1547/1547
f 1545/1545/1545 1548/1548/1548 1549/1549/1549
f 1550/1550/1550 1551/1551/1551 1552/1552/1552
f 1553/1553/1553 1554/1554/1554 1555/1555/1555
f 1556/1556/1556 1557/1557/1557 1558/1558/1558
f 1559/1559/1559 1560/1560/1560 1561/1561/1561
f 1562/1562/1562 1563/1563/1563 1564/1564/1564
f 1565/1565/1565 1566/1566/1566 1567/1567/1567
f 1568/1568/1568 1569/1569/1569 1570/1570/1570
f 1571/1571/1571 1572/1572/1572 1573/1573/1573
f 1574/1574/1574 1575/1575/1575 1576/1576/1576
f 1577/1577/1577 1578/1578/1578 1579/1579/1579
f 1580/1580/1580 1581/1581/1581 1582/1582/1582
f 1583/1583/1583 1584/1584/1584 1585/1585/1585
f 1586/1586/1586 1587/1587/1587 1588/1588/1588
f 1589/1589/1589 1590/1590/1590 1591/1591/1591
f 1592/1592/1592 1593/1593/1593 1594/1594/1594
f 1595/1595/1595 1596/1596/1596 1597/1597/1597
f 1598/1598/1598 1599/1599/1599 1600/1600/1600
f 1601/1601/1601 1602/1602/1602 1603/1603/1603
f 1604/1604/1604 1605/1605/1605 1606/1606/1606
f 1607/1607/1607 1608/1608/1608 1609/1609/1609
f 1610/1610/1610 1611/1611/1611 1612/1612/1612
f 1613/1613/1613 1614/1614/1614 1615/1615/1615
f 1616/1616/1616 1617/1617/1617 1618/1618/1618
f 1619/1619/1619 1620/1620/1620 1621/1621/1621
f 1622/1622/1622 1623/1623/1623 1624/1624/1624
f 1625/1625/1625 1626/1626/1626 1627/1627/1627
f 1628/1628/1628 1629/1629/1629 1630/1630/1630
f 1631/1631/1631 1632/1632/1632 1633/1633/1633
f 1634/1634/1634 1635/1635/1635 1636/1636/1636
f 1637/1637/1637 1638/1638/1638 1639/1639/1639
f 1640/1640/1640 1641/1641/1641 1642/1642/1642
f 1643/1643/1643 1644/1644/1644 1645/1645/1645
f 1646/1646/1646 1647/1647/1647 1648/1648/1648
f 1649/1649/1649 1650/1650/1650 1651/1651/1651
f 1652/1652/1652 1653/1653/1653 1654/1654/1654
f 1655/1655/1655 1656/1656/1656 1657/1657/1657
f 1658/1658/1658 1659/1659/1659 1660/1660/1660
f 1661/1661/1661 1662/1662/1662 1663/1663/1663
f 1664/1664/1664 1665/1665/1665 1666/1666/1666
f 1667/1667/1667 1668/1668/1668 1669/1669/1669
f 1670/1670/1670 1671/1671/1671 1672/1672/1672
f 1673/1673/1673 1674/1674/1674 1675/1675/1675
f 1676/1676/1676 1677/1677/1677 1678/1678/1678
f 1679/1679/1679 1680/1680/1680 1681/1681/1681
f 1682/1682/1682 1683/1683/1683 1684/1684/1684
f 1685/1685/1685 1686/1686/1686 1687/1687/1687
f 1688/1688/1688 1689/1689/1689 1685/1685/1685
f 1688/1688/1688 1690/1690/1690 1691/1691/1691
f 1692/1692/1692 1693/1693/1693 1694/1694/1694
f 1695/1695/1695 1696/1696/1696 1697/1697/1697
f 1698/1698/1698 1699/1699/1699 1700/1700/1700
f 1701/1701/1701 1702/1702/1702 1703/1703/1703
f 1704/1704/1704 1705/1705/1705 1701/1701/1701
f 1706/1706/1706 1707/1707/1707 1708/1708/1708
f 1709/1709/1709 1710/1710/1710 1711/1711/1711
f 1712/1712/1712 1713/1713/1713 1714/1714/1714
f 1715/1715/1715 1716/1716/1716 1717/1717/1717
f 1718/1718/1718 1719/1719/1719 1720/1720/1720
f 1721/1721/1721 1722/1722/1722 1723/1723/1723
f 1724/1724/1724 1725/1725/1725 1726/1726/1726
f 1727/1727/1727 1728/1728/1728 1729/1729/1729
f 1730/1730/1730 1731/1731/1731 1732/1732/1732
f 1733/1733/1733 1734/1734/1734 1735/1735/1735
f 1736/1736/1736 1737/1737/1737 1738/1738/1738
f 1739/1739/1739 1740/1740/1740 1741/1741/1741
f 1742/1742/1742 1743/1743/1743 1744/1744/1744
f 1745/1745/1745 1746/1746/1746 1747/1747/1747
f 1748/1748/1748 1749/1749/1749 1750/1750/1750
f 1751/1751/1751 1752/1752/1752 1753/1753/1753
f 1754/1754/1754 1755/1755/1755 1756/1756/1756
f 1757/1757/1757 1758/1758/1758 1759/1759/1759
f 1760/1760/1760 1761/1761/1761 1762/1762/1762
f 1763/1763/1763 1764/1764/1764 1765/1765/1765
f 1766/1766/1766 1767/1767/1767 1768/1768/1768
f 1769/1769/1769 1770/1770/1770 1771/1771/1771
f 1772/1772/1772 1773/1773/1773 1774/1774/1774
f 1775/1775/1775 1776/1776/1776 1772/1772/1772
f 1777/1777/1777 1778/1778/1778 1779/1779/1779
f 1780/1780/1780 1781/1781/1781 1782/1782/1782
f 1783/1783/1783 1784/1784/1784 1785/1785/1785
f 1786/1786/1786 1787/1787/1787 1788/1788/1788
f 1789/1789/1789 1790/1790/1790 1791/1791/1791
f 1792/1792/1792 1793/1793/1793 1794/1794/1794
f 1795/1795/1795 1796/1796/1796 1793/1793/1793
f 1797/1797/1797 1798/1798/1798 1799/1799/1799
f 1800/1800/1800 1801/1801/1801 1802/1802/1802
f 1803/1803/1803 1804/1804/1804 1805/1805/1805
f 1806/1806/1806 1807/1807/1807 1808/1808/1808
f 1809/1809/1809 1810/1810/1810 1811/1811/1811
f 1812/1812/1812 1813/1813/1813 1814/1814/1814
f 1815/1815/1815 1816/1816/1816 1817/1817/1817
f 1818/1818/1818 1819/1819/1819 1817/1817/1817
f 1820/1820/1820 1821/1821/1821 1822/1822/1822
f 1823/1823/1823 1824/1824/1824 1825/1825/1825
f 1826/1826/1826 1827/1827/1827 1828/1828/1828
f 1829/1829/1829 1830/1830/1830 1831/1831/1831
f 1832/1832/1832 1833/1833/1833 1834/1834/1834
f 1835/1835/1835 1836/1836/1836 1837/1837/1837
f 1838/1838/1838 1839/1839/1839 1840/1840/1840
f 1841/1841/1841 1842/1842/1842 1843/1843/1843
f 1844/1844/1844 1845/1845/1845 1846/1846/1846
f 1847/1847/1847 1848/1848/1848 1849/1849/1849
f 1850/1850/1850 1851/1851/1851 1852/1852/1852
f 1853/1853/1853 1854/1854/1854 1855/1855/1855
f 1856/1856/1856 1857/1857/1857 1858/1858/1858
f 1859/1859/1859 1860/1860/1860 1861/1861/1861
f 1862/1862/1862 1863/1863/1863 1864/1864/1864
f 1865/1865/1865 1866/1866/1866 1867/1867/1867
f 1868/1868/1868 1869/1869/1869 1870/1870/1870
f 1871/1871/1871 1872/1872/1872 1873/1873/1873
f 1874/1874/1874 1875/1875/1875 1876/1876/1876
f 1877/1877/1877 1878/1878/1878 1879/1879/1879
f 1880/1880/1880 1881/1881/1881 1882/1882/1882
f 1883/1883/1883 1884/1884/1884 1885/1885/1885
f 1886/1886/1886 1887/1887/1887 1888/1888/1888
f 1889/1889/1889 1890/1890/1890 1891/1891/1891
f 1892/1892/1892 1893/1893/1893 1894/1894/1894
f 1895/1895/1895 1896/1896/1896 1897/1897/1897
f 1898/1898/1898 1899/1899/1899 1900/1900/1900
f 1901/1901/1901 1902/1902/1902 1903/1903/1903
f 1904/1904/1904 1905/1905/1905 1906/1906/1906
f 1907/1907/1907 1908/1908/1908 1909/1909/1909
f 1910/1910/1910 1911/1911/1911 1912/1912/1912
f 1913/1913/1913 1914/1914/1914 1915/1915/1915
f 1916/1916/1916 1917/1917/1917 1918/1918/1918
f 1919/1919/1919 1920/1920/1920 1921/1921/1921
f 1922/1922/1922 1923/1923/1923 1924/1924/1924
f 1925/1925/1925 1926/1926/1926 1922/1922/1922
f 1927/1927/1927 1928/1928/1928 1929/1929/1929
f 1930/1930/1930 1931/1931/1931 1932/1932/1932
f 1933/1933/1933 1934/1934/1934 1935/1935/1935
f 1936/1936/1936 1937/1937/1937 1938/1938/1938
f 1939/1939/1939 1940/1940/1940 1941/1941/1941
f 1942/1942/1942 1943/1943/1943 1944/1944/1944
f 1945/1945/1945 1946/1946/1946 1947/1947/1947
f 1948/1948/1948 1949/1949/1949 1950/1950/1950
f 1951/1951/1951 1952/1952/1952 1953/1953/1953
f 1954/1954/1954 1955/1955/1955 1956/1956/1956
f 1957/1957/1957 1958/1958/1958 1959/1959/1959
f 1960/1960/1960 1961/1961/1961 1958/1958/1958
f 1962/1962/1962 1961/1961/1961 1963/1963/1963
f 1964/1964/1964 1965/1965/1965 1961/1961/1961
f 1966/1966/1966 1967/1967/1967 1968/1968/1968
f 1969/1969/1969 1970/1970/1970 1971/1971/1971
f 1972/1972/1972 1973/1973/1973 1974/1974/1974
f 1975/1975/1975 1976/1976/1976 1977/1977/1977
f 1978/1978/1978 1979/1979/1979 1980/1980/1980
f 1981/1981/1981 1982/1982/1982 1983/1983/1983
f 1984/1984/1984 1985/1985/1985 1986/1986/1986
f 1987/1987/1987 1988/1988/1988 1989/1989/1989
f 1990/1990/1990 1991/1991/1991 1992/1992/1992
f 1993/1993/1993 1994/1994/1994 1991/1991/1991
f 1995/1995/1995 1996/1996/1996 1997/1997/1997
f 1998/1998/1998 1999/1999/1999 2000/2000/2000
f 2001/2001/2001 2002/2002/2002 2003/2003/2003
f 2004/2004/2004 2005/2005/2005 2006/2006/2006
f 2007/2007/2007 2008/2008/2008 2009/2009/2009
f 2007/2007/2007 2010/2010/2010 2011/2011/2011
f 2012/2012/2012 2013/2013/2013 2014/2014/2014
f 2015/2015/2015 2016/2016/2016 2017/2017/2017
f 2018/2018/2018 2019/2019/2019 2020/2020/2020
f 2019/2019/2019 2021/2021/2021 2022/2022/2022
f 2023/2023/2023 2022/2022/2022 2024/2024/2024
f 2025/2025/2025 2026/2026/2026 2027/2027/2027
f 2028/2028/2028 2029/2029/2029 2030/2030/2030
f 2031/2031/2031 2032/2032/2032 2033/2033/2033
f 2034/2034/2034 2035/2035/2035 2036/2036/2036
f 2037/2037/2037 2038/2038/2038 2039/2039/2039
f 2040/2040/2040 2041/2041/2041 2042/2042/2042
f 2043/2043/2043 2044/2044/2044 2045/2045/2045
f 2046/2046/2046 2047/2047/2047 2048/2048/2048
f 2049/2049/2049 2050/2050/2050 2051/2051/2051
f 2052/2052/2052 2053/2053/2053 2054/2054/2054
f 2055/2055/2055 2056/2056/2056 2057/2057/2057
f 2058/2058/2058 2059/2059/2059 2060/2060/2060
f 2061/2061/2061 2062/2062/2062 2063/2063/2063
f 2064/2064/2064 2065/2065/2065 2066/2066/2066
f 2067/2067/2067 2068/2068/2068 2069/2069/2069
f 2070/2070/2070 2071/2071/2071 2072/2072/2072
f 2073/2073/2073 2074/2074/2074 2075/2075/2075
f 2076/2076/2076 2077/2077/2077 2078/2078/2078
f 2077/2077/2077 2079/2079/2079 2080/2080/2080
f 2081/2081/2081 2080/2080/2080 2082/2082/2082
f 2083/2083/2083 2084/2084/2084 2085/2085/2085
f 2086/2086/2086 2087/2087/2087 2088/2088/2088
f 2089/2089/2089 2090/2090/2090 2091/2091/2091
f 2092/2092/2092 2093/2093/2093 2094/2094/2094
f 2095/2095/2095 2096/2096/2096 2097/2097/2097
f 2098/2098/2098 2099/2099/2099 2100/2100/2100
f 2101/2101/2101 2102/2102/2102 2103/2103/2103
f 2104/2104/2104 2105/2105/2105 2106/2106/2106
f 2107/2107/2107 2108/2108/2108 2109/2109/2109
f 2110/2110/2110 2111/2111/2111 2112/2112/2112
f 2113/2113/2113 2114/2114/2114 2115/2115/2115
f 2116/2116/2116 2117/2117/2117 2118/2118/2118
f 2119/2119/2119 2120/2120/2120 2121/2121/2121
f 2122/2122/2122 2123/2123/2123 2124/2124/2124
f 2125/2125/2125 2126/2126/2126 2127/2127/2127
f 2128/2128/2128 2129/2129/2129 2130/2130/2130
f 2131/2131/2131 2132/2132/2132 2133/2133/2133
f 2134/2134/2134 2135/2135/2135 2136/2136/2136
f 2137/2137/2137 2138/2138/2138 2139/2139/2139
f 2140/2140/2140 2141/2141/2141 2142/2142/2142
f 2143/2143/2143 2144/2144/2144 2145/2145/2145
f 2146/2146/2146 2147/2147/2147 2148/2148/2148
f 2149/2149/2149 2150/2150/2150 2151/2151/2151
f 2152/2152/2152 2153/2153/2153 2154/2154/2154
f 2155/2155/2155 2156/2156/2156 2157/2157/2157
f 2158/2158/2158 2159/2159/2159 2160/2160/2160
f 2161/2161/2161 2162/2162/2162 2163/2163/2163
f 2164/2164/2164 2165/2165/2165 2166/2166/2166
f 2167/2167/2167 2168/2168/2168 2169/2169/2169
f 2170/2170/2170 2171/2171/2171 2172/2172/2172
f 2173/2173/2173 2174/2174/2174 2175/2175/2175
f 2176/2176/2176 2177/2177/2177 2178/2178/2178
f 2179/2179/2179 2180/2180/2180 2181/2181/2181
f 2182/2182/2182 2179/2179/2179 2183/2183/2183
f 2184/2184/2184 2185/2185/2185 2186/2186/2186
f 2187/2187/2187 2188/2188/2188 2189/2189/2189
f 2190/2190/2190 2191/2191/2191 2192/2192/2192
f 2193/2193/2193 2194/2194/2194 2195/2195/2195
f 2196/2196/2196 2197/2197/2197 2198/2198/2198
f 2199/2199/2199 2200/2200/2200 2201/2201/2201
f 2202/2202/2202 2203/2203/2203 2204/2204/2204
f 2205/2205/2205 2206/2206/2206 2207/2207/2207
f 2208/2208/2208 2209/2209/2209 2210/2210/2210
f 2211/2211/2211 2212/2212/2212 2213/2213/2213
f 2214/2214/2214 2215/2215/2215 2216/2216/2216
f 2217/2217/2217 2218/2218/2218 2219/2219/2219
f 2220/2220/2220 2221/2221/2221 2222/2222/2222
f 2223/2223/2223 2224/2224/2224 2225/2225/2225
f 2226/2226/2226 2227/2227/2227 2228/2228/2228
f 2229/2229/2229 2230/2230/2230 2231/2231/2231
f 2232/2232/2232 2233/2233/2233 2234/2234/2234
f 2235/2235/2235 2236/2236/2236 2237/2237/2237
f 2238/2238/2238 2239/2239/2239 2240/2240/2240
f 2241/2241/2241 2242/2242/2242 2243/2243/2243
f 2244/2244/2244 2245/2245/2245 2246/2246/2246
f 2247/2247/2247 2248/2248/2248 2249/2249/2249
f 2250/2250/2250 2251/2251/2251 2252/2252/2252
f 2253/2253/2253 2254/2254/2254 2255/2255/2255
f 2256/2256/2256 2257/2257/2257 2258/2258/2258
f 2259/2259/2259 2260/2260/2260 2261/2261/2261
f 2262/2262/2262 2263/2263/2263 2264/2264/2264
f 2265/2265/2265 2266/2266/2266 2267/2267/2267
f 2266/2266/2266 2268/2268/2268 2269/2269/2269
f 2270/2270/2270 2269/2269/2269 2271/2271/2271
f 2268/2268/2268 2272/2272/2272 2273/2273/2273
f 2274/2274/2274 2273/2273/2273 2275/2275/2275
f 2272/2272/2272 2276/2276/2276 2277/2277/2277
f 2278/2278/2278 2277/2277/2277 2279/2279/2279
f 2276/2276/2276 2280/2280/2280 2281/2281/2281
f 2282/2282/2282 2281/2281/2281 2283/2283/2283
f 2280/2280/2280 2284/2284/2284 2285/2285/2285
f 2286/2286/2286 2285/2285/2285 2287/2287/2287
f 2284/2284/2284 2288/2288/2288 2289/2289/2289
f 2290/2290/2290 2289/2289/2289 2291/2291/2291
f 2292/2292/2292 2293/2293/2293 2294/2294/2294
f 2295/2295/2295 2296/2296/2296 2297/2297/2297
f 2298/2298/2298 2299/2299/2299 2300/2300/2300
f 2301/2301/2301 2302/2302/2302 2303/2303/2303
f 2304/2304/2304 2305/2305/2305 2306/2306/2306
f 2307/2307/2307 2308/2308/2308 2309/2309/2309
f 2310/2310/2310 2311/2311/2311 2312/2312/2312
f 2313/2313/2313 2314/2314/2314 2315/2315/2315
f 2316/2316/2316 2317/2317/2317 2318/2318/2318
f 2319/2319/2319 2320/2320/2320 2321/2321/2321
f 2322/2322/2322 2323/2323/2323 2320/2320/2320
f 2324/2324/2324 2325/2325/2325 2326/2326/2326
f 2327/2327/2327 2328/2328/2328 2329/2329/2329
f 2330/2330/2330 2331/2331/2331 2332/2332/2332
f 2333/2333/2333 2334/2334/2334 2335/2335/2335
f 2336/2336/2336 2337/2337/2337 2338/2338/2338
f 2336/2336/2336 2339/2339/2339 2340/2340/2340
f 2341/2341/2341 2342/2342/2342 2343/2343/2343
f 2344/2344/2344 2345/2345/2345 2342/2342/2342
f 2346/2346/2346 2347/2347/2347 2348/2348/2348
f 2349/2349/2349 2350/2350/2350 2351/2351/2351
f 2352/2352/2352 2353/2353/2353 2354/2354/2354
f 2355/2355/2355 2356/2356/2356 2357/2357/2357
f 2358/2358/2358 2359/2359/2359 2360/2360/2360
f 2361/2361/2361 2362/2362/2362 2363/2363/2363
f 2364/2364/2364 2365/2365/2365 2366/2366/2366
f 2367/2367/2367 2368/2368/2368 2369/2369/2369
f 2370/2370/2370 2371/2371/2371 2372/2372/2372
f 2373/2373/2373 2374/2374/2374 2375/2375/2375
f 2376/2376/2376 2377/2377/2377 2378/2378/2378
f 2379/2379/2379 2380/2380/2380 2381/2381/2381
f 2382/2382/2382 2383/2383/2383 2384/2384/2384
f 2385/2385/2385 2386/2386/2386 2387/2387/2387
f 2388/2388/2388 2389/2389/2389 2390/2390/2390
f 2391/2391/2391 2392/2392/2392 2393/2393/2393
f 2394/2394/2394 2395/2395/2395 2396/2396/2396
f 2397/2397/2397 2398/2398/2398 2399/2399/2399
f 2400/2400/2400 2401/2401/2401 2402/2402/2402
f 2401/2401/2401 2403/2403/2403 2404/2404/2404
f 2405/2405/2405 2404/2404/2404 2406/2406/2406
f 2407/2407/2407 2408/2408/2408 2409/2409/2409
f 2410/2410/2410 2411/2411/2411 2412/2412/2412
f 2413/2413/2413 2414/2414/2414 2415/2415/2415
f 2416/2416/2416 2417/2417/2417 2418/2418/2418
f 2419/2419/2419 2420/2420/2420 2421/2421/2421
f 2422/2422/2422 2423/2423/2423 2424/2424/2424

# Submesh 1: 55 vertices
v -0.139744 0.649901 1.067746
vn -0.543251 0.716703 0.437282
vt 0.466779 0.917258
v -0.089799 0.639488 1.110629
vn -0.366301 0.604576 0.707327
vt 0.491226 0.912161
v -0.108220 0.674563 1.067746
vn -0.418860 0.793882 0.440803
vt 0.482209 0.929329
v -0.190814 0.918988 -0.032140
vn -0.633298 0.667612 0.391443
vt 0.024150 0.416207
v -0.190675 0.819294 0.151469
vn -0.579465 0.759704 0.295078
vt 0.102440 0.416284
v -0.137204 0.841923 0.186028
vn -0.419309 0.846226 0.328758
vt 0.117176 0.446307
v 0.213302 0.592357 1.067746
vn 0.711254 0.552401 0.434707
vt 0.639584 0.889092
v 0.089799 0.639488 1.110629
vn 0.366301 0.604575 0.707328
vt 0.579133 0.912161
v 0.123634 0.560528 1.156069
vn 0.407492 0.488621 0.771492
vt 0.595694 0.873513
v -0.190814 0.918988 -0.032140
vn -0.633298 0.667612 0.391443
vt 0.024150 0.416207
v -0.137204 0.841923 0.186028
vn -0.419309 0.846226 0.328758
vt 0.117176 0.446307
v -0.137434 0.970969 -0.021078
vn -0.451024 0.768380 0.454059
vt 0.028866 0.446177
v 0.213302 0.592357 1.067746
vn 0.711254 0.552401 0.434707
vt 0.639584 0.889092
v 0.139745 0.649901 1.067746
vn 0.543573 0.714775 0.440029
vt 0.603580 0.917258
v 0.089799 0.639488 1.110629
vn 0.366301 0.604575 0.707328
vt 0.579133 0.912161
v -0.137204 0.841923 0.186028
vn -0.419309 0.846226 0.328758
vt 0.117176 0.446307
v -0.190675 0.819294 0.151469
vn -0.579465 0.759704 0.295078
vt 0.102440 0.416284
v -0.181527 0.765362 0.400164
vn -0.533727 0.823931 0.190454
vt 0.208483 0.421421
v -0.181527 0.765362 0.400164
vn -0.533727 0.823931 0.190454
vt 0.208483 0.421421
v -0.130699 0.796061 0.412260
vn -0.390821 0.899172 0.196845
vt 0.213640 0.449959
v -0.130699 0.796061 0.412260
vn -0.390821 0.899172 0.196845
vt 0.213640 0.449959
v -0.181527 0.765362 0.400164
vn -0.533727 0.823931 0.190454
vt 0.208483 0.421421
v -0.170425 0.740702 0.534077
vn -0.570180 0.802129 0.177436
vt 0.265583 0.427654
v 0.250706 0.683756 0.534077
vn 0.801426 0.577298 0.156342
vt 0.291350 0.344937
v 0.139745 0.649901 1.067746
vn 0.543573 0.714775 0.440029
vt 0.080601 0.331568
v 0.213302 0.592357 1.067746
vn 0.711254 0.552401 0.434707
vt 0.080601 0.308843
v -0.130699 0.796061 0.412260
vn -0.390821 0.899172 0.196845
vt 0.213640 0.449959
v -0.170425 0.740702 0.534077
vn -0.570180 0.802129 0.177436
vt 0.265583 0.427654
v -0.127197 0.771366 0.534077
vn -0.422714 0.887295 0.184447
vt 0.265583 0.451925
v 0.250706 0.683756 0.534077
vn 0.801426 0.577298 0.156342
vt 0.291350 0.344937
v 0.170425 0.740702 0.534077
vn 0.571396 0.798636 0.188908
vt 0.291350 0.367426
v 0.139745 0.649901 1.067746
vn 0.543573 0.714775 0.440029
vt 0.080601 0.331568
v -0.170425 0.740702 0.534077
vn -0.570180 0.802129 0.177436
vt 0.265583 0.427654
v -0.139744 0.649901 1.067746
vn -0.543251 0.716703 0.437282
vt 0.493137 0.444880
v -0.108220 0.674563 1.067746
vn -0.418860 0.793882 0.440803
vt 0.493137 0.462580
v 0.258020 0.720584 0.376590
vn 0.795174 0.583125 0.166324
vt 0.353542 0.359481
v 0.170425 0.740702 0.534077
vn 0.571396 0.798636 0.188908
vt 0.291350 0.367426
v 0.250706 0.683756 0.534077
vn 0.801426 0.577298 0.156342
vt 0.291350 0.344937
v -0.170425 0.740702 0.534077
vn -0.570180 0.802129 0.177436
vt 0.265583 0.427654
v -0.108220 0.674563 1.067746
vn -0.418860 0.793882 0.440803
vt 0.493137 0.462580
v -0.127197 0.771366 0.534077
vn -0.422714 0.887295 0.184447
vt 0.265583 0.451925
v 0.258020 0.720584 0.376590
vn 0.795174 0.583125 0.166324
vt 0.353542 0.359481
v 0.181627 0.765870 0.397992
vn 0.536074 0.818349 0.207194
vt 0.345091 0.377364
v 0.170425 0.740702 0.534077
vn 0.571396 0.798636 0.188908
vt 0.291350 0.367426
v 0.270883 0.841016 -0.048732
vn 0.843973 0.489943 0.218326
vt 0.521505 0.407040
v 0.190813 0.918988 -0.032140
vn 0.631029 0.702522 0.329037
vt 0.514952 0.437831
v 0.190675 0.819294 0.151469
vn 0.577434 0.770328 0.270491
vt 0.442444 0.398462
v 0.258020 0.720584 0.376590
vn 0.795174 0.583125 0.166324
vt 0.353542 0.359481
v 0.190675 0.819294 0.151469
vn 0.577434 0.770328 0.270491
vt 0.442444 0.398462
v 0.181627 0.765870 0.397992
vn 0.536074 0.818349 0.207194
vt 0.345091 0.377364
v 0.270883 0.785349 0.099631
vn 0.858125 0.485151 0.168075
vt 0.462915 0.385057
v 0.190675 0.819294 0.151469
vn 0.577434 0.770328 0.270491
vt 0.442444 0.398462
v 0.270883 0.841016 -0.048732
vn 0.843973 0.489943 0.218326
vt 0.521505 0.407040
v 0.190675 0.819294 0.151469
vn 0.577434 0.770328 0.270491
vt 0.442444 0.398462
v 0.270883 0.785349 0.099631
vn 0.858125 0.485151 0.168075
vt 0.462915 0.385057
g Rennwagen_Low_part_1
# Submesh 1: 19 triangles
f 2425/2425/2425 2426/2426/2426 2427/2427/2427
f 2428/2428/2428 2429/2429/2429 2430/2430/2430
f 2431/2431/2431 2432/2432/2432 2433/2433/2433
f 2434/2434/2434 2435/2435/2435 2436/2436/2436
f 2437/2437/2437 2438/2438/2438 2439/2439/2439
f 2440/2440/2440 2441/2441/2441 2442/2442/2442
f 2440/2440/2440 2443/2443/2443 2444/2444/2444
f 2445/2445/2445 2446/2446/2446 2447/2447/2447
f 2448/2448/2448 2449/2449/2449 2450/2450/2450
f 2451/2451/2451 2452/2452/2452 2453/2453/2453
f 2454/2454/2454 2455/2455/2455 2456/2456/2456
f 2457/2457/2457 2458/2458/2458 2459/2459/2459
f 2460/2460/2460 2461/2461/2461 2462/2462/2462
f 2463/2463/2463 2464/2464/2464 2465/2465/2465
f 2466/2466/2466 2467/2467/2467 2468/2468/2468
f 2469/2469/2469 2470/2470/2470 2471/2471/2471
f 2472/2472/2472 2473/2473/2473 2474/2474/2474
f 2472/2472/2472 2475/2475/2475 2476/2476/2476
f 2477/2477/2477 2478/2478/2478 2479/2479/2479
