# Converted from HGS (Mercury 3D Engine)
# Model: Rennwagen
o Rennwagen

# Submesh 0: 971 vertices
v 0.158665 0.245699 1.214813
vn 0.004071 -0.999799 0.019636
vt 0.175592 0.061258
v 0.052889 0.245699 1.236740
vn 0.004071 -0.999799 0.019636
vt 0.173933 0.071331
v 0.273740 0.243279 1.067746
vn 0.004071 -0.999799 0.019636
vt 0.186723 0.050300
v -0.045811 0.858248 0.214269
vn -0.123069 0.927062 0.354134
vt 0.129217 0.497620
v -0.137204 0.841923 0.186028
vn -0.419309 0.846226 0.328758
vt 0.117176 0.446307
v -0.130699 0.796061 0.412260
vn -0.390821 0.899172 0.196845
vt 0.213640 0.449959
v -0.043593 0.815859 0.422144
vn -0.119735 0.972371 0.200393
vt 0.217855 0.498865
v 0.045811 0.858248 0.214269
vn 0.123068 0.927062 0.354134
vt 0.129217 0.549062
v 0.043593 0.815858 0.422144
vn 0.119735 0.972371 0.200393
vt 0.217855 0.547817
v -0.045811 0.992223 -0.021078
vn -0.124688 0.857658 0.498874
vt 0.028866 0.497620
v -0.137434 0.970969 -0.021078
vn -0.451024 0.768380 0.454059
vt 0.028866 0.446177
v -0.190814 0.918988 -0.032140
vn -0.633298 0.667612 0.391443
vt 0.024150 0.416207
v -0.190675 0.819294 0.151469
vn -0.579465 0.759704 0.295078
vt 0.102440 0.416284
v -0.181527 0.765362 0.400164
vn -0.533727 0.823931 0.190454
vt 0.208483 0.421421
v -0.170425 0.740702 0.534077
vn -0.570180 0.802129 0.177436
vt 0.265583 0.427654
v -0.127197 0.771366 0.534077
vn -0.422714 0.887295 0.184447
vt 0.265583 0.451925
v -0.108220 0.674563 1.067746
vn -0.418860 0.793882 0.440803
vt 0.493137 0.462580
v -0.036073 0.700376 1.067746
vn -0.144627 0.884882 0.442794
vt 0.493137 0.503087
v -0.042399 0.793033 0.534077
vn -0.132635 0.973281 0.187436
vt 0.265582 0.499536
v 0.036073 0.700376 1.067746
vn 0.144627 0.884882 0.442794
vt 0.493137 0.543595
v 0.042399 0.793033 0.534077
vn 0.132636 0.973281 0.187435
vt 0.265582 0.547146
v 0.127197 0.771366 0.534077
vn 0.422595 0.887339 0.184507
vt 0.265583 0.594757
v 0.130699 0.796061 0.412260
vn 0.390581 0.899269 0.196880
vt 0.213640 0.596723
v 0.137203 0.841923 0.186028
vn 0.419191 0.846293 0.328736
vt 0.117176 0.600375
v -0.139744 0.649901 1.067746
vn -0.543251 0.716703 0.437282
vt 0.493137 0.444880
v 0.108220 0.674563 1.067746
vn 0.418860 0.793882 0.440804
vt 0.493137 0.584102
v 0.170425 0.740702 0.534077
vn 0.569965 0.802254 0.177562
vt 0.265582 0.619028
v 0.181627 0.765870 0.397992
vn 0.533286 0.824197 0.190541
vt 0.207556 0.625317
v 0.139745 0.649901 1.067746
vn 0.543251 0.716702 0.437283
vt 0.493137 0.601802
v 0.190675 0.819294 0.151469
vn 0.579257 0.759874 0.295048
vt 0.102440 0.630397
v 0.190813 0.918988 -0.032140
vn 0.633298 0.667612 0.391443
vt 0.024149 0.630475
v 0.137433 0.970969 -0.021078
vn 0.451024 0.768380 0.454058
vt 0.028866 0.600504
v 0.045811 0.992223 -0.021078
vn 0.124687 0.857659 0.498874
vt 0.028866 0.549062
v 0.228506 0.523539 -0.656148
vn -1.000000 -0.000000 -0.000000
vt 0.127277 0.964271
v 0.228506 0.262002 -0.741127
vn -1.000000 -0.000000 -0.000000
vt 0.175905 0.814608
v 0.228506 0.423640 -0.518650
vn -1.000000 -0.000000 -0.000000
vt 0.048594 0.907105
v 0.228506 0.262002 -0.466131
vn -1.000000 -0.000000 -0.000000
vt 0.018540 0.814608
v 0.228506 0.100363 -0.518651
vn -1.000000 -0.000000 -0.000000
vt 0.048595 0.722112
v 0.228506 0.000465 -0.656149
vn -1.000000 0.000000 -0.000000
vt 0.127277 0.664946
v 0.228506 0.000466 -0.826106
vn -1.000000 -0.000000 -0.000000
vt 0.224534 0.664946
v 0.228506 0.100364 -0.963604
vn -1.000000 0.000000 -0.000000
vt 0.303216 0.722112
v 0.228506 0.262003 -1.016123
vn -1.000000 -0.000000 -0.000000
vt 0.333270 0.814609
v 0.228506 0.423641 -0.963603
vn -1.000000 -0.000000 -0.000000
vt 0.303215 0.907105
v 0.228506 0.523539 -0.826105
vn -1.000000 -0.000000 -0.000000
vt 0.224533 0.964271
v 0.228506 0.523538 0.946536
vn -1.000000 0.000000 0.000000
vt 0.127173 0.964271
v 0.228506 0.262001 0.861558
vn -1.000000 0.000000 0.000000
vt 0.175801 0.814608
v 0.228506 0.423640 1.084034
vn -1.000000 0.000000 0.000000
vt 0.048491 0.907105
v 0.228506 0.262001 1.136554
vn -1.000000 0.000000 0.000000
vt 0.018437 0.814608
v 0.228506 0.100363 1.084034
vn -1.000000 0.000000 0.000000
vt 0.048491 0.722112
v 0.228506 0.000464 0.946536
vn -1.000000 0.000000 0.000000
vt 0.127173 0.664946
v 0.228506 0.000464 0.776579
vn -1.000000 0.000000 -0.000000
vt 0.224429 0.664946
v 0.228506 0.100363 0.639081
vn -1.000000 0.000000 -0.000000
vt 0.303112 0.722112
v 0.228506 0.262001 0.586562
vn -1.000000 0.000000 -0.000000
vt 0.333166 0.814608
v 0.228506 0.423640 0.639081
vn -1.000000 0.000000 -0.000000
vt 0.303112 0.907105
v 0.228506 0.523538 0.776579
vn -1.000000 0.000000 0.000000
vt 0.224430 0.964271
v -0.052888 0.245699 1.236740
vn -0.004071 -0.999799 0.019637
vt 0.173933 0.081404
v -0.158665 0.245699 1.214813
vn -0.004071 -0.999799 0.019637
vt 0.175592 0.091476
v -0.273740 0.243279 1.067746
vn -0.004071 -0.999799 0.019637
vt 0.186723 0.102434
v -0.400508 0.155987 -0.887045
vn -0.926032 0.221857 0.305361
vt 0.259406 0.753942
v -0.370508 0.199249 -0.827500
vn -0.926032 0.221857 0.305361
vt 0.225331 0.778699
v -0.370508 0.262002 -0.847889
vn -0.926032 -0.000000 0.377446
vt 0.236999 0.814609
v -0.400508 0.262002 -0.921492
vn -0.926032 -0.000000 0.377446
vt 0.279117 0.814609
v -0.370508 0.324755 -0.827499
vn -0.926032 -0.221857 0.305360
vt 0.225331 0.850519
v -0.400508 0.368018 -0.887045
vn -0.926032 -0.221857 0.305360
vt 0.259405 0.875275
v -0.370508 0.363539 -0.774118
vn -0.926032 -0.358973 0.116637
vt 0.194784 0.872712
v -0.400508 0.433539 -0.796863
vn -0.926032 -0.358973 0.116637
vt 0.207799 0.912769
v -0.370508 0.363539 -0.708136
vn -0.926031 -0.358973 -0.116638
vt 0.157026 0.872712
v -0.400508 0.433539 -0.685391
vn -0.926031 -0.358973 -0.116638
vt 0.144011 0.912769
v -0.370508 0.324755 -0.654755
vn -0.926031 -0.221857 -0.305361
vt 0.126479 0.850519
v -0.400508 0.368017 -0.595209
vn -0.926031 -0.221857 -0.305361
vt 0.092405 0.875275
v -0.370508 0.262002 -0.634365
vn -0.926032 0.000000 -0.377446
vt 0.114811 0.814608
v -0.400508 0.262002 -0.560763
vn -0.926032 0.000000 -0.377446
vt 0.072693 0.814608
v -0.370508 0.199249 -0.654755
vn -0.926032 0.221857 -0.305360
vt 0.126479 0.778698
v -0.400508 0.155986 -0.595209
vn -0.926032 0.221857 -0.305360
vt 0.092405 0.753942
v -0.370508 0.160465 -0.708136
vn -0.926032 0.358972 -0.116637
vt 0.157026 0.756505
v -0.400508 0.090465 -0.685392
vn -0.926032 0.358972 -0.116637
vt 0.144011 0.716448
v -0.370508 0.160465 -0.774119
vn -0.926032 0.358972 0.116638
vt 0.194784 0.756505
v -0.400508 0.090465 -0.796863
vn -0.926032 0.358972 0.116638
vt 0.207800 0.716448
v -0.333203 0.492952 0.425922
vn -0.461976 0.753741 -0.467389
vt 0.977471 0.101916
v -0.313091 0.491391 0.416260
vn -0.259649 0.709513 -0.655113
vt 0.977026 0.107652
v -0.315952 0.462372 0.404085
vn -0.409586 0.213103 -0.887033
vt 0.968750 0.106836
v -0.344537 0.464591 0.417817
vn -0.712250 0.251660 -0.655261
vt 0.969383 0.098684
v -0.325288 0.338926 0.404591
vn -0.431015 0.028904 -0.901882
vt 0.933546 0.104173
v -0.353874 0.341144 0.418323
vn -0.742310 0.053407 -0.667925
vt 0.934179 0.096022
v -0.309929 0.491391 0.474622
vn -0.187352 0.709514 0.679330
vt 0.933739 0.120441
v -0.330967 0.492952 0.467190
vn -0.408775 0.753740 0.514566
vt 0.933293 0.114441
v -0.341359 0.464591 0.476472
vn -0.637286 0.251660 0.728378
vt 0.941381 0.111478
v -0.311457 0.462372 0.487035
vn -0.311353 0.213103 0.926092
vt 0.942014 0.120005
v -0.350696 0.341144 0.476978
vn -0.665800 0.053407 0.744216
vt 0.976586 0.108815
v -0.320794 0.338926 0.487541
vn -0.331051 0.028903 0.943170
vt 0.977218 0.117342
v -0.337516 0.492952 0.344962
vn -0.461977 0.753740 -0.467390
vt 0.977471 0.127504
v -0.317404 0.491391 0.335301
vn -0.259651 0.709512 -0.655114
vt 0.977026 0.133239
v -0.320265 0.462372 0.323125
vn -0.409586 0.213103 -0.887032
vt 0.968750 0.132423
v -0.348850 0.464590 0.336858
vn -0.712250 0.251660 -0.655261
vt 0.969383 0.124271
v -0.329602 0.338926 0.323631
vn -0.431013 0.028904 -0.901883
vt 0.933546 0.129761
v -0.358187 0.341144 0.337363
vn -0.742309 0.053407 -0.667926
vt 0.934179 0.121609
v -0.314242 0.491391 0.393663
vn -0.187352 0.709513 0.679331
vt 0.889494 0.087391
v -0.335280 0.492952 0.386231
vn -0.408776 0.753740 0.514566
vt 0.889049 0.081391
v -0.345673 0.464591 0.395512
vn -0.637285 0.251660 0.728378
vt 0.897137 0.078428
v -0.315771 0.462372 0.406076
vn -0.311351 0.213103 0.926093
vt 0.897769 0.086955
v -0.355009 0.341144 0.396018
vn -0.665800 0.053406 0.744217
vt 0.932341 0.075765
v -0.325108 0.338926 0.406582
vn -0.331049 0.028903 0.943171
vt 0.932974 0.084292
v -0.343799 0.492952 0.267833
vn -0.461976 0.753741 -0.467389
vt 0.974806 0.136566
v -0.323687 0.491391 0.258172
vn -0.259648 0.709514 -0.655112
vt 0.974361 0.142301
v -0.326548 0.462372 0.245996
vn -0.409586 0.213103 -0.887032
vt 0.966086 0.141485
v -0.355134 0.464591 0.259729
vn -0.712250 0.251660 -0.655261
vt 0.966718 0.133334
v -0.335885 0.338926 0.246502
vn -0.431015 0.028904 -0.901882
vt 0.930881 0.138823
v -0.364470 0.341144 0.260234
vn -0.742309 0.053407 -0.667925
vt 0.931514 0.130671
v -0.320525 0.491391 0.316534
vn -0.187350 0.709513 0.679331
vt 0.888962 0.100717
v -0.341564 0.492952 0.309102
vn -0.408774 0.753740 0.514567
vt 0.888517 0.094718
v -0.351956 0.464591 0.318383
vn -0.637285 0.251660 0.728379
vt 0.896604 0.091754
v -0.322054 0.462372 0.328947
vn -0.311351 0.213103 0.926093
vt 0.897237 0.100282
v -0.361293 0.341144 0.318889
vn -0.665799 0.053407 0.744217
vt 0.931809 0.089092
v -0.331391 0.338926 0.329453
vn -0.331049 0.028903 0.943171
vt 0.932441 0.097619
v -0.348832 0.492952 0.184326
vn -0.461976 0.753741 -0.467388
vt 0.935358 0.066201
v -0.328720 0.491391 0.174664
vn -0.259650 0.709513 -0.655113
vt 0.934913 0.071936
v -0.331581 0.462372 0.162489
vn -0.409585 0.213104 -0.887033
vt 0.926638 0.071121
v -0.360166 0.464591 0.176221
vn -0.712250 0.251661 -0.655261
vt 0.927270 0.062969
v -0.340918 0.338926 0.162995
vn -0.431013 0.028904 -0.901883
vt 0.891434 0.068458
v -0.369503 0.341144 0.176727
vn -0.742309 0.053407 -0.667926
vt 0.892066 0.060306
v -0.325558 0.491391 0.233026
vn -0.187349 0.709513 0.679332
vt 0.888428 0.127371
v -0.346596 0.492952 0.225594
vn -0.408773 0.753741 0.514566
vt 0.887983 0.121371
v -0.356988 0.464591 0.234876
vn -0.637285 0.251660 0.728378
vt 0.896071 0.118408
v -0.327087 0.462372 0.245439
vn -0.311350 0.213103 0.926093
vt 0.896703 0.126935
v -0.366325 0.341144 0.235382
vn -0.665800 0.053406 0.744217
vt 0.931275 0.115745
v -0.336423 0.338926 0.245945
vn -0.331048 0.028903 0.943171
vt 0.931908 0.124272
v -0.038542 1.037234 -0.756733
vn -0.177465 0.901322 -0.395127
vt 0.819191 0.591547
v 0.038542 1.037233 -0.756733
vn 0.177465 0.901322 -0.395127
vt 0.819191 0.551324
v 0.032464 0.870856 -1.008372
vn 0.131799 0.756025 -0.641136
vt 0.927163 0.554495
v -0.032464 0.870856 -1.008372
vn -0.131799 0.756025 -0.641136
vt 0.927163 0.588375
v 0.044621 1.101801 -0.493122
vn 0.203719 0.949582 -0.238312
vt 0.706082 0.548152
v 0.115627 1.002010 -0.756733
vn 0.584371 0.744785 -0.322190
vt 0.819191 0.511101
v 0.097391 0.860392 -0.999884
vn 0.430378 0.695677 -0.575159
vt 0.923521 0.520616
v 0.086077 0.777223 -1.076216
vn 0.287333 0.631058 -0.720559
vt 0.956273 0.526519
v 0.034380 0.782512 -1.090363
vn 0.107633 0.633822 -0.765953
vt 0.962343 0.553495
v -0.034381 0.782512 -1.090363
vn -0.107633 0.633822 -0.765953
vt 0.962343 0.589375
v -0.086077 0.777223 -1.076216
vn -0.287334 0.631057 -0.720559
vt 0.956273 0.616351
v -0.097391 0.860392 -0.999884
vn -0.430379 0.695677 -0.575160
vt 0.923521 0.622255
v -0.115627 1.002010 -0.756733
vn -0.584371 0.744785 -0.322190
vt 0.819191 0.631770
v -0.044621 1.101801 -0.493122
vn -0.203719 0.949582 -0.238312
vt 0.706082 0.594719
v 0.133862 1.062313 -0.493122
vn 0.639052 0.741661 -0.203840
vt 0.706082 0.501585
v -0.133862 1.062313 -0.493122
vn -0.639052 0.741661 -0.203840
vt 0.706082 0.641286
v 0.052541 0.243280 -1.246617
vn 0.000000 -1.000000 -0.000001
vt 0.361881 0.071364
v 0.157623 0.243280 -1.227824
vn -0.000000 -1.000000 -0.000001
vt 0.360458 0.061358
v 0.246350 0.243280 -0.999885
vn 0.000000 -1.000000 -0.000001
vt 0.343207 0.052909
v 0.343119 0.243279 -0.262111
vn 0.000000 -1.000000 -0.000001
vt 0.287370 0.043694
v -0.343119 0.243279 -0.262111
vn 0.000000 -1.000000 -0.000001
vt 0.287370 0.109041
v -0.340861 0.243279 -0.340082
vn 0.000000 -1.000000 -0.000001
vt 0.293271 0.108826
v 0.340861 0.243279 -0.340082
vn 0.000000 -1.000000 -0.000001
vt 0.293272 0.043909
v 0.338602 0.243279 -0.418054
vn 0.000000 -1.000000 -0.000001
vt 0.299173 0.044124
v -0.338602 0.243279 -0.418054
vn 0.000000 -1.000000 -0.000001
vt 0.299173 0.108611
v 0.292476 0.243279 -0.754751
vn 0.000000 -1.000000 -0.000001
vt 0.324655 0.048516
v -0.292476 0.243279 -0.754751
vn 0.000000 -1.000000 -0.000001
vt 0.324655 0.104219
v -0.246350 0.243280 -0.999885
vn 0.000000 -1.000000 -0.000001
vt 0.343207 0.099826
v -0.052541 0.243280 -1.246617
vn 0.000000 -1.000000 -0.000001
vt 0.361881 0.081371
v -0.157623 0.243280 -1.227824
vn -0.000000 -1.000000 -0.000001
vt 0.360458 0.091377
v -0.345378 0.243279 -0.184139
vn 0.000000 -1.000000 -0.000001
vt 0.281469 0.109256
v 0.343119 0.243279 -0.262111
vn 0.000000 -1.000000 -0.000001
vt 0.287370 0.043694
v 0.345378 0.243279 -0.184139
vn 0.000000 -1.000000 -0.000001
vt 0.281469 0.043479
v -0.347636 0.243279 -0.106168
vn 0.000000 -1.000000 -0.000000
vt 0.275568 0.109471
v 0.347636 0.243279 -0.106168
vn 0.000000 -1.000000 -0.000000
vt 0.275568 0.043264
v -0.347636 0.243279 0.178025
vn 0.000000 -1.000000 -0.000000
vt 0.254060 0.109471
v 0.347636 0.243279 0.178025
vn 0.000000 -1.000000 -0.000000
vt 0.254060 0.043264
v -0.334689 0.243279 0.356051
vn 0.000000 -1.000000 -0.000001
vt 0.240586 0.108238
v 0.334689 0.243279 0.356051
vn 0.000000 -1.000000 -0.000001
vt 0.240586 0.044497
v -0.321742 0.243279 0.534077
vn 0.000000 -1.000000 -0.000000
vt 0.227112 0.107005
v 0.321742 0.243279 0.534077
vn 0.000000 -1.000000 -0.000000
vt 0.227112 0.045729
v -0.273740 0.243279 1.067746
vn 0.000000 -0.999974 0.007160
vt 0.186723 0.102434
v 0.273740 0.243279 1.067746
vn 0.000000 -0.999974 0.007160
vt 0.186723 0.050300
v 0.052889 0.245699 1.236740
vn 0.000000 -0.999898 0.014319
vt 0.173933 0.071331
v -0.052888 0.245699 1.236740
vn 0.000000 -0.999898 0.014319
vt 0.173933 0.081404
v -0.270794 0.654650 -0.754750
vn -0.973460 0.166185 -0.157350
vt 0.800315 0.333443
v -0.292476 0.448964 -0.754751
vn -0.985947 0.049908 -0.159430
vt 0.800315 0.252217
v -0.338602 0.448964 -0.427760
vn -0.994972 0.055441 -0.083405
vt 0.671185 0.252217
v -0.246350 0.448965 -0.999885
vn -0.957478 0.056729 -0.282873
vt 0.897120 0.252217
v -0.228087 0.654650 -0.999885
vn -0.919981 0.216402 -0.326810
vt 0.897119 0.333443
v -0.157623 0.448965 -1.227824
vn -0.618943 0.129624 -0.774666
vt 0.987134 0.252217
v -0.145938 0.654650 -1.161646
vn -0.541272 0.387375 -0.746301
vt 0.961000 0.333443
v -0.112066 0.720677 -1.119814
vn -0.396980 0.566966 -0.721773
vt 0.944480 0.359518
v -0.191959 0.785571 -0.999884
vn -0.751856 0.487039 -0.444416
vt 0.897119 0.385145
v -0.347636 0.243279 -0.106168
vn -0.999895 -0.000000 -0.014478
vt 0.544186 0.170990
v -0.345378 0.448964 -0.184139
vn -0.998159 0.058427 -0.016268
vt 0.574978 0.252217
v -0.345378 0.243279 -0.184139
vn -0.999581 -0.000000 -0.028954
vt 0.574978 0.170990
v -0.343119 0.448964 -0.262111
vn -0.998423 0.049558 -0.026368
vt 0.605769 0.252217
v -0.343119 0.243279 -0.262111
vn -0.999593 -0.000166 -0.028517
vt 0.605769 0.170990
v -0.340861 0.448964 -0.344935
vn -0.997916 0.053169 -0.036552
vt 0.638477 0.252217
v -0.340861 0.243279 -0.340082
vn -0.999605 -0.000663 -0.028080
vt 0.636560 0.170990
v -0.338602 0.243279 -0.418054
vn -0.996547 -0.002125 -0.083004
vt 0.667352 0.170990
v -0.292476 0.243279 -0.754751
vn -0.986897 -0.001625 -0.161345
vt 0.800315 0.170991
v -0.246350 0.243280 -0.999885
vn -0.961441 0.000000 -0.275012
vt 0.897120 0.170991
v -0.157623 0.243280 -1.227824
vn -0.631186 0.003103 -0.775625
vt 0.987134 0.170991
v -0.097391 0.860392 -0.999884
vn -0.430379 0.695677 -0.575160
vt 0.897119 0.414692
v -0.086077 0.777223 -1.076216
vn -0.287334 0.631057 -0.720559
vt 0.927263 0.381848
v -0.115627 1.002010 -0.756733
vn -0.584371 0.744785 -0.322190
vt 0.801098 0.470617
v -0.227902 0.837649 -0.754750
vn -0.887237 0.413237 -0.205051
vt 0.800315 0.405711
v -0.313500 0.654649 -0.441453
vn -0.983679 0.148957 -0.100934
vt 0.676592 0.333443
v -0.323529 0.594684 -0.354441
vn -0.993260 0.106851 -0.044917
vt 0.642231 0.309762
v -0.333557 0.572959 -0.267429
vn -0.994775 0.099190 -0.024152
vt 0.607869 0.301183
v -0.327711 0.589506 -0.180416
vn -0.993166 0.116658 -0.003522
vt 0.573507 0.307717
v -0.347636 0.448964 -0.106168
vn -0.997440 0.071254 -0.006061
vt 0.544186 0.252217
v -0.321865 0.639892 -0.093404
vn -0.983445 0.179766 0.022816
vt 0.539146 0.327615
v -0.321865 0.571990 0.178025
vn -0.973905 0.215873 0.070056
vt 0.431957 0.300800
v -0.270883 0.785349 0.099631
vn -0.858137 0.485121 0.168104
vt 0.462915 0.385057
v -0.309877 0.548816 0.356051
vn -0.968184 0.230772 0.096763
vt 0.361653 0.291649
v -0.263844 0.860334 -0.469107
vn -0.910837 0.384064 -0.151229
vt 0.687513 0.414669
v -0.133862 1.062313 -0.493122
vn -0.639052 0.741661 -0.203840
vt 0.696996 0.494431
v -0.257768 0.719314 0.382021
vn -0.795211 0.583088 0.166276
vt 0.351398 0.358979
v -0.297890 0.525642 0.534077
vn -0.965673 0.239515 0.100543
vt 0.291350 0.282497
v -0.321742 0.402615 0.534077
vn -0.991990 0.091168 0.087434
vt 0.291350 0.233913
v -0.334689 0.417776 0.356051
vn -0.992368 0.093093 0.080869
vt 0.361653 0.239900
v -0.347636 0.432938 0.178025
vn -0.995347 0.084556 0.046202
vt 0.431957 0.245888
v -0.321865 0.639892 -0.093404
vn -0.970163 0.227003 0.085173
vt 0.539146 0.327615
v -0.270883 0.841016 -0.048732
vn -0.843973 0.489942 0.218326
vt 0.521505 0.407040
v -0.190675 0.819294 0.151469
vn -0.577512 0.770251 0.270542
vt 0.442444 0.398462
v -0.181527 0.765362 0.400164
vn -0.536227 0.818266 0.207128
vt 0.344233 0.377164
v -0.250706 0.683756 0.534077
vn -0.801442 0.577299 0.156258
vt 0.291350 0.344937
v -0.253447 0.487352 1.067746
vn -0.879004 0.270473 0.392679
vt 0.080601 0.267376
v -0.273740 0.364325 1.067746
vn -0.922777 0.091797 0.374240
vt 0.080601 0.218792
v -0.273740 0.243279 1.067746
vn -0.929530 0.001357 0.368743
vt 0.080601 0.170990
v -0.321742 0.243279 0.534077
vn -0.996709 0.000000 0.081063
vt 0.291350 0.170990
v -0.334689 0.243279 0.356051
vn -0.997366 -0.000000 0.072535
vt 0.361653 0.170990
v -0.347636 0.243279 0.178025
vn -0.999341 -0.000000 0.036291
vt 0.431957 0.170990
v -0.190814 0.918988 -0.032140
vn -0.631030 0.702520 0.329038
vt 0.514952 0.437831
v -0.170425 0.740702 0.534077
vn -0.571464 0.798617 0.188788
vt 0.291350 0.367426
v -0.139744 0.649901 1.067746
vn -0.543573 0.714774 0.440029
vt 0.080601 0.331568
v -0.213302 0.592357 1.067746
vn -0.711254 0.552401 0.434708
vt 0.080601 0.308843
v 0.228506 0.523538 0.946536
vn 0.000000 0.951056 0.309017
vt 0.042855 0.098150
v 0.228506 0.423640 1.084034
vn 0.000000 0.587785 0.809017
vt 0.042855 0.085632
v 0.400508 0.423640 1.084034
vn 0.000000 0.587785 0.809017
vt 0.061871 0.085632
v 0.400508 0.523538 0.946536
vn 0.000000 0.951056 0.309017
vt 0.061871 0.098150
v 0.228506 0.523538 0.776579
vn 0.000000 0.951057 -0.309017
vt 0.042855 0.113622
v 0.400508 0.523538 0.776579
vn 0.000000 0.951057 -0.309017
vt 0.061871 0.113622
v 0.139745 0.649901 1.067746
vn 0.543251 0.716702 0.437283
vt 0.603580 0.917258
v 0.108220 0.674563 1.067746
vn 0.418860 0.793882 0.440804
vt 0.588149 0.929329
v 0.089799 0.639488 1.110629
vn 0.366301 0.604575 0.707328
vt 0.579133 0.912161
v 0.213302 0.592357 1.067746
vn 0.711254 0.552401 0.434707
vt 0.639584 0.889092
v 0.139745 0.649901 1.067746
vn 0.543573 0.714775 0.440029
vt 0.603580 0.917258
v -0.146903 0.500115 1.185008
vn -0.470587 0.316233 0.823738
vt 0.463275 0.843943
v -0.123634 0.560528 1.156069
vn -0.407491 0.488621 0.771492
vt 0.474664 0.873513
v -0.213302 0.592357 1.067746
vn -0.711254 0.552401 0.434708
vt 0.430775 0.889092
v -0.253447 0.487352 1.067746
vn -0.879004 0.270473 0.392679
vt 0.411125 0.837696
v -0.273740 0.364325 1.067746
vn -0.922777 0.091797 0.374240
vt 0.401192 0.777478
v -0.158665 0.377088 1.213750
vn -0.508261 0.116334 0.853309
vt 0.457518 0.783725
v -0.048968 0.500115 1.202425
vn -0.092608 0.311148 0.945839
vt 0.511211 0.843943
v -0.052888 0.377088 1.231271
vn -0.087673 0.133438 0.987172
vt 0.509292 0.783725
v 0.052889 0.377088 1.231271
vn 0.087673 0.133438 0.987172
vt 0.561066 0.783725
v 0.052889 0.245699 1.236740
vn 0.092020 0.033156 0.995205
vt 0.561066 0.719414
v 0.158665 0.377088 1.213750
vn 0.508262 0.116334 0.853309
vt 0.612841 0.783725
v 0.158665 0.245699 1.214813
vn 0.518214 0.014447 0.855129
vt 0.612841 0.719414
v 0.273740 0.364325 1.067746
vn 0.922777 0.091797 0.374239
vt 0.669166 0.777478
v 0.146903 0.500115 1.185008
vn 0.470587 0.316233 0.823738
vt 0.607083 0.843943
v 0.253447 0.487352 1.067746
vn 0.879004 0.270473 0.392678
vt 0.659233 0.837696
v 0.123634 0.560528 1.156069
vn 0.407492 0.488621 0.771492
vt 0.595694 0.873513
v 0.034921 0.639488 1.134111
vn 0.137954 0.630044 0.764207
vt 0.552272 0.912161
v 0.273740 0.243279 1.067746
vn 0.929530 0.001357 0.368743
vt 0.669166 0.718230
v -0.052888 0.245699 1.236740
vn -0.092020 0.033156 0.995205
vt 0.509292 0.719414
v -0.158665 0.245699 1.214813
vn -0.518214 0.014447 0.855129
vt 0.457518 0.719414
v -0.273740 0.243279 1.067746
vn -0.929530 0.001357 0.368743
vt 0.401192 0.718230
v 0.048968 0.500115 1.202425
vn 0.092608 0.311148 0.945839
vt 0.559147 0.843943
v 0.041211 0.560528 1.180178
vn 0.121407 0.457430 0.880919
vt 0.555351 0.873513
v -0.041211 0.560528 1.180178
vn -0.121407 0.457430 0.880919
vt 0.515008 0.873513
v -0.034921 0.639488 1.134111
vn -0.137954 0.630044 0.764207
vt 0.518087 0.912161
v -0.089799 0.639488 1.110629
vn -0.366301 0.604576 0.707327
vt 0.491226 0.912161
v -0.139744 0.649901 1.067746
vn -0.543573 0.714774 0.440029
vt 0.466779 0.917258
v 0.036073 0.700376 1.067746
vn 0.144627 0.884882 0.442794
vt 0.552836 0.941964
v -0.036073 0.700376 1.067746
vn -0.144627 0.884882 0.442794
vt 0.517523 0.941964
v -0.108220 0.674563 1.067746
vn -0.418860 0.793882 0.440803
vt 0.482209 0.929329
v -0.139744 0.649901 1.067746
vn -0.543251 0.716703 0.437282
vt 0.466779 0.917258
v 0.246350 0.243280 -0.999885
vn 0.961441 0.000001 -0.275012
vt 0.897120 0.170991
v 0.157623 0.243280 -1.227824
vn 0.631186 0.003103 -0.775625
vt 0.987134 0.170991
v 0.157623 0.448965 -1.227824
vn 0.618943 0.129624 -0.774666
vt 0.987134 0.252217
v 0.347636 0.243279 -0.106168
vn 0.999895 0.000000 -0.014478
vt 0.544186 0.170990
v 0.345378 0.448964 -0.184139
vn 0.998159 0.058428 -0.016268
vt 0.574978 0.252217
v 0.347636 0.448964 -0.106168
vn 0.997440 0.071254 -0.006061
vt 0.544186 0.252217
v 0.345378 0.243279 -0.184139
vn 0.999581 0.000000 -0.028954
vt 0.574978 0.170990
v 0.343119 0.448964 -0.262111
vn 0.998423 0.049558 -0.026368
vt 0.605769 0.252217
v 0.343119 0.243279 -0.262111
vn 0.999593 -0.000165 -0.028517
vt 0.605769 0.170990
v 0.340861 0.448964 -0.344935
vn 0.997916 0.053169 -0.036552
vt 0.638477 0.252217
v 0.340861 0.243279 -0.340082
vn 0.999605 -0.000662 -0.028080
vt 0.636560 0.170990
v 0.338602 0.448964 -0.427760
vn 0.994972 0.055442 -0.083404
vt 0.671185 0.252217
v 0.338602 0.243279 -0.418054
vn 0.996547 -0.002124 -0.083003
vt 0.667352 0.170991
v 0.292476 0.448965 -0.754750
vn 0.985947 0.049908 -0.159429
vt 0.800315 0.252217
v 0.292476 0.243279 -0.754751
vn 0.986897 -0.001624 -0.161345
vt 0.800315 0.170991
v 0.246350 0.448965 -0.999885
vn 0.957478 0.056729 -0.282873
vt 0.897120 0.252217
v 0.228087 0.654650 -0.999884
vn 0.919981 0.216402 -0.326810
vt 0.897119 0.333443
v 0.145938 0.654650 -1.161646
vn 0.541273 0.387376 -0.746300
vt 0.961000 0.333443
v 0.112066 0.720677 -1.119814
vn 0.396981 0.566966 -0.721773
vt 0.944480 0.359518
v 0.086077 0.777223 -1.076216
vn 0.287333 0.631058 -0.720559
vt 0.927263 0.381848
v 0.097391 0.860392 -0.999884
vn 0.430378 0.695677 -0.575159
vt 0.897119 0.414692
v 0.191959 0.785571 -0.999884
vn 0.751856 0.487040 -0.444416
vt 0.897119 0.385145
v 0.270794 0.654650 -0.754750
vn 0.973460 0.166185 -0.157350
vt 0.800315 0.333443
v 0.313500 0.654649 -0.441453
vn 0.983679 0.148957 -0.100934
vt 0.676592 0.333443
v 0.323528 0.594684 -0.354441
vn 0.993260 0.106852 -0.044917
vt 0.642231 0.309762
v 0.333557 0.572960 -0.267429
vn 0.994775 0.099190 -0.024152
vt 0.607869 0.301183
v 0.327711 0.589506 -0.180416
vn 0.993166 0.116659 -0.003522
vt 0.573507 0.307718
v 0.321864 0.639893 -0.093404
vn 0.983445 0.179766 0.022816
vt 0.539146 0.327615
v 0.321864 0.571991 0.178025
vn 0.973909 0.215861 0.070044
vt 0.431957 0.300800
v 0.270883 0.785349 0.099631
vn 0.858125 0.485151 0.168075
vt 0.462915 0.385057
v 0.115627 1.002010 -0.756733
vn 0.584371 0.744785 -0.322190
vt 0.801098 0.470617
v 0.227901 0.837650 -0.754750
vn 0.887237 0.413237 -0.205051
vt 0.800315 0.405711
v 0.263843 0.860335 -0.469107
vn 0.910837 0.384065 -0.151229
vt 0.687513 0.414669
v 0.133862 1.062313 -0.493122
vn 0.639052 0.741661 -0.203840
vt 0.696996 0.494431
v 0.347636 0.432938 0.178025
vn 0.995347 0.084556 0.046202
vt 0.431957 0.245888
v 0.309877 0.548816 0.356051
vn 0.968192 0.230741 0.096768
vt 0.361653 0.291649
v 0.334689 0.417777 0.356051
vn 0.992368 0.093093 0.080869
vt 0.361653 0.239900
v 0.258020 0.720584 0.376590
vn 0.795174 0.583125 0.166324
vt 0.353542 0.359481
v 0.297890 0.525642 0.534077
vn 0.965676 0.239495 0.100559
vt 0.291350 0.282497
v 0.321742 0.402615 0.534077
vn 0.991990 0.091168 0.087433
vt 0.291350 0.233913
v 0.321864 0.639893 -0.093404
vn 0.970163 0.227003 0.085172
vt 0.539146 0.327615
v 0.270883 0.841016 -0.048732
vn 0.843973 0.489943 0.218326
vt 0.521505 0.407040
v 0.190675 0.819294 0.151469
vn 0.577434 0.770328 0.270491
vt 0.442444 0.398462
v 0.181627 0.765870 0.397992
vn 0.536074 0.818349 0.207194
vt 0.345091 0.377364
v 0.170425 0.740702 0.534077
vn 0.571396 0.798636 0.188908
vt 0.291350 0.367426
v 0.250706 0.683756 0.534077
vn 0.801426 0.577298 0.156342
vt 0.291350 0.344937
v 0.253447 0.487352 1.067746
vn 0.879004 0.270473 0.392678
vt 0.080601 0.267376
v 0.273740 0.364325 1.067746
vn 0.922777 0.091797 0.374239
vt 0.080601 0.218792
v 0.273740 0.243279 1.067746
vn 0.929530 0.001357 0.368743
vt 0.080601 0.170990
v 0.321742 0.243279 0.534077
vn 0.996709 0.000000 0.081063
vt 0.291350 0.170990
v 0.334689 0.243279 0.356051
vn 0.997366 0.000000 0.072534
vt 0.361653 0.170990
v 0.347636 0.243279 0.178025
vn 0.999341 0.000000 0.036291
vt 0.431957 0.170990
v 0.190813 0.918988 -0.032140
vn 0.631029 0.702522 0.329037
vt 0.514952 0.437831
v 0.213302 0.592357 1.067746
vn 0.711254 0.552401 0.434707
vt 0.080601 0.308843
v 0.139745 0.649901 1.067746
vn 0.543573 0.714775 0.440029
vt 0.080601 0.331568
v 0.228506 0.100363 1.084034
vn 0.000000 -0.587785 0.809017
vt 0.101870 0.046273
v 0.228506 0.000464 0.946536
vn 0.000000 -0.951057 0.309017
vt 0.101870 0.037178
v 0.400508 0.000464 0.946536
vn 0.000000 -0.951057 0.309017
vt 0.120885 0.037178
v 0.400508 0.100363 1.084034
vn 0.000000 -0.587785 0.809017
vt 0.120885 0.046273
v 0.228506 0.262001 1.136554
vn 0.000000 0.000001 1.000000
vt 0.101870 0.060988
v 0.400508 0.262001 1.136554
vn 0.000000 0.000001 1.000000
vt 0.120885 0.060988
v 0.228506 0.423640 1.084034
vn 0.000000 0.587785 0.809017
vt 0.101870 0.075703
v 0.400508 0.423640 1.084034
vn 0.000000 0.587785 0.809017
vt 0.120885 0.075703
v -0.330967 0.492952 0.467190
vn -0.408775 0.753740 0.514566
vt 0.799495 0.066390
v -0.340607 0.493598 0.447018
vn -0.638165 0.769123 0.034576
vt 0.799310 0.060637
v -0.355061 0.465509 0.447801
vn -0.960510 0.273335 0.052041
vt 0.807321 0.060861
v -0.341359 0.464591 0.476472
vn -0.637286 0.251660 0.728378
vt 0.807583 0.069037
v -0.364398 0.342063 0.448307
vn -0.995683 0.075529 0.053946
vt 0.842525 0.061005
v -0.353874 0.341144 0.418323
vn -0.742310 0.053407 -0.667925
vt 0.842787 0.052454
v -0.344537 0.464591 0.417817
vn -0.712250 0.251660 -0.655261
vt 0.807583 0.052310
v -0.333203 0.492952 0.425922
vn -0.461976 0.753741 -0.467389
vt 0.799495 0.054621
v -0.350696 0.341144 0.476978
vn -0.665800 0.053407 0.744216
vt 0.842787 0.069181
v 0.228506 0.000464 0.946536
vn 0.000000 -0.951057 0.309017
vt 0.042051 0.129882
v 0.228506 0.000464 0.776579
vn -0.000000 -0.951057 -0.309017
vt 0.023262 0.129882
v 0.400508 0.000464 0.776579
vn -0.000000 -0.951057 -0.309017
vt 0.023262 0.114223
v 0.400508 0.000464 0.946536
vn 0.000000 -0.951057 0.309017
vt 0.042051 0.114223
v 0.370508 0.262001 0.754796
vn 0.724618 -0.000000 -0.689151
vt 0.236895 0.814608
v 0.370508 0.324755 0.775185
vn 0.724618 0.405073 -0.557535
vt 0.225227 0.850518
v 0.400508 0.306214 0.800705
vn 0.930408 0.215438 -0.296525
vt 0.210624 0.839908
v 0.400508 0.262001 0.786340
vn 0.930408 -0.000000 -0.366525
vt 0.218844 0.814608
v 0.400508 0.262001 0.861558
vn 1.000000 -0.000000 -0.000000
vt 0.175801 0.814608
v 0.400508 0.217789 0.800705
vn 0.930408 -0.215438 -0.296525
vt 0.210624 0.789308
v 0.400508 0.190465 0.838314
vn 0.930408 -0.348586 -0.113262
vt 0.189102 0.773672
v 0.400508 0.190465 0.884802
vn 0.930408 -0.348586 0.113263
vt 0.162500 0.773672
v 0.400508 0.217789 0.922411
vn 0.930408 -0.215438 0.296525
vt 0.140979 0.789308
v 0.400508 0.262001 0.936776
vn 0.930409 0.000000 0.366524
vt 0.132758 0.814608
v 0.400508 0.306213 0.922410
vn 0.930408 0.215438 0.296524
vt 0.140979 0.839908
v 0.400508 0.333538 0.884801
vn 0.930408 0.348586 0.113262
vt 0.162500 0.855544
v 0.400508 0.333538 0.838314
vn 0.930408 0.348586 -0.113262
vt 0.189102 0.855545
v 0.370508 0.199248 0.775185
vn 0.724617 -0.405073 -0.557535
vt 0.225227 0.778698
v 0.370508 0.160465 0.828567
vn 0.724617 -0.655422 -0.212959
vt 0.194680 0.756504
v 0.370508 0.160465 0.894549
vn 0.724617 -0.655422 0.212960
vt 0.156922 0.756505
v 0.370508 0.199248 0.947930
vn 0.724618 -0.405073 0.557535
vt 0.126375 0.778698
v 0.370508 0.262001 0.968320
vn 0.724619 0.000000 0.689150
vt 0.114707 0.814608
v 0.370508 0.324755 0.947930
vn 0.724618 0.405073 0.557534
vt 0.126375 0.850518
v 0.370508 0.363538 0.894549
vn 0.724617 0.655422 0.212959
vt 0.156922 0.872712
v 0.370508 0.363538 0.828566
vn 0.724617 0.655422 -0.212959
vt 0.194680 0.872712
v 0.228506 0.523539 -0.656148
vn -0.000000 0.951056 0.309018
vt 0.062449 0.098069
v 0.228506 0.423640 -0.518650
vn -0.000000 0.587784 0.809018
vt 0.062449 0.085552
v 0.400508 0.423640 -0.518650
vn -0.000000 0.587784 0.809018
vt 0.081464 0.085552
v 0.400508 0.523539 -0.656148
vn -0.000000 0.951056 0.309018
vt 0.081464 0.098069
v 0.228506 0.523539 -0.826105
vn -0.000000 0.951057 -0.309016
vt 0.062449 0.113542
v 0.400508 0.523539 -0.826105
vn -0.000000 0.951057 -0.309016
vt 0.081464 0.113542
v -0.335280 0.492952 0.386231
vn -0.408776 0.753740 0.514566
vt 0.842141 0.138887
v -0.344921 0.493598 0.366058
vn -0.638165 0.769123 0.034576
vt 0.841957 0.133134
v -0.359375 0.465509 0.366841
vn -0.960510 0.273336 0.052040
vt 0.849967 0.133358
v -0.345673 0.464591 0.395512
vn -0.637285 0.251660 0.728378
vt 0.850229 0.141534
v -0.368711 0.342063 0.367347
vn -0.995683 0.075528 0.053946
vt 0.885171 0.133502
v -0.358187 0.341144 0.337363
vn -0.742309 0.053407 -0.667926
vt 0.885433 0.124951
v -0.348850 0.464590 0.336858
vn -0.712250 0.251660 -0.655261
vt 0.850229 0.124807
v -0.337516 0.492952 0.344962
vn -0.461977 0.753740 -0.467390
vt 0.842141 0.127118
v -0.355009 0.341144 0.396018
vn -0.665800 0.053406 0.744217
vt 0.885433 0.141678
v 0.228506 0.100363 -0.518651
vn 0.000000 -0.587786 0.809016
vt 0.101870 0.085457
v 0.228506 0.000465 -0.656149
vn 0.000000 -0.951057 0.309016
vt 0.101870 0.076363
v 0.400508 0.000465 -0.656149
vn 0.000000 -0.951057 0.309016
vt 0.120885 0.076363
v 0.400508 0.100363 -0.518651
vn 0.000000 -0.587786 0.809016
vt 0.120885 0.085457
v 0.228506 0.262002 -0.466131
vn 0.000000 -0.000001 1.000000
vt 0.101870 0.100173
v 0.400508 0.262002 -0.466131
vn 0.000000 -0.000001 1.000000
vt 0.120885 0.100173
v 0.228506 0.423640 -0.518650
vn -0.000000 0.587784 0.809018
vt 0.101870 0.114888
v 0.400508 0.423640 -0.518650
vn -0.000000 0.587784 0.809018
vt 0.120885 0.114888
v -0.351204 0.493598 0.288929
vn -0.638165 0.769123 0.034576
vt 0.798778 0.105948
v -0.343799 0.492952 0.267833
vn -0.461976 0.753741 -0.467389
vt 0.798962 0.099932
v -0.355134 0.464591 0.259729
vn -0.712250 0.251660 -0.655261
vt 0.807050 0.097621
v -0.341564 0.492952 0.309102
vn -0.408774 0.753740 0.514567
vt 0.798962 0.111701
v -0.365658 0.465509 0.289712
vn -0.960510 0.273335 0.052040
vt 0.806788 0.106171
v -0.364470 0.341144 0.260234
vn -0.742309 0.053407 -0.667925
vt 0.842254 0.097765
v -0.374995 0.342063 0.290218
vn -0.995683 0.075529 0.053946
vt 0.841992 0.106316
v -0.351956 0.464591 0.318383
vn -0.637285 0.251660 0.728379
vt 0.807050 0.114348
v -0.361293 0.341144 0.318889
vn -0.665799 0.053407 0.744217
vt 0.842254 0.114492
v -0.346596 0.492952 0.225594
vn -0.408773 0.753741 0.514566
vt 0.802693 0.048799
v -0.356237 0.493598 0.205422
vn -0.638164 0.769124 0.034576
vt 0.802509 0.043046
v -0.370690 0.465509 0.206205
vn -0.960510 0.273336 0.052040
vt 0.810519 0.043269
v -0.356988 0.464591 0.234876
vn -0.637285 0.251660 0.728378
vt 0.810781 0.051446
v -0.380027 0.342063 0.206711
vn -0.995683 0.075528 0.053945
vt 0.845723 0.043414
v -0.369503 0.341144 0.176727
vn -0.742309 0.053407 -0.667926
vt 0.845985 0.034863
v -0.360166 0.464591 0.176221
vn -0.712250 0.251661 -0.655261
vt 0.810781 0.034719
v -0.348832 0.492952 0.184326
vn -0.461976 0.753741 -0.467388
vt 0.802693 0.037030
v -0.366325 0.341144 0.235382
vn -0.665800 0.053406 0.744217
vt 0.845985 0.051590
v 0.228506 0.000465 -0.656149
vn 0.000000 -0.951057 0.309016
vt 0.081005 0.129577
v 0.228506 0.000466 -0.826106
vn 0.000000 -0.951056 -0.309018
vt 0.062216 0.129577
v 0.400508 0.000466 -0.826106
vn 0.000000 -0.951056 -0.309018
vt 0.062216 0.113919
v 0.400508 0.000465 -0.656149
vn 0.000000 -0.951057 0.309016
vt 0.081005 0.113919
v 0.330967 0.492952 0.467190
vn 0.408775 0.753741 0.514565
vt 0.847470 0.048171
v 0.341359 0.464591 0.476472
vn 0.637285 0.251660 0.728378
vt 0.855558 0.045524
v 0.355061 0.465509 0.447801
vn 0.960510 0.273336 0.052040
vt 0.855296 0.053701
v 0.340607 0.493598 0.447018
vn 0.638163 0.769124 0.034575
vt 0.847286 0.053924
v 0.350696 0.341144 0.476978
vn 0.665800 0.053407 0.744216
vt 0.890762 0.045380
v 0.364398 0.342063 0.448307
vn 0.995683 0.075529 0.053946
vt 0.890500 0.053556
v 0.353874 0.341144 0.418323
vn 0.742309 0.053407 -0.667926
vt 0.890762 0.062107
v 0.344537 0.464591 0.417817
vn 0.712250 0.251660 -0.655261
vt 0.855558 0.062251
v 0.333203 0.492952 0.425922
vn 0.461977 0.753741 -0.467389
vt 0.847470 0.059940
v -0.044621 1.101801 -0.493122
vn -0.036230 0.131420 0.990664
vt 0.526522 0.506342
v 0.263843 0.860335 -0.469107
vn 0.024148 0.132050 0.990949
vt 0.551627 0.429314
v 0.044621 1.101801 -0.493122
vn 0.036231 0.131420 0.990664
vt 0.526522 0.484057
v 0.133862 1.062313 -0.493122
vn 0.072375 0.163560 0.983875
vt 0.529282 0.461772
v -0.321865 0.639892 -0.093404
vn -0.000000 0.590950 -0.806708
vt 0.632691 0.575572
v -0.270883 0.841016 -0.048732
vn -0.020787 0.222003 -0.974824
vt 0.663332 0.562842
v 0.270883 0.841016 -0.048732
vn 0.020787 0.222004 -0.974824
vt 0.663332 0.427557
v 0.321864 0.639893 -0.093404
vn -0.000000 0.590950 -0.806708
vt 0.632691 0.414826
v -0.327711 0.589506 -0.180416
vn -0.000000 0.937157 -0.348908
vt 0.619284 0.577032
v 0.327711 0.589506 -0.180416
vn -0.000000 0.937157 -0.348908
vt 0.619284 0.413366
v -0.333557 0.572959 -0.267429
vn -0.000000 0.999598 0.028369
vt 0.607690 0.578492
v 0.333557 0.572960 -0.267429
vn -0.000000 0.999598 0.028369
vt 0.607690 0.411906
v -0.323529 0.594684 -0.354441
vn -0.000000 0.911434 0.411447
vt 0.595983 0.575988
v 0.323528 0.594684 -0.354441
vn -0.000000 0.911434 0.411447
vt 0.595983 0.414410
v -0.313500 0.654649 -0.441453
vn -0.000000 0.523125 0.852256
vt 0.582019 0.573484
v 0.313500 0.654649 -0.441453
vn -0.000000 0.523125 0.852256
vt 0.582019 0.416915
v -0.263844 0.860334 -0.469107
vn -0.024147 0.132049 0.990949
vt 0.551627 0.561084
v -0.133862 1.062313 -0.493122
vn -0.072374 0.163559 0.983875
vt 0.529282 0.528626
v 0.045811 0.992223 -0.021078
vn 0.031193 0.224557 -0.973962
vt 0.682589 0.483760
v 0.137433 0.970969 -0.021078
vn 0.062290 0.268522 -0.961258
vt 0.680347 0.460881
v 0.190813 0.918988 -0.032140
vn 0.062290 0.268522 -0.961258
vt 0.673541 0.447551
v -0.045811 0.992223 -0.021078
vn -0.031193 0.224557 -0.973962
vt 0.682589 0.506639
v -0.190814 0.918988 -0.032140
vn -0.062290 0.268521 -0.961258
vt 0.673541 0.542847
v -0.137434 0.970969 -0.021078
vn -0.062290 0.268521 -0.961258
vt 0.680347 0.529518
v 0.344537 0.464591 0.417817
vn 0.712250 0.251660 -0.655261
vt 0.969916 0.043687
v 0.353874 0.341144 0.418323
vn 0.742309 0.053407 -0.667926
vt 0.934712 0.046349
v 0.325288 0.338926 0.404591
vn 0.431014 0.028904 -0.901882
vt 0.934079 0.038197
v 0.315952 0.462372 0.404085
vn 0.409586 0.213103 -0.887033
vt 0.969283 0.035535
v 0.333203 0.492952 0.425922
vn 0.461977 0.753741 -0.467389
vt 0.978004 0.040454
v 0.313091 0.491391 0.416260
vn 0.259652 0.709513 -0.655112
vt 0.977559 0.034719
v -0.397314 0.302466 -0.421419
vn -0.000000 0.566690 -0.823931
vt 0.761588 0.031134
v -0.397314 0.360479 -0.381518
vn -0.000000 0.566690 -0.823931
vt 0.746253 0.031134
v -0.247218 0.360479 -0.381518
vn -0.000000 0.566690 -0.823931
vt 0.746252 0.088824
v -0.247218 0.302705 -0.421254
vn -0.000000 0.566690 -0.823931
vt 0.761525 0.088824
v -0.397314 0.236235 -0.466972
vn -0.000000 0.566690 -0.823931
vt 0.779097 0.031134
v -0.247218 0.236235 -0.466972
vn -0.000000 0.566690 -0.823931
vt 0.779097 0.088824
v -0.326232 0.503375 0.203796
vn -0.205621 0.978568 0.011141
vt 0.819201 0.141360
v -0.328720 0.491391 0.174664
vn -0.259650 0.709513 -0.655113
vt 0.810893 0.140650
v -0.348832 0.492952 0.184326
vn -0.461976 0.753741 -0.467388
vt 0.813648 0.134915
v -0.356237 0.493598 0.205422
vn -0.638164 0.769124 0.034576
vt 0.819664 0.132803
v -0.346596 0.492952 0.225594
vn -0.408773 0.753741 0.514566
vt 0.825417 0.135552
v -0.325558 0.491391 0.233026
vn -0.187349 0.709513 0.679332
vt 0.827536 0.141552
v 0.311457 0.462372 0.487035
vn 0.311352 0.213103 0.926092
vt 0.942013 0.047415
v 0.320794 0.338926 0.487541
vn 0.331050 0.028904 0.943170
vt 0.977218 0.050078
v 0.350696 0.341144 0.476978
vn 0.665800 0.053407 0.744216
vt 0.976585 0.058605
v 0.341359 0.464591 0.476472
vn 0.637285 0.251660 0.728378
vt 0.941381 0.055943
v 0.309929 0.491391 0.474622
vn 0.187352 0.709514 0.679330
vt 0.933738 0.046979
v 0.330967 0.492952 0.467190
vn 0.408775 0.753741 0.514565
vt 0.933293 0.052979
v -0.321200 0.503375 0.287304
vn -0.205621 0.978568 0.011141
vt 0.821693 0.127500
v -0.323687 0.491391 0.258172
vn -0.259648 0.709514 -0.655112
vt 0.813385 0.126791
v -0.343799 0.492952 0.267833
vn -0.461976 0.753741 -0.467389
vt 0.816140 0.121055
v -0.351204 0.493598 0.288929
vn -0.638165 0.769123 0.034576
vt 0.822156 0.118943
v -0.341564 0.492952 0.309102
vn -0.408774 0.753740 0.514567
vt 0.827909 0.121693
v -0.320525 0.491391 0.316534
vn -0.187350 0.709513 0.679331
vt 0.830029 0.127692
v 0.335280 0.492952 0.386230
vn 0.408774 0.753742 0.514565
vt 0.844272 0.066296
v 0.345673 0.464591 0.395512
vn 0.637285 0.251660 0.728379
vt 0.852360 0.063649
v 0.359375 0.465509 0.366841
vn 0.960510 0.273336 0.052039
vt 0.852098 0.071825
v 0.344921 0.493598 0.366058
vn 0.638164 0.769124 0.034575
vt 0.844087 0.072048
v 0.355009 0.341144 0.396018
vn 0.665799 0.053407 0.744217
vt 0.887564 0.063504
v 0.368711 0.342063 0.367347
vn 0.995683 0.075529 0.053945
vt 0.887302 0.071681
v 0.358187 0.341144 0.337363
vn 0.742309 0.053407 -0.667926
vt 0.887564 0.080231
v 0.348850 0.464591 0.336857
vn 0.712250 0.251661 -0.655261
vt 0.852360 0.080376
v 0.337516 0.492952 0.344962
vn 0.461976 0.753742 -0.467388
vt 0.844272 0.078064
v -0.314917 0.503376 0.364433
vn -0.205623 0.978568 0.011140
vt 0.835158 0.081123
v -0.317404 0.491391 0.335301
vn -0.259651 0.709512 -0.655114
vt 0.826850 0.080414
v -0.337516 0.492952 0.344962
vn -0.461977 0.753740 -0.467390
vt 0.829605 0.074678
v -0.344921 0.493598 0.366058
vn -0.638165 0.769123 0.034576
vt 0.835621 0.072567
v -0.335280 0.492952 0.386231
vn -0.408776 0.753740 0.514566
vt 0.841374 0.075316
v -0.314242 0.491391 0.393663
vn -0.187352 0.709513 0.679331
vt 0.843493 0.081315
v 0.348850 0.464591 0.336857
vn 0.712250 0.251661 -0.655261
vt 0.922474 0.137506
v 0.358187 0.341144 0.337363
vn 0.742309 0.053407 -0.667926
vt 0.887270 0.140169
v 0.329602 0.338926 0.323631
vn 0.431014 0.028904 -0.901882
vt 0.886637 0.132017
v 0.320265 0.462372 0.323125
vn 0.409586 0.213103 -0.887033
vt 0.921841 0.129354
v 0.337516 0.492952 0.344962
vn 0.461976 0.753742 -0.467388
vt 0.930562 0.134274
v 0.317404 0.491391 0.335300
vn 0.259650 0.709515 -0.655111
vt 0.930117 0.128539
v -0.310603 0.503375 0.445392
vn -0.205621 0.978568 0.011140
vt 0.822530 0.096049
v -0.313091 0.491391 0.416260
vn -0.259649 0.709513 -0.655113
vt 0.814222 0.095340
v -0.333203 0.492952 0.425922
vn -0.461976 0.753741 -0.467389
vt 0.816978 0.089604
v -0.340607 0.493598 0.447018
vn -0.638165 0.769123 0.034576
vt 0.822994 0.087492
v -0.330967 0.492952 0.467190
vn -0.408775 0.753740 0.514566
vt 0.828747 0.090242
v -0.309929 0.491391 0.474622
vn -0.187352 0.709514 0.679330
vt 0.830866 0.096241
v 0.315771 0.462372 0.406076
vn 0.311350 0.213103 0.926093
vt 0.942014 0.058077
v 0.325108 0.338926 0.406581
vn 0.331047 0.028903 0.943171
vt 0.977218 0.060739
v 0.355009 0.341144 0.396018
vn 0.665799 0.053407 0.744217
vt 0.976585 0.069266
v 0.345673 0.464591 0.395512
vn 0.637285 0.251660 0.728379
vt 0.941381 0.066604
v 0.314242 0.491391 0.393663
vn 0.187350 0.709514 0.679330
vt 0.933738 0.057641
v 0.335280 0.492952 0.386230
vn 0.408774 0.753742 0.514565
vt 0.933293 0.063640
v -0.400508 0.306214 -0.680274
vn -0.930408 0.215438 0.296526
vt 0.141083 0.839909
v -0.400508 0.262002 -0.741127
vn -1.000000 -0.000000 -0.000000
vt 0.175905 0.814608
v -0.400508 0.262002 -0.665909
vn -0.930408 -0.000001 0.366525
vt 0.132862 0.814608
v -0.400508 0.333539 -0.717883
vn -0.930408 0.348586 0.113263
vt 0.162604 0.855545
v -0.400508 0.333539 -0.764371
vn -0.930408 0.348586 -0.113262
vt 0.189206 0.855545
v -0.370508 0.363539 -0.774118
vn -0.724617 0.655422 -0.212959
vt 0.194784 0.872712
v -0.370508 0.324755 -0.827499
vn -0.724618 0.405073 -0.557534
vt 0.225331 0.850519
v -0.400508 0.306214 -0.801980
vn -0.930408 0.215438 -0.296525
vt 0.210728 0.839909
v -0.370508 0.262002 -0.847889
vn -0.724618 0.000001 -0.689151
vt 0.236999 0.814609
v -0.400508 0.262002 -0.816345
vn -0.930408 0.000000 -0.366525
vt 0.218948 0.814609
v -0.370508 0.199249 -0.827500
vn -0.724617 -0.405073 -0.557536
vt 0.225331 0.778699
v -0.400508 0.217790 -0.801980
vn -0.930408 -0.215438 -0.296526
vt 0.210728 0.789309
v -0.370508 0.160465 -0.774119
vn -0.724617 -0.655422 -0.212961
vt 0.194784 0.756505
v -0.400508 0.190465 -0.764371
vn -0.930408 -0.348587 -0.113263
vt 0.189206 0.773672
v -0.370508 0.160465 -0.708136
vn -0.724617 -0.655422 0.212959
vt 0.157026 0.756505
v -0.400508 0.190465 -0.717883
vn -0.930408 -0.348587 0.113262
vt 0.162604 0.773672
v -0.370508 0.199249 -0.654755
vn -0.724618 -0.405074 0.557534
vt 0.126479 0.778698
v -0.400508 0.217790 -0.680274
vn -0.930408 -0.215439 0.296525
vt 0.141083 0.789308
v -0.370508 0.262002 -0.634365
vn -0.724618 -0.000001 0.689151
vt 0.114811 0.814608
v -0.370508 0.324755 -0.654755
vn -0.724617 0.405072 0.557536
vt 0.126479 0.850519
v -0.370508 0.363539 -0.708136
vn -0.724617 0.655422 0.212961
vt 0.157026 0.872712
v 0.341564 0.492952 0.309102
vn 0.408774 0.753742 0.514565
vt 0.844272 0.105209
v 0.351956 0.464591 0.318383
vn 0.637285 0.251660 0.728379
vt 0.852360 0.102563
v 0.365658 0.465510 0.289712
vn 0.960510 0.273336 0.052039
vt 0.852098 0.110739
v 0.351204 0.493598 0.288929
vn 0.638164 0.769124 0.034574
vt 0.844088 0.110962
v 0.361292 0.341144 0.318889
vn 0.665799 0.053407 0.744217
vt 0.887564 0.102418
v 0.374995 0.342063 0.290218
vn 0.995683 0.075529 0.053946
vt 0.887302 0.110595
v 0.364470 0.341144 0.260234
vn 0.742309 0.053407 -0.667926
vt 0.887564 0.119145
v 0.355134 0.464591 0.259729
vn 0.712250 0.251661 -0.655261
vt 0.852360 0.119290
v 0.343799 0.492952 0.267833
vn 0.461976 0.753741 -0.467390
vt 0.844272 0.116978
v -0.228506 0.262002 -0.466131
vn 1.000000 0.000000 0.000000
vt 0.018540 0.814608
v -0.228506 0.262002 -0.741127
vn 1.000000 0.000000 0.000000
vt 0.175905 0.814608
v -0.228506 0.423640 -0.518650
vn 1.000000 0.000000 0.000000
vt 0.048594 0.907105
v -0.228506 0.523539 -0.656148
vn 1.000000 0.000000 0.000000
vt 0.127277 0.964271
v -0.228506 0.523539 -0.826105
vn 1.000000 0.000000 0.000000
vt 0.224533 0.964271
v -0.228506 0.423641 -0.963603
vn 1.000000 0.000000 0.000000
vt 0.303215 0.907105
v -0.228506 0.262002 -1.016123
vn 1.000000 0.000000 0.000000
vt 0.333270 0.814609
v -0.228506 0.100364 -0.963604
vn 1.000000 0.000000 0.000000
vt 0.303216 0.722112
v -0.228506 0.000466 -0.826106
vn 1.000000 0.000000 0.000000
vt 0.224534 0.664946
v -0.228506 0.000465 -0.656149
vn 1.000000 0.000000 0.000000
vt 0.127277 0.664946
v -0.228506 0.100363 -0.518651
vn 1.000000 0.000000 0.000000
vt 0.048595 0.722112
v -0.400508 0.306213 0.922411
vn -0.930408 0.215438 0.296525
vt 0.140979 0.839908
v -0.400508 0.262001 0.861558
vn -1.000000 0.000000 0.000000
vt 0.175801 0.814608
v -0.400508 0.262001 0.936776
vn -0.930408 0.000000 0.366525
vt 0.132758 0.814608
v -0.400508 0.333538 0.884802
vn -0.930408 0.348586 0.113263
vt 0.162500 0.855544
v -0.400508 0.333538 0.838314
vn -0.930408 0.348586 -0.113262
vt 0.189102 0.855544
v -0.370508 0.363538 0.828566
vn -0.724617 0.655422 -0.212959
vt 0.194680 0.872712
v -0.370508 0.324754 0.775185
vn -0.724618 0.405073 -0.557535
vt 0.225227 0.850518
v -0.400508 0.306213 0.800705
vn -0.930408 0.215438 -0.296525
vt 0.210624 0.839908
v -0.370508 0.262001 0.754796
vn -0.724618 -0.000001 -0.689151
vt 0.236895 0.814608
v -0.400508 0.262001 0.786340
vn -0.930408 -0.000001 -0.366525
vt 0.218844 0.814608
v -0.370508 0.199248 0.775185
vn -0.724618 -0.405073 -0.557535
vt 0.225227 0.778698
v -0.400508 0.217789 0.800705
vn -0.930408 -0.215438 -0.296525
vt 0.210624 0.789308
v -0.370508 0.160465 0.828567
vn -0.724618 -0.655421 -0.212959
vt 0.194680 0.756504
v -0.400508 0.190465 0.838314
vn -0.930409 -0.348585 -0.113262
vt 0.189102 0.773672
v -0.370508 0.160465 0.894549
vn -0.983637 -0.171342 0.055672
vt 0.156922 0.756504
v -0.400508 0.190465 0.884802
vn -0.930408 -0.348585 0.113263
vt 0.162500 0.773672
v -0.370508 0.199248 0.947930
vn -0.983637 -0.105895 0.145752
vt 0.126375 0.778698
v -0.400508 0.217789 0.922411
vn -0.930408 -0.215438 0.296525
vt 0.140979 0.789308
v -0.370508 0.262001 0.968320
vn -0.724617 0.000001 0.689152
vt 0.114707 0.814608
v -0.370508 0.324754 0.947930
vn -0.724617 0.405073 0.557536
vt 0.126375 0.850518
v -0.370508 0.363538 0.894549
vn -0.724617 0.655423 0.212960
vt 0.156922 0.872712
v -0.400508 0.155986 1.007476
vn -0.981474 0.112617 -0.155004
vt 0.092301 0.753941
v -0.400508 0.090465 0.917294
vn -0.981474 0.182218 -0.059206
vt 0.143907 0.716447
v -0.400508 0.100363 1.084034
vn -0.724617 -0.405073 0.557536
vt 0.048490 0.722112
v -0.400508 0.000464 0.946536
vn -0.724617 -0.655422 0.212960
vt 0.127173 0.664946
v -0.400508 0.090465 0.805822
vn -1.000000 -0.000000 0.000000
vt 0.207695 0.716447
v -0.400508 0.000464 0.776579
vn -1.000000 -0.000000 0.000000
vt 0.224429 0.664946
v -0.400508 0.155986 0.715640
vn -1.000000 0.000000 0.000000
vt 0.259302 0.753941
v -0.400508 0.100363 0.639081
vn -1.000000 0.000000 0.000000
vt 0.303112 0.722112
v -0.400508 0.262001 0.681193
vn -1.000000 0.000000 -0.000000
vt 0.279013 0.814608
v -0.400508 0.262001 0.586562
vn -1.000000 0.000000 -0.000000
vt 0.333166 0.814608
v -0.400508 0.368017 0.715640
vn -1.000000 -0.000000 -0.000000
vt 0.259302 0.875275
v -0.400508 0.423640 0.639081
vn -1.000000 -0.000000 -0.000000
vt 0.303112 0.907105
v -0.400508 0.433538 0.805822
vn -1.000000 0.000000 -0.000000
vt 0.207696 0.912769
v -0.400508 0.523538 0.776579
vn -1.000000 0.000000 -0.000000
vt 0.224430 0.964271
v -0.400508 0.433538 0.917293
vn -1.000000 -0.000000 0.000000
vt 0.143907 0.912769
v -0.400508 0.523538 0.946536
vn -1.000000 -0.000000 0.000000
vt 0.127173 0.964271
v -0.400508 0.368017 1.007476
vn -1.000000 -0.000000 0.000000
vt 0.092301 0.875275
v -0.400508 0.423640 1.084034
vn -1.000000 -0.000000 0.000000
vt 0.048491 0.907105
v -0.400508 0.262001 1.041922
vn -1.000000 0.000000 0.000000
vt 0.072589 0.814608
v -0.400508 0.262001 1.136554
vn -1.000000 0.000000 0.000000
vt 0.018437 0.814608
v -0.370508 0.160465 0.828567
vn -0.926032 0.358972 0.116637
vt 0.194680 0.756504
v -0.400508 0.090465 0.805822
vn -0.926032 0.358972 0.116637
vt 0.207695 0.716447
v -0.370508 0.199248 0.775185
vn -0.926031 0.221858 0.305360
vt 0.225227 0.778698
v -0.400508 0.155986 0.715640
vn -0.926031 0.221858 0.305360
vt 0.259302 0.753941
v -0.370508 0.262001 0.754796
vn -0.926032 0.000001 0.377446
vt 0.236895 0.814608
v -0.400508 0.262001 0.681193
vn -0.926032 0.000001 0.377446
vt 0.279013 0.814608
v -0.370508 0.324754 0.775185
vn -0.926031 -0.221858 0.305360
vt 0.225227 0.850518
v -0.400508 0.368017 0.715640
vn -0.926031 -0.221858 0.305360
vt 0.259302 0.875275
v -0.370508 0.363538 0.828566
vn -0.926031 -0.358974 0.116637
vt 0.194680 0.872712
v -0.400508 0.433538 0.805822
vn -0.926031 -0.358974 0.116637
vt 0.207696 0.912769
v -0.370508 0.363538 0.894549
vn -0.926031 -0.358973 -0.116637
vt 0.156922 0.872712
v -0.400508 0.433538 0.917293
vn -0.926031 -0.358973 -0.116637
vt 0.143907 0.912769
v -0.370508 0.324754 0.947930
vn -0.926031 -0.221858 -0.305360
vt 0.126375 0.850518
v -0.400508 0.368017 1.007476
vn -0.926031 -0.221858 -0.305360
vt 0.092301 0.875275
v -0.370508 0.262001 0.968320
vn -0.926031 -0.000000 -0.377447
vt 0.114707 0.814608
v -0.400508 0.262001 1.041922
vn -0.926031 -0.000000 -0.377447
vt 0.072589 0.814608
v 0.355134 0.464591 0.259729
vn 0.712250 0.251661 -0.655261
vt 0.969916 0.079402
v 0.364470 0.341144 0.260234
vn 0.742309 0.053407 -0.667926
vt 0.934711 0.082065
v 0.335885 0.338926 0.246502
vn 0.431013 0.028904 -0.901883
vt 0.934079 0.073913
v 0.326548 0.462372 0.245996
vn 0.409585 0.213104 -0.887033
vt 0.969283 0.071250
v 0.343799 0.492952 0.267833
vn 0.461976 0.753741 -0.467390
vt 0.978004 0.076170
v 0.323687 0.491391 0.258172
vn 0.259649 0.709513 -0.655113
vt 0.977559 0.070434
v -0.228506 0.262001 1.136554
vn 1.000000 0.000000 -0.000000
vt 0.018437 0.814608
v -0.228506 0.262001 0.861558
vn 1.000000 0.000000 -0.000000
vt 0.175801 0.814608
v -0.228506 0.423640 1.084034
vn 1.000000 0.000000 -0.000000
vt 0.048491 0.907105
v -0.228506 0.523538 0.946536
vn 1.000000 0.000000 -0.000000
vt 0.127173 0.964271
v -0.228506 0.523538 0.776579
vn 1.000000 0.000000 -0.000000
vt 0.224430 0.964271
v -0.228506 0.423640 0.639081
vn 1.000000 0.000000 -0.000000
vt 0.303112 0.907105
v -0.228506 0.262001 0.586562
vn 1.000000 0.000000 -0.000000
vt 0.333166 0.814608
v -0.228506 0.100363 0.639081
vn 1.000000 -0.000000 -0.000000
vt 0.303112 0.722112
v -0.228506 0.000464 0.776579
vn 1.000000 -0.000000 -0.000000
vt 0.224429 0.664946
v -0.228506 0.000464 0.946536
vn 0.724617 -0.655422 0.212960
vt 0.127173 0.664946
v -0.228506 0.100363 1.084034
vn 0.724617 -0.405073 0.557536
vt 0.048491 0.722112
v 0.326232 0.503376 0.203796
vn 0.205621 0.978568 0.011141
vt 0.820798 0.070627
v 0.325558 0.491391 0.233026
vn 0.187349 0.709513 0.679332
vt 0.829134 0.070434
v 0.346596 0.492952 0.225594
vn 0.408774 0.753741 0.514566
vt 0.827014 0.076434
v 0.356237 0.493598 0.205422
vn 0.638164 0.769124 0.034576
vt 0.821262 0.079183
v 0.348832 0.492952 0.184326
vn 0.461976 0.753741 -0.467389
vt 0.815246 0.077071
v 0.328720 0.491391 0.174664
vn 0.259649 0.709513 -0.655113
vt 0.812491 0.071336
v 0.322054 0.462372 0.328947
vn 0.311350 0.213103 0.926093
vt 0.897237 0.103387
v 0.331391 0.338926 0.329453
vn 0.331048 0.028903 0.943171
vt 0.932441 0.106050
v 0.361292 0.341144 0.318889
vn 0.665799 0.053407 0.744217
vt 0.931808 0.114577
v 0.351956 0.464591 0.318383
vn 0.637285 0.251660 0.728379
vt 0.896604 0.111915
v 0.320525 0.491391 0.316534
vn 0.187349 0.709513 0.679331
vt 0.888961 0.102951
v 0.341564 0.492952 0.309102
vn 0.408774 0.753742 0.514565
vt 0.888516 0.108951
v 0.321200 0.503376 0.287304
vn 0.205621 0.978568 0.011139
vt 0.832887 0.129264
v 0.320525 0.491391 0.316534
vn 0.187349 0.709513 0.679331
vt 0.841223 0.129072
v 0.341564 0.492952 0.309102
vn 0.408774 0.753742 0.514565
vt 0.839103 0.135071
v 0.351204 0.493598 0.288929
vn 0.638164 0.769124 0.034574
vt 0.833351 0.137821
v 0.343799 0.492952 0.267833
vn 0.461976 0.753741 -0.467390
vt 0.827334 0.135709
v 0.323687 0.491391 0.258172
vn 0.259649 0.709513 -0.655113
vt 0.824579 0.129973
v 0.346596 0.492952 0.225594
vn 0.408774 0.753741 0.514566
vt 0.843738 0.084420
v 0.356988 0.464591 0.234876
vn 0.637285 0.251661 0.728378
vt 0.851826 0.081773
v 0.370690 0.465510 0.206205
vn 0.960510 0.273336 0.052039
vt 0.851564 0.089949
v 0.356237 0.493598 0.205422
vn 0.638164 0.769124 0.034576
vt 0.843554 0.090173
v 0.366325 0.341144 0.235382
vn 0.665800 0.053407 0.744217
vt 0.887030 0.081629
v 0.380027 0.342063 0.206710
vn 0.995683 0.075529 0.053945
vt 0.886768 0.089805
v 0.369503 0.341144 0.176727
vn 0.742309 0.053407 -0.667926
vt 0.887030 0.098356
v 0.360166 0.464591 0.176221
vn 0.712250 0.251661 -0.655261
vt 0.851826 0.098500
v 0.348832 0.492952 0.184326
vn 0.461976 0.753741 -0.467389
vt 0.843738 0.096189
v 0.314917 0.503376 0.364432
vn 0.205621 0.978568 0.011140
vt 0.834624 0.082887
v 0.314242 0.491391 0.393663
vn 0.187350 0.709514 0.679330
vt 0.842960 0.082695
v 0.335280 0.492952 0.386230
vn 0.408774 0.753742 0.514565
vt 0.840840 0.088694
v 0.344921 0.493598 0.366058
vn 0.638164 0.769124 0.034575
vt 0.835088 0.091444
v 0.337516 0.492952 0.344962
vn 0.461976 0.753742 -0.467388
vt 0.829072 0.089332
v 0.317404 0.491391 0.335300
vn 0.259650 0.709515 -0.655111
vt 0.826316 0.083596
v -0.228506 0.000464 0.946536
vn 0.724617 -0.655422 0.212960
vt 0.061411 0.114223
v -0.400508 0.000464 0.946536
vn -0.724617 -0.655422 0.212960
vt 0.061411 0.129882
v -0.400508 0.000464 0.776579
vn 0.000000 -0.951057 -0.309017
vt 0.042622 0.129882
v -0.228506 0.000464 0.776579
vn 0.000000 -0.951057 -0.309017
vt 0.042622 0.114223
v -0.228506 0.523539 -0.826105
vn -0.000000 0.951057 -0.309016
vt 0.101058 0.113542
v -0.400508 0.523539 -0.826105
vn -0.000000 0.951057 -0.309016
vt 0.082043 0.113542
v -0.400508 0.523539 -0.656148
vn -0.000000 0.951056 0.309018
vt 0.082043 0.098069
v -0.228506 0.523539 -0.656148
vn -0.000000 0.951056 0.309018
vt 0.101058 0.098069
v -0.400508 0.423640 -0.518651
vn -0.000000 0.587784 0.809018
vt 0.082043 0.085552
v -0.228506 0.423640 -0.518650
vn -0.000000 0.587784 0.809018
vt 0.101058 0.085552
v -0.228506 0.423640 -0.518650
vn -0.000000 0.587784 0.809018
vt 0.140712 0.114888
v -0.400508 0.423640 -0.518651
vn -0.000000 0.587784 0.809018
vt 0.121697 0.114888
v -0.400508 0.262002 -0.466131
vn -0.000000 -0.000001 1.000000
vt 0.121697 0.100173
v -0.228506 0.262002 -0.466131
vn -0.000000 -0.000001 1.000000
vt 0.140712 0.100173
v -0.400508 0.100363 -0.518651
vn -0.000000 -0.587786 0.809016
vt 0.121697 0.085457
v -0.228506 0.100363 -0.518651
vn -0.000000 -0.587786 0.809016
vt 0.140712 0.085457
v -0.400508 0.000465 -0.656149
vn 0.000000 -0.951057 0.309016
vt 0.121697 0.076363
v -0.228506 0.000465 -0.656149
vn 0.000000 -0.951057 0.309016
vt 0.140712 0.076363
v -0.228506 0.000465 -0.656149
vn 0.000000 -0.951057 0.309016
vt 0.100366 0.113919
v -0.400508 0.000465 -0.656149
vn 0.000000 -0.951057 0.309016
vt 0.100366 0.129577
v -0.400508 0.000465 -0.826106
vn 0.000000 -0.951056 -0.309018
vt 0.081577 0.129577
v -0.228506 0.000466 -0.826106
vn 0.000000 -0.951056 -0.309018
vt 0.081577 0.113919
v 0.247218 0.360479 0.492063
vn -0.000000 0.566690 0.823931
vt 0.745245 0.031138
v 0.247218 0.236234 0.577517
vn -0.000000 0.566690 0.823931
vt 0.778090 0.031138
v 0.397314 0.236234 0.577517
vn -0.000000 0.566690 0.823931
vt 0.778089 0.088829
v 0.397314 0.360479 0.492063
vn -0.000000 0.566690 0.823931
vt 0.745245 0.088829
v 0.397314 0.236235 -0.466972
vn 0.000000 0.566690 -0.823931
vt 0.376633 0.088829
v 0.247218 0.236235 -0.466972
vn 0.000000 0.566690 -0.823931
vt 0.376633 0.031138
v 0.247218 0.302705 -0.421254
vn 0.000000 0.566690 -0.823931
vt 0.394205 0.031138
v 0.397314 0.302466 -0.421419
vn 0.000000 0.566690 -0.823931
vt 0.394142 0.088829
v 0.247218 0.360479 -0.381518
vn 0.000000 0.566690 -0.823931
vt 0.409478 0.031138
v 0.397314 0.360479 -0.381518
vn 0.000000 0.566690 -0.823931
vt 0.409478 0.088829
v 0.247218 0.360479 0.492063
vn -0.000000 1.000000 0.000000
vt 0.745245 0.031138
v 0.397314 0.360479 0.492063
vn -0.000000 1.000000 0.000000
vt 0.745245 0.088829
v 0.397314 0.360479 0.355943
vn -0.000000 1.000000 0.000000
vt 0.692926 0.088829
v 0.247218 0.360479 0.355943
vn -0.000000 1.000000 0.000000
vt 0.692926 0.031138
v 0.397314 0.360479 0.177698
vn -0.000000 1.000000 0.000000
vt 0.624416 0.088829
v 0.247218 0.360479 0.177698
vn -0.000000 1.000000 0.000000
vt 0.624416 0.031138
v 0.397314 0.360479 -0.105931
vn -0.000000 1.000000 0.000000
vt 0.515401 0.088829
v 0.247218 0.360479 -0.105931
vn -0.000000 1.000000 0.000000
vt 0.515401 0.031138
v 0.397314 0.360479 -0.184271
vn -0.000000 1.000000 0.000000
vt 0.485291 0.088829
v 0.247218 0.360479 -0.184271
vn -0.000000 1.000000 0.000000
vt 0.485291 0.031138
v 0.397314 0.360479 -0.261758
vn -0.000000 1.000000 0.000000
vt 0.455508 0.088829
v 0.247218 0.360479 -0.261758
vn -0.000000 1.000000 0.000000
vt 0.455508 0.031138
v 0.397314 0.360479 -0.342718
vn -0.000000 1.000000 0.000000
vt 0.424391 0.088829
v 0.247218 0.360479 -0.342718
vn -0.000000 1.000000 0.000000
vt 0.424391 0.031138
v 0.397314 0.360479 -0.381518
vn -0.000000 1.000000 0.000000
vt 0.409478 0.088829
v 0.247218 0.360479 -0.381518
vn -0.000000 1.000000 0.000000
vt 0.409478 0.031138
v -0.247218 0.360479 0.492063
vn 0.000000 0.566690 0.823931
vt 0.410485 0.088824
v -0.397314 0.360479 0.492063
vn 0.000000 0.566690 0.823931
vt 0.410485 0.031134
v -0.397314 0.236234 0.577517
vn 0.000000 0.566690 0.823931
vt 0.377640 0.031134
v -0.247218 0.236234 0.577517
vn 0.000000 0.566690 0.823931
vt 0.377641 0.088824
v 0.360166 0.464591 0.176221
vn 0.712250 0.251661 -0.655261
vt 0.969916 0.092196
v 0.369503 0.341144 0.176727
vn 0.742309 0.053407 -0.667926
vt 0.934711 0.094858
v 0.340917 0.338926 0.162995
vn 0.431013 0.028904 -0.901883
vt 0.934079 0.086706
v 0.331581 0.462372 0.162489
vn 0.409585 0.213104 -0.887033
vt 0.969283 0.084044
v 0.348832 0.492952 0.184326
vn 0.461976 0.753741 -0.467389
vt 0.978004 0.088963
v 0.328720 0.491391 0.174664
vn 0.259649 0.709513 -0.655113
vt 0.977559 0.083228
v 0.310603 0.503376 0.445392
vn 0.205622 0.978568 0.011140
vt 0.837458 0.119136
v 0.309929 0.491391 0.474622
vn 0.187352 0.709514 0.679330
vt 0.845793 0.118943
v 0.330967 0.492952 0.467190
vn 0.408775 0.753741 0.514565
vt 0.843674 0.124943
v 0.340607 0.493598 0.447018
vn 0.638163 0.769124 0.034575
vt 0.837921 0.127692
v 0.333203 0.492952 0.425922
vn 0.461977 0.753741 -0.467389
vt 0.831905 0.125581
v 0.313091 0.491391 0.416260
vn 0.259652 0.709513 -0.655112
vt 0.829150 0.119845
v 0.327086 0.462372 0.245439
vn 0.311350 0.213103 0.926093
vt 0.897236 0.037287
v 0.336423 0.338926 0.245945
vn 0.331048 0.028903 0.943171
vt 0.932441 0.039950
v 0.366325 0.341144 0.235382
vn 0.665800 0.053407 0.744217
vt 0.931808 0.048477
v 0.356988 0.464591 0.234876
vn 0.637285 0.251661 0.728378
vt 0.896604 0.045814
v 0.325558 0.491391 0.233026
vn 0.187349 0.709513 0.679332
vt 0.888961 0.036851
v 0.346596 0.492952 0.225594
vn 0.408774 0.753741 0.514566
vt 0.888516 0.042851
v 0.228506 0.423640 0.639081
vn 0.000000 0.587785 -0.809017
vt 0.023262 0.046301
v 0.228506 0.523538 0.776579
vn 0.000000 0.951057 -0.309017
vt 0.023262 0.037207
v 0.400508 0.523538 0.776579
vn 0.000000 0.951057 -0.309017
vt 0.042277 0.037207
v 0.400508 0.423640 0.639081
vn 0.000000 0.587785 -0.809017
vt 0.042277 0.046301
v 0.228506 0.262001 0.586562
vn -0.000000 -0.000001 -1.000000
vt 0.023262 0.061016
v 0.400508 0.262001 0.586562
vn -0.000000 -0.000001 -1.000000
vt 0.042277 0.061016
v 0.228506 0.100363 0.639081
vn -0.000000 -0.587786 -0.809017
vt 0.023262 0.075731
v 0.400508 0.100363 0.639081
vn -0.000000 -0.587786 -0.809017
vt 0.042277 0.075731
v 0.228506 0.000464 0.776579
vn -0.000000 -0.951057 -0.309017
vt 0.023262 0.084826
v 0.400508 0.000464 0.776579
vn -0.000000 -0.951057 -0.309017
vt 0.042277 0.084826
v 0.228506 0.423641 -0.963603
vn 0.000000 0.587787 -0.809016
vt 0.042855 0.046301
v 0.228506 0.523539 -0.826105
vn -0.000000 0.951057 -0.309016
vt 0.042855 0.037207
v 0.400508 0.523539 -0.826105
vn -0.000000 0.951057 -0.309016
vt 0.061871 0.037207
v 0.400508 0.423641 -0.963603
vn 0.000000 0.587787 -0.809016
vt 0.061871 0.046301
v 0.228506 0.262003 -1.016123
vn 0.000000 0.000002 -1.000000
vt 0.042855 0.061016
v 0.400508 0.262003 -1.016123
vn 0.000000 0.000002 -1.000000
vt 0.061871 0.061016
v 0.228506 0.100364 -0.963604
vn 0.000000 -0.587784 -0.809018
vt 0.042855 0.075731
v 0.400508 0.100364 -0.963604
vn 0.000000 -0.587784 -0.809018
vt 0.061871 0.075731
v 0.228506 0.000466 -0.826106
vn 0.000000 -0.951056 -0.309018
vt 0.042855 0.084826
v 0.400508 0.000466 -0.826106
vn 0.000000 -0.951056 -0.309018
vt 0.061871 0.084826
v -0.247218 0.360479 -0.342718
vn 0.000000 1.000000 0.000000
vt 0.731339 0.088824
v -0.247218 0.360479 -0.381518
vn 0.000000 1.000000 0.000001
vt 0.746252 0.088824
v -0.397314 0.360479 -0.381518
vn 0.000000 1.000000 0.000001
vt 0.746253 0.031134
v -0.397314 0.360479 -0.342718
vn 0.000000 1.000000 0.000000
vt 0.731339 0.031134
v -0.247218 0.360479 -0.261758
vn 0.000000 1.000000 0.000000
vt 0.700222 0.088824
v -0.397314 0.360479 -0.261758
vn 0.000000 1.000000 0.000000
vt 0.700222 0.031134
v -0.247218 0.360479 -0.184271
vn 0.000000 1.000000 0.000000
vt 0.670439 0.088824
v -0.397314 0.360479 -0.184271
vn 0.000000 1.000000 0.000000
vt 0.670439 0.031134
v -0.247218 0.360479 -0.105931
vn 0.000000 1.000000 0.000000
vt 0.640329 0.088824
v -0.397314 0.360479 -0.105931
vn 0.000000 1.000000 0.000000
vt 0.640328 0.031134
v -0.247218 0.360479 0.177698
vn 0.000000 1.000000 0.000000
vt 0.531314 0.088824
v -0.397314 0.360479 0.177698
vn 0.000000 1.000000 0.000000
vt 0.531314 0.031134
v -0.247218 0.360479 0.355943
vn 0.000000 1.000000 0.000000
vt 0.462804 0.088824
v -0.397314 0.360479 0.355943
vn 0.000000 1.000000 0.000000
vt 0.462804 0.031134
v -0.247218 0.360479 0.492063
vn 0.000000 1.000000 0.000000
vt 0.410485 0.088824
v -0.397314 0.360479 0.492063
vn 0.000000 1.000000 0.000000
vt 0.410485 0.031134
v 0.048646 0.656060 -1.174886
vn 0.069168 0.439895 -0.895382
vt 0.900772 0.913662
v -0.048646 0.656060 -1.174886
vn -0.069168 0.439895 -0.895382
vt 0.842923 0.913662
v -0.040941 0.723300 -1.131304
vn -0.083416 0.575158 -0.813778
vt 0.847505 0.953642
v 0.040941 0.723300 -1.131304
vn 0.083416 0.575159 -0.813778
vt 0.896191 0.953642
v 0.145938 0.654650 -1.161646
vn 0.541273 0.387376 -0.746300
vt 0.958621 0.912824
v 0.112066 0.720677 -1.119814
vn 0.396981 0.566966 -0.721773
vt 0.938481 0.952083
v 0.086077 0.777223 -1.076216
vn 0.287333 0.631058 -0.720559
vt 0.923029 0.985705
v 0.034380 0.782512 -1.090363
vn 0.107633 0.633822 -0.765953
vt 0.892290 0.988849
v -0.034381 0.782512 -1.090363
vn -0.107633 0.633822 -0.765953
vt 0.851406 0.988849
v -0.086077 0.777223 -1.076216
vn -0.287334 0.631057 -0.720559
vt 0.820667 0.985705
v -0.112066 0.720677 -1.119814
vn -0.396980 0.566966 -0.721773
vt 0.805215 0.952083
v -0.145938 0.654650 -1.161646
vn -0.541272 0.387375 -0.746301
vt 0.785075 0.912824
v -0.052541 0.448965 -1.244367
vn -0.077733 0.164590 -0.983294
vt 0.840608 0.790525
v 0.052541 0.448965 -1.244367
vn 0.077733 0.164590 -0.983294
vt 0.903088 0.790525
v 0.157623 0.448965 -1.227824
vn 0.618943 0.129624 -0.774666
vt 0.965569 0.790525
v 0.157623 0.243280 -1.227824
vn 0.631186 0.003103 -0.775625
vt 0.965569 0.668227
v 0.052541 0.243280 -1.246617
vn 0.083192 0.008197 -0.996500
vt 0.903088 0.668227
v -0.052541 0.243280 -1.246617
vn -0.083192 0.008197 -0.996500
vt 0.840608 0.668227
v -0.157623 0.243280 -1.227824
vn -0.631186 0.003103 -0.775625
vt 0.778127 0.668227
v -0.157623 0.448965 -1.227824
vn -0.618943 0.129624 -0.774666
vt 0.778127 0.790525
v 0.400508 0.100363 0.639081
vn 1.000000 -0.000000 0.000000
vt 0.303112 0.722112
v 0.400508 0.262001 0.586562
vn 1.000000 -0.000000 0.000000
vt 0.333166 0.814608
v 0.400508 0.262001 0.681193
vn 1.000000 -0.000000 0.000000
vt 0.279014 0.814608
v 0.400508 0.368017 0.715640
vn 1.000000 -0.000000 -0.000000
vt 0.259302 0.875275
v 0.400508 0.423640 0.639081
vn 1.000000 -0.000000 -0.000000
vt 0.303112 0.907105
v 0.400508 0.433538 0.805822
vn 1.000000 -0.000000 -0.000000
vt 0.207696 0.912769
v 0.400508 0.523538 0.776579
vn 1.000000 -0.000000 -0.000000
vt 0.224430 0.964271
v 0.400508 0.433538 0.917293
vn 1.000000 0.000000 0.000000
vt 0.143907 0.912769
v 0.400508 0.523538 0.946536
vn 1.000000 0.000000 0.000000
vt 0.127173 0.964271
v 0.400508 0.368017 1.007475
vn 1.000000 0.000000 0.000000
vt 0.092301 0.875275
v 0.400508 0.423640 1.084034
vn 1.000000 0.000000 0.000000
vt 0.048491 0.907105
v 0.400508 0.262001 1.041922
vn 1.000000 0.000000 -0.000000
vt 0.072589 0.814608
v 0.400508 0.262001 1.136554
vn 1.000000 0.000000 -0.000000
vt 0.018437 0.814608
v 0.400508 0.155986 1.007476
vn 1.000000 0.000000 -0.000000
vt 0.092301 0.753941
v 0.400508 0.100363 1.084034
vn 1.000000 0.000000 -0.000000
vt 0.048491 0.722112
v 0.400508 0.090465 0.917294
vn 1.000000 0.000000 -0.000000
vt 0.143907 0.716447
v 0.400508 0.000464 0.946536
vn 1.000000 0.000000 -0.000000
vt 0.127173 0.664946
v 0.400508 0.090465 0.805822
vn 1.000000 -0.000000 0.000000
vt 0.207695 0.716447
v 0.400508 0.000464 0.776579
vn 1.000000 -0.000000 0.000000
vt 0.224429 0.664946
v 0.400508 0.155986 0.715640
vn 1.000000 -0.000000 0.000000
vt 0.259302 0.753941
v -0.228506 0.000464 0.776579
vn 0.000000 -0.951057 -0.309017
vt 0.081464 0.084826
v -0.400508 0.000464 0.776579
vn 0.000000 -0.951057 -0.309017
vt 0.062449 0.084826
v -0.400508 0.100363 0.639081
vn -0.000000 -0.587786 -0.809017
vt 0.062449 0.075731
v -0.228506 0.100363 0.639081
vn -0.000000 -0.587786 -0.809017
vt 0.081464 0.075731
v -0.400508 0.262001 0.586562
vn -0.000000 -0.000001 -1.000000
vt 0.062449 0.061016
v -0.228506 0.262001 0.586562
vn -0.000000 -0.000001 -1.000000
vt 0.081464 0.061016
v -0.400508 0.423640 0.639081
vn 0.000000 0.587785 -0.809017
vt 0.062449 0.046301
v -0.228506 0.423640 0.639081
vn 0.000000 0.587785 -0.809017
vt 0.081464 0.046301
v -0.400508 0.523538 0.776579
vn 0.000000 0.951057 -0.309017
vt 0.062449 0.037207
v -0.228506 0.523538 0.776579
vn 0.000000 0.951057 -0.309017
vt 0.081464 0.037207
v -0.228506 0.523538 0.776579
vn 0.000000 0.951057 -0.309017
vt 0.042277 0.113622
v -0.400508 0.523538 0.776579
vn 0.000000 0.951057 -0.309017
vt 0.023262 0.113622
v -0.400508 0.523538 0.946536
vn 0.000000 0.951056 0.309017
vt 0.023262 0.098150
v -0.228506 0.523538 0.946536
vn 0.000000 0.951056 0.309017
vt 0.042277 0.098150
v -0.400508 0.423640 1.084034
vn 0.000000 0.587785 0.809017
vt 0.023262 0.085632
v -0.228506 0.423640 1.084034
vn 0.000000 0.587785 0.809017
vt 0.042277 0.085632
v 0.397314 0.236235 -0.417476
vn 1.000000 0.000000 -0.000000
vt 0.759495 0.091488
v 0.397314 0.236235 -0.466972
vn 1.000000 0.000000 0.000000
vt 0.778519 0.091488
v 0.397314 0.302466 -0.421419
vn 1.000000 0.000000 -0.000000
vt 0.761010 0.116945
v 0.397314 0.236235 -0.339602
vn 1.000000 0.000000 -0.000000
vt 0.729564 0.091488
v 0.397314 0.360479 -0.381518
vn 1.000000 0.000000 -0.000000
vt 0.745674 0.139242
v 0.397314 0.360479 -0.342718
vn 1.000000 0.000000 -0.000000
vt 0.730761 0.139242
v 0.397314 0.236235 -0.261792
vn 1.000000 0.000000 -0.000000
vt 0.699656 0.091488
v 0.397314 0.360479 -0.261758
vn 1.000000 0.000000 -0.000000
vt 0.699644 0.139242
v 0.397314 0.236235 -0.184281
vn 1.000000 0.000000 0.000000
vt 0.669865 0.091488
v 0.397314 0.360479 -0.184271
vn 1.000000 0.000000 0.000000
vt 0.669861 0.139242
v 0.397314 0.236235 -0.105983
vn 1.000000 0.000000 -0.000000
vt 0.639771 0.091488
v 0.397314 0.360479 -0.105931
vn 1.000000 0.000000 -0.000000
vt 0.639750 0.139242
v 0.397314 0.236234 0.177714
vn 1.000000 -0.000000 -0.000000
vt 0.530729 0.091488
v 0.397314 0.360479 0.177698
vn 1.000000 -0.000000 -0.000000
vt 0.530736 0.139242
v 0.397314 0.236234 0.356053
vn 1.000000 0.000000 0.000000
vt 0.462184 0.091488
v 0.397314 0.360479 0.355943
vn 1.000000 0.000000 0.000000
vt 0.462226 0.139242
v 0.397314 0.236234 0.577517
vn 1.000000 0.000000 0.000000
vt 0.377063 0.091488
v 0.397314 0.360479 0.492063
vn 1.000000 0.000000 0.000000
vt 0.409907 0.139242
v 0.400508 0.262001 0.681193
vn 0.926032 0.000000 0.377446
vt 0.279014 0.814608
v 0.400508 0.368017 0.715640
vn 0.926032 -0.221857 0.305360
vt 0.259302 0.875275
v 0.370508 0.324755 0.775185
vn 0.926032 -0.221857 0.305360
vt 0.225227 0.850518
v 0.370508 0.363538 0.828566
vn 0.926031 -0.358973 0.116637
vt 0.194680 0.872712
v 0.400508 0.433538 0.805822
vn 0.926031 -0.358973 0.116637
vt 0.207696 0.912769
v 0.370508 0.363538 0.894549
vn 0.926031 -0.358973 -0.116638
vt 0.156922 0.872712
v 0.400508 0.433538 0.917293
vn 0.926031 -0.358973 -0.116638
vt 0.143907 0.912769
v 0.370508 0.324755 0.947930
vn 0.926031 -0.221858 -0.305361
vt 0.126375 0.850518
v 0.400508 0.368017 1.007475
vn 0.926031 -0.221858 -0.305361
vt 0.092301 0.875275
v 0.370508 0.262001 0.968320
vn 0.926031 -0.000001 -0.377447
vt 0.114707 0.814608
v 0.400508 0.262001 1.041922
vn 0.926031 -0.000001 -0.377447
vt 0.072589 0.814608
v 0.370508 0.199248 0.947930
vn 0.926032 0.221857 -0.305361
vt 0.126375 0.778698
v 0.400508 0.155986 1.007476
vn 0.926032 0.221857 -0.305361
vt 0.092301 0.753941
v 0.370508 0.160465 0.894549
vn 0.926032 0.358972 -0.116637
vt 0.156922 0.756505
v 0.400508 0.090465 0.917294
vn 0.926032 0.358972 -0.116637
vt 0.143907 0.716447
v 0.370508 0.160465 0.828567
vn 0.926032 0.358972 0.116637
vt 0.194680 0.756504
v 0.400508 0.090465 0.805822
vn 0.926032 0.358972 0.116637
vt 0.207695 0.716447
v 0.370508 0.199248 0.775185
vn 0.926032 0.221857 0.305360
vt 0.225227 0.778698
v 0.400508 0.155986 0.715640
vn 0.926032 0.221857 0.305360
vt 0.259302 0.753941
v 0.370508 0.262001 0.754796
vn 0.926032 0.000000 0.377446
vt 0.236895 0.814608
v -0.228506 0.423640 1.084034
vn 0.000000 0.587785 0.809017
vt 0.140712 0.075703
v -0.400508 0.423640 1.084034
vn 0.000000 0.587785 0.809017
vt 0.121697 0.075703
v -0.400508 0.262001 1.136554
vn 0.000000 0.000001 1.000000
vt 0.121697 0.060988
v -0.228506 0.262001 1.136554
vn 0.000000 0.000001 1.000000
vt 0.140712 0.060988
v -0.400508 0.100363 1.084034
vn -0.724617 -0.405073 0.557536
vt 0.121697 0.046273
v -0.228506 0.100363 1.084034
vn 0.724617 -0.405073 0.557536
vt 0.140712 0.046273
v -0.400508 0.000464 0.946536
vn -0.724617 -0.655422 0.212960
vt 0.121697 0.037178
v -0.228506 0.000464 0.946536
vn 0.724617 -0.655422 0.212960
vt 0.140712 0.037178
v 0.400508 0.217790 -0.680274
vn 0.930408 -0.215438 0.296525
vt 0.141083 0.789309
v 0.400508 0.262002 -0.741127
vn 1.000000 0.000000 0.000000
vt 0.175905 0.814609
v 0.400508 0.262002 -0.665909
vn 0.930408 -0.000000 0.366525
vt 0.132862 0.814608
v 0.400508 0.306214 -0.680274
vn 0.930408 0.215438 0.296525
vt 0.141082 0.839909
v 0.400508 0.333539 -0.717883
vn 0.930408 0.348586 0.113263
vt 0.162604 0.855545
v 0.400508 0.333539 -0.764371
vn 0.930408 0.348587 -0.113262
vt 0.189206 0.855545
v 0.400508 0.306214 -0.801980
vn 0.930408 0.215438 -0.296524
vt 0.210728 0.839909
v 0.400508 0.262002 -0.816345
vn 0.930408 0.000001 -0.366525
vt 0.218948 0.814609
v 0.400508 0.217790 -0.801980
vn 0.930408 -0.215438 -0.296525
vt 0.210728 0.789309
v 0.400508 0.190465 -0.717883
vn 0.930408 -0.348586 0.113262
vt 0.162604 0.773672
v 0.400508 0.190466 -0.764371
vn 0.930408 -0.348586 -0.113263
vt 0.189206 0.773672
v 0.370508 0.160466 -0.774118
vn 0.724617 -0.655422 -0.212960
vt 0.194784 0.756505
v 0.370508 0.199249 -0.827499
vn 0.724618 -0.405072 -0.557536
vt 0.225331 0.778699
v 0.370508 0.262002 -0.847889
vn 0.724618 0.000001 -0.689150
vt 0.236999 0.814609
v 0.370508 0.324755 -0.827499
vn 0.724618 0.405073 -0.557534
vt 0.225331 0.850519
v 0.370508 0.363539 -0.774118
vn 0.724617 0.655423 -0.212958
vt 0.194784 0.872712
v 0.370508 0.363539 -0.708136
vn 0.724617 0.655422 0.212960
vt 0.157026 0.872712
v 0.370508 0.324755 -0.654755
vn 0.724618 0.405072 0.557535
vt 0.126479 0.850519
v 0.370508 0.262002 -0.634365
vn 0.724619 -0.000001 0.689150
vt 0.114811 0.814608
v 0.370508 0.199249 -0.654755
vn 0.724618 -0.405073 0.557534
vt 0.126479 0.778698
v 0.370508 0.160465 -0.708136
vn 0.724617 -0.655422 0.212959
vt 0.157026 0.756505
v 0.400508 0.100364 -0.963604
vn 1.000000 0.000000 0.000000
vt 0.303216 0.722112
v 0.400508 0.262003 -1.016123
vn 1.000000 -0.000000 0.000000
vt 0.333270 0.814609
v 0.400508 0.262002 -0.921491
vn 1.000000 -0.000000 0.000000
vt 0.279117 0.814609
v 0.400508 0.368018 -0.887045
vn 1.000000 0.000000 0.000000
vt 0.259405 0.875275
v 0.400508 0.423641 -0.963603
vn 1.000000 0.000000 0.000000
vt 0.303215 0.907105
v 0.400508 0.433539 -0.796862
vn 1.000000 0.000000 0.000000
vt 0.207799 0.912769
v 0.400508 0.523539 -0.826105
vn 1.000000 0.000000 0.000000
vt 0.224533 0.964271
v 0.400508 0.433539 -0.685391
vn 1.000000 -0.000000 0.000000
vt 0.144011 0.912769
v 0.400508 0.523539 -0.656148
vn 1.000000 -0.000000 0.000000
vt 0.127277 0.964271
v 0.400508 0.368017 -0.595209
vn 1.000000 0.000000 0.000000
vt 0.092404 0.875275
v 0.400508 0.423640 -0.518650
vn 1.000000 0.000000 0.000000
vt 0.048594 0.907105
v 0.400508 0.262002 -0.560763
vn 1.000000 0.000001 0.000000
vt 0.072693 0.814608
v 0.400508 0.262002 -0.466131
vn 1.000000 0.000001 0.000000
vt 0.018540 0.814608
v 0.400508 0.155986 -0.595209
vn 1.000000 0.000000 0.000000
vt 0.092405 0.753942
v 0.400508 0.100363 -0.518651
vn 1.000000 0.000000 0.000000
vt 0.048595 0.722112
v 0.400508 0.090465 -0.685392
vn 1.000000 0.000000 0.000000
vt 0.144011 0.716448
v 0.400508 0.000465 -0.656149
vn 1.000000 0.000000 0.000000
vt 0.127277 0.664946
v 0.400508 0.090466 -0.796863
vn 1.000000 0.000000 0.000000
vt 0.207799 0.716448
v 0.400508 0.000466 -0.826106
vn 1.000000 0.000000 0.000000
vt 0.224534 0.664946
v 0.400508 0.155987 -0.887045
vn 1.000000 0.000000 0.000000
vt 0.259406 0.753942
v -0.228506 0.000466 -0.826106
vn 0.000000 -0.951056 -0.309018
vt 0.101058 0.084826
v -0.400508 0.000465 -0.826106
vn 0.000000 -0.951056 -0.309018
vt 0.082043 0.084826
v -0.400508 0.100364 -0.963604
vn 0.000000 -0.587784 -0.809018
vt 0.082043 0.075731
v -0.228506 0.100364 -0.963604
vn 0.000000 -0.587784 -0.809018
vt 0.101058 0.075731
v -0.400508 0.262002 -1.016123
vn 0.000000 0.000002 -1.000000
vt 0.082043 0.061016
v -0.228506 0.262002 -1.016123
vn 0.000000 0.000002 -1.000000
vt 0.101058 0.061016
v -0.400508 0.423641 -0.963603
vn 0.000000 0.587787 -0.809016
vt 0.082043 0.046301
v -0.228506 0.423641 -0.963603
vn 0.000000 0.587787 -0.809016
vt 0.101058 0.046301
v -0.400508 0.523539 -0.826105
vn -0.000000 0.951057 -0.309016
vt 0.082043 0.037207
v -0.228506 0.523539 -0.826105
vn -0.000000 0.951057 -0.309016
vt 0.101058 0.037207
v -0.397314 0.236234 0.577517
vn -1.000000 0.000000 0.000000
vt 0.377211 0.091484
v -0.397314 0.360479 0.492063
vn -1.000000 0.000000 0.000000
vt 0.410056 0.139238
v -0.397314 0.360479 0.355943
vn -1.000000 0.000000 0.000000
vt 0.462375 0.139238
v -0.397314 0.236234 0.356053
vn -1.000000 0.000000 0.000000
vt 0.462332 0.091483
v -0.397314 0.360479 0.177698
vn -1.000000 -0.000000 -0.000000
vt 0.530884 0.139238
v -0.397314 0.236234 0.177714
vn -1.000000 -0.000000 -0.000000
vt 0.530878 0.091484
v -0.397314 0.360479 -0.105931
vn -1.000000 0.000000 -0.000000
vt 0.639899 0.139238
v -0.397314 0.236235 -0.105983
vn -1.000000 0.000000 -0.000000
vt 0.639919 0.091484
v -0.397314 0.360479 -0.184271
vn -1.000000 0.000000 0.000000
vt 0.670009 0.139238
v -0.397314 0.236235 -0.184281
vn -1.000000 0.000000 0.000000
vt 0.670013 0.091484
v -0.397314 0.360479 -0.261758
vn -1.000000 0.000000 -0.000000
vt 0.699792 0.139238
v -0.397314 0.236235 -0.261792
vn -1.000000 0.000000 -0.000000
vt 0.699805 0.091484
v -0.397314 0.360479 -0.342718
vn -1.000000 0.000000 -0.000000
vt 0.730910 0.139238
v -0.397314 0.236235 -0.339602
vn -1.000000 0.000000 -0.000000
vt 0.729712 0.091484
v -0.397314 0.360479 -0.381518
vn -1.000000 0.000000 -0.000000
vt 0.745823 0.139238
v -0.397314 0.302466 -0.421419
vn -1.000000 0.000000 -0.000000
vt 0.761159 0.116940
v -0.397314 0.236235 -0.417476
vn -1.000000 0.000000 -0.000000
vt 0.759644 0.091484
v -0.397314 0.236235 -0.466972
vn -1.000000 0.000000 0.000000
vt 0.778667 0.091484
v -0.400508 0.423641 -0.963603
vn -1.000000 -0.000000 -0.000000
vt 0.303216 0.907105
v -0.400508 0.368018 -0.887045
vn -1.000000 -0.000000 -0.000000
vt 0.259405 0.875275
v -0.400508 0.433539 -0.796863
vn -1.000000 -0.000000 -0.000000
vt 0.207799 0.912769
v -0.400508 0.523539 -0.826105
vn -1.000000 -0.000000 -0.000000
vt 0.224533 0.964271
v -0.400508 0.433539 -0.685391
vn -1.000000 0.000000 -0.000000
vt 0.144011 0.912769
v -0.400508 0.523539 -0.656148
vn -1.000000 0.000000 -0.000000
vt 0.127277 0.964271
v -0.400508 0.368017 -0.595209
vn -1.000000 -0.000000 -0.000000
vt 0.092405 0.875275
v -0.400508 0.423640 -0.518651
vn -1.000000 -0.000000 -0.000000
vt 0.048594 0.907105
v -0.400508 0.262002 -0.560763
vn -1.000000 -0.000000 -0.000000
vt 0.072693 0.814608
v -0.400508 0.262002 -0.466131
vn -1.000000 -0.000000 -0.000000
vt 0.018540 0.814608
v -0.400508 0.155986 -0.595209
vn -1.000000 -0.000000 -0.000000
vt 0.092405 0.753942
v -0.400508 0.100363 -0.518651
vn -1.000000 -0.000000 -0.000000
vt 0.048595 0.722112
v -0.400508 0.090465 -0.685392
vn -1.000000 -0.000000 -0.000000
vt 0.144011 0.716448
v -0.400508 0.000465 -0.656149
vn -1.000000 -0.000000 -0.000000
vt 0.127277 0.664946
v -0.400508 0.090465 -0.796863
vn -1.000000 -0.000000 -0.000000
vt 0.207800 0.716448
v -0.400508 0.000465 -0.826106
vn -1.000000 -0.000000 -0.000000
vt 0.224534 0.664946
v -0.400508 0.155987 -0.887045
vn -1.000000 -0.000000 -0.000000
vt 0.259406 0.753942
v -0.400508 0.100364 -0.963604
vn -1.000000 -0.000000 -0.000000
vt 0.303216 0.722112
v -0.400508 0.262002 -0.921492
vn -1.000000 -0.000000 -0.000000
vt 0.279117 0.814609
v -0.400508 0.262002 -1.016123
vn -1.000000 -0.000000 -0.000000
vt 0.333270 0.814609
v 0.400508 0.090466 -0.796863
vn 0.926032 0.358972 0.116638
vt 0.207799 0.716448
v 0.370508 0.199249 -0.827499
vn 0.926032 0.221857 0.305360
vt 0.225331 0.778699
v 0.370508 0.160466 -0.774118
vn 0.926032 0.358972 0.116638
vt 0.194784 0.756505
v 0.400508 0.090465 -0.685392
vn 0.926032 0.358973 -0.116637
vt 0.144011 0.716448
v 0.370508 0.160465 -0.708136
vn 0.926032 0.358973 -0.116637
vt 0.157026 0.756505
v 0.400508 0.155986 -0.595209
vn 0.926031 0.221858 -0.305360
vt 0.092405 0.753942
v 0.370508 0.199249 -0.654755
vn 0.926031 0.221858 -0.305360
vt 0.126479 0.778698
v 0.400508 0.262002 -0.560763
vn 0.926031 0.000000 -0.377446
vt 0.072693 0.814608
v 0.370508 0.262002 -0.634365
vn 0.926031 0.000000 -0.377446
vt 0.114811 0.814608
v 0.400508 0.368017 -0.595209
vn 0.926032 -0.221857 -0.305361
vt 0.092404 0.875275
v 0.370508 0.324755 -0.654755
vn 0.926032 -0.221857 -0.305361
vt 0.126479 0.850519
v 0.400508 0.433539 -0.685391
vn 0.926031 -0.358973 -0.116638
vt 0.144011 0.912769
v 0.370508 0.363539 -0.708136
vn 0.926031 -0.358973 -0.116638
vt 0.157026 0.872712
v 0.400508 0.433539 -0.796862
vn 0.926031 -0.358973 0.116637
vt 0.207799 0.912769
v 0.370508 0.363539 -0.774118
vn 0.926031 -0.358973 0.116637
vt 0.194784 0.872712
v 0.400508 0.368018 -0.887045
vn 0.926031 -0.221858 0.305361
vt 0.259405 0.875275
v 0.370508 0.324755 -0.827499
vn 0.926031 -0.221858 0.305361
vt 0.225331 0.850519
v 0.400508 0.262002 -0.921491
vn 0.926032 -0.000000 0.377446
vt 0.279117 0.814609
v 0.370508 0.262002 -0.847889
vn 0.926032 -0.000000 0.377446
vt 0.236999 0.814609
v 0.400508 0.155987 -0.887045
vn 0.926032 0.221857 0.305360
vt 0.259406 0.753942
g Rennwagen_part_0
# Submesh 0: 956 triangles
f 1/1/1 2/2/2 3/3/3
f 4/4/4 5/5/5 6/6/6
f 4/4/4 6/6/6 7/7/7
f 8/8/8 7/7/7 9/9/9
f 8/8/8 4/4/4 7/7/7
f 8/8/8 10/10/10 4/4/4
f 4/4/4 10/10/10 11/11/11
f 4/4/4 11/11/11 5/5/5
f 12/12/12 5/5/5 11/11/11
f 12/12/12 13/13/13 5/5/5
f 5/5/5 13/13/13 14/14/14
f 5/5/5 14/14/14 6/6/6
f 6/6/6 14/14/14 15/15/15
f 6/6/6 15/15/15 16/16/16
f 15/15/15 17/17/17 16/16/16
f 18/18/18 16/16/16 17/17/17
f 18/18/18 19/19/19 16/16/16
f 20/20/20 19/19/19 18/18/18
f 20/20/20 21/21/21 19/19/19
f 20/20/20 22/22/22 21/21/21
f 21/21/21 22/22/22 23/23/23
f 24/24/24 8/8/8 9/9/9
f 24/24/24 9/9/9 23/23/23
f 21/21/21 23/23/23 9/9/9
f 21/21/21 9/9/9 7/7/7
f 21/21/21 7/7/7 19/19/19
f 19/19/19 7/7/7 6/6/6
f 19/19/19 6/6/6 16/16/16
f 15/15/15 25/25/25 17/17/17
f 20/20/20 26/26/26 22/22/22
f 27/27/27 22/22/22 26/26/26
f 28/28/28 22/22/22 27/27/27
f 27/27/27 26/26/26 29/29/29
f 28/28/28 23/23/23 22/22/22
f 28/28/28 24/24/24 23/23/23
f 28/28/28 30/30/30 24/24/24
f 31/31/31 24/24/24 30/30/30
f 31/31/31 32/32/32 24/24/24
f 8/8/8 24/24/24 32/32/32
f 8/8/8 32/32/32 33/33/33
f 8/8/8 33/33/33 10/10/10
f 34/34/34 35/35/35 36/36/36
f 35/35/35 37/37/37 36/36/36
f 35/35/35 38/38/38 37/37/37
f 35/35/35 39/39/39 38/38/38
f 35/35/35 40/40/40 39/39/39
f 41/41/41 40/40/40 35/35/35
f 41/41/41 35/35/35 42/42/42
f 42/42/42 35/35/35 43/43/43
f 43/43/43 35/35/35 44/44/44
f 44/44/44 35/35/35 34/34/34
f 45/45/45 46/46/46 47/47/47
f 46/46/46 48/48/48 47/47/47
f 46/46/46 49/49/49 48/48/48
f 46/46/46 50/50/50 49/49/49
f 46/46/46 51/51/51 50/50/50
f 52/52/52 51/51/51 46/46/46
f 52/52/52 46/46/46 53/53/53
f 53/53/53 46/46/46 54/54/54
f 54/54/54 46/46/46 55/55/55
f 55/55/55 46/46/46 45/45/45
f 56/56/56 57/57/57 58/58/58
f 59/59/59 60/60/60 61/61/61
f 59/59/59 61/61/61 62/62/62
f 62/62/62 61/61/61 63/63/63
f 62/62/62 63/63/63 64/64/64
f 64/64/64 63/63/63 65/65/65
f 64/64/64 65/65/65 66/66/66
f 66/66/66 65/65/65 67/67/67
f 66/66/66 67/67/67 68/68/68
f 68/68/68 67/67/67 69/69/69
f 68/68/68 69/69/69 70/70/70
f 70/70/70 69/69/69 71/71/71
f 70/70/70 71/71/71 72/72/72
f 72/72/72 71/71/71 73/73/73
f 72/72/72 73/73/73 74/74/74
f 74/74/74 73/73/73 75/75/75
f 74/74/74 75/75/75 76/76/76
f 76/76/76 75/75/75 77/77/77
f 76/76/76 77/77/77 78/78/78
f 78/78/78 77/77/77 60/60/60
f 78/78/78 60/60/60 59/59/59
f 79/79/79 80/80/80 81/81/81
f 79/79/79 81/81/81 82/82/82
f 82/82/82 81/81/81 83/83/83
f 82/82/82 83/83/83 84/84/84
f 85/85/85 86/86/86 87/87/87
f 85/85/85 87/87/87 88/88/88
f 88/88/88 87/87/87 89/89/89
f 88/88/88 89/89/89 90/90/90
f 91/91/91 92/92/92 93/93/93
f 91/91/91 93/93/93 94/94/94
f 94/94/94 93/93/93 95/95/95
f 94/94/94 95/95/95 96/96/96
f 97/97/97 98/98/98 99/99/99
f 97/97/97 99/99/99 100/100/100
f 100/100/100 99/99/99 101/101/101
f 100/100/100 101/101/101 102/102/102
f 103/103/103 104/104/104 105/105/105
f 103/103/103 105/105/105 106/106/106
f 106/106/106 105/105/105 107/107/107
f 106/106/106 107/107/107 108/108/108
f 109/109/109 110/110/110 111/111/111
f 109/109/109 111/111/111 112/112/112
f 112/112/112 111/111/111 113/113/113
f 112/112/112 113/113/113 114/114/114
f 115/115/115 116/116/116 117/117/117
f 115/115/115 117/117/117 118/118/118
f 118/118/118 117/117/117 119/119/119
f 118/118/118 119/119/119 120/120/120
f 121/121/121 122/122/122 123/123/123
f 121/121/121 123/123/123 124/124/124
f 124/124/124 123/123/123 125/125/125
f 124/124/124 125/125/125 126/126/126
f 127/127/127 128/128/128 129/129/129
f 127/127/127 129/129/129 130/130/130
f 131/131/131 128/128/128 127/127/127
f 131/131/131 132/132/132 128/128/128
f 132/132/132 129/129/129 128/128/128
f 132/132/132 133/133/133 129/129/129
f 129/129/129 133/133/133 134/134/134
f 129/129/129 134/134/134 135/135/135
f 129/129/129 135/135/135 136/136/136
f 129/129/129 136/136/136 130/130/130
f 130/130/130 136/136/136 137/137/137
f 130/130/130 137/137/137 138/138/138
f 139/139/139 130/130/130 138/138/138
f 139/139/139 127/127/127 130/130/130
f 140/140/140 127/127/127 139/139/139
f 131/131/131 127/127/127 140/140/140
f 131/131/131 141/141/141 132/132/132
f 140/140/140 139/139/139 142/142/142
f 143/143/143 144/144/144 145/145/145
f 146/146/146 147/147/147 148/148/148
f 146/146/146 148/148/148 149/149/149
f 148/148/148 150/150/150 149/149/149
f 148/148/148 151/151/151 150/150/150
f 151/151/151 152/152/152 150/150/150
f 151/151/151 153/153/153 152/152/152
f 153/153/153 145/145/145 152/152/152
f 153/153/153 154/154/154 145/145/145
f 154/154/154 143/143/143 145/145/145
f 154/154/154 155/155/155 143/143/143
f 154/154/154 156/156/156 155/155/155
f 157/157/157 147/147/147 158/158/158
f 157/157/157 158/158/158 159/159/159
f 160/160/160 157/157/157 159/159/159
f 160/160/160 159/159/159 161/161/161
f 162/162/162 160/160/160 161/161/161
f 162/162/162 161/161/161 163/163/163
f 164/164/164 162/162/162 163/163/163
f 164/164/164 163/163/163 165/165/165
f 166/166/166 164/164/164 165/165/165
f 166/166/166 165/165/165 167/167/167
f 168/168/168 166/166/166 167/167/167
f 168/168/168 167/167/167 169/169/169
f 170/170/170 168/168/168 169/169/169
f 170/170/170 171/171/171 168/168/168
f 172/172/172 173/173/173 174/174/174
f 175/175/175 173/173/173 172/172/172
f 175/175/175 172/172/172 176/176/176
f 177/177/177 175/175/175 176/176/176
f 177/177/177 176/176/176 178/178/178
f 176/176/176 179/179/179 178/178/178
f 176/176/176 180/180/180 179/179/179
f 172/172/172 180/180/180 176/176/176
f 181/181/181 182/182/182 183/183/183
f 183/183/183 182/182/182 184/184/184
f 183/183/183 184/184/184 185/185/185
f 185/185/185 184/184/184 186/186/186
f 185/185/185 186/186/186 187/187/187
f 187/187/187 186/186/186 174/174/174
f 187/187/187 174/174/174 188/188/188
f 188/188/188 174/174/174 173/173/173
f 188/188/188 173/173/173 189/189/189
f 189/189/189 173/173/173 175/175/175
f 189/189/189 175/175/175 190/190/190
f 190/190/190 175/175/175 177/177/177
f 190/190/190 177/177/177 191/191/191
f 179/179/179 192/192/192 193/193/193
f 179/179/179 180/180/180 192/192/192
f 180/180/180 194/194/194 192/192/192
f 180/180/180 195/195/195 194/194/194
f 172/172/172 195/195/195 180/180/180
f 196/196/196 195/195/195 172/172/172
f 172/172/172 174/174/174 196/196/196
f 174/174/174 197/197/197 196/196/196
f 174/174/174 186/186/186 197/197/197
f 197/197/197 186/186/186 184/184/184
f 197/197/197 184/184/184 198/198/198
f 198/198/198 184/184/184 182/182/182
f 198/198/198 182/182/182 199/199/199
f 199/199/199 182/182/182 200/200/200
f 199/199/199 200/200/200 201/201/201
f 200/200/200 202/202/202 201/201/201
f 202/202/202 203/203/203 201/201/201
f 203/203/203 202/202/202 204/204/204
f 196/196/196 205/205/205 195/195/195
f 194/194/194 195/195/195 205/205/205
f 194/194/194 205/205/205 206/206/206
f 203/203/203 204/204/204 207/207/207
f 208/208/208 207/207/207 204/204/204
f 204/204/204 209/209/209 208/208/208
f 204/204/204 210/210/210 209/209/209
f 211/211/211 210/210/210 204/204/204
f 211/211/211 204/204/204 202/202/202
f 200/200/200 211/211/211 202/202/202
f 212/212/212 203/203/203 213/213/213
f 213/213/213 203/203/203 214/214/214
f 214/214/214 203/203/203 207/207/207
f 214/214/214 207/207/207 215/215/215
f 215/215/215 207/207/207 216/216/216
f 208/208/208 216/216/216 207/207/207
f 217/217/217 216/216/216 208/208/208
f 209/209/209 217/217/217 208/208/208
f 209/209/209 218/218/218 217/217/217
f 219/219/219 218/218/218 209/209/209
f 219/219/219 209/209/209 220/220/220
f 220/220/220 209/209/209 210/210/210
f 220/220/220 210/210/210 221/221/221
f 221/221/221 210/210/210 211/211/211
f 221/221/221 211/211/211 222/222/222
f 222/222/222 211/211/211 200/200/200
f 222/222/222 200/200/200 181/181/181
f 181/181/181 200/200/200 182/182/182
f 213/213/213 214/214/214 223/223/223
f 215/215/215 216/216/216 224/224/224
f 216/216/216 225/225/225 224/224/224
f 216/216/216 226/226/226 225/225/225
f 217/217/217 226/226/226 216/216/216
f 227/227/227 228/228/228 229/229/229
f 227/227/227 229/229/229 230/230/230
f 231/231/231 227/227/227 230/230/230
f 231/231/231 230/230/230 232/232/232
f 233/233/233 234/234/234 235/235/235
f 236/236/236 237/237/237 235/235/235
f 238/238/238 239/239/239 240/240/240
f 238/238/238 240/240/240 241/241/241
f 242/242/242 238/238/238 241/241/241
f 242/242/242 243/243/243 238/238/238
f 243/243/243 244/244/244 238/238/238
f 243/243/243 245/245/245 244/244/244
f 246/246/246 244/244/244 245/245/245
f 247/247/247 246/246/246 245/245/245
f 247/247/247 248/248/248 246/246/246
f 247/247/247 249/249/249 248/248/248
f 249/249/249 250/250/250 248/248/248
f 250/250/250 251/251/251 248/248/248
f 250/250/250 252/252/252 251/251/251
f 251/251/251 252/252/252 236/236/236
f 251/251/251 236/236/236 253/253/253
f 236/236/236 235/235/235 253/253/253
f 253/253/253 235/235/235 254/254/254
f 254/254/254 235/235/235 234/234/234
f 249/249/249 255/255/255 250/250/250
f 247/247/247 245/245/245 256/256/256
f 256/256/256 245/245/245 243/243/243
f 256/256/256 243/243/243 257/257/257
f 257/257/257 243/243/243 242/242/242
f 257/257/257 242/242/242 258/258/258
f 246/246/246 259/259/259 244/244/244
f 248/248/248 259/259/259 246/246/246
f 248/248/248 251/251/251 259/259/259
f 259/259/259 251/251/251 253/253/253
f 259/259/259 253/253/253 260/260/260
f 253/253/253 254/254/254 260/260/260
f 261/261/261 260/260/260 254/254/254
f 261/261/261 254/254/254 262/262/262
f 239/239/239 261/261/261 262/262/262
f 239/239/239 262/262/262 263/263/263
f 240/240/240 239/239/239 263/263/263
f 240/240/240 263/263/263 264/264/264
f 259/259/259 260/260/260 261/261/261
f 259/259/259 261/261/261 244/244/244
f 244/244/244 261/261/261 239/239/239
f 244/244/244 239/239/239 238/238/238
f 254/254/254 234/234/234 265/265/265
f 254/254/254 265/265/265 266/266/266
f 254/254/254 266/266/266 262/262/262
f 262/262/262 266/266/266 267/267/267
f 262/262/262 267/267/267 263/263/263
f 268/268/268 263/263/263 267/267/267
f 269/269/269 270/270/270 271/271/271
f 272/272/272 273/273/273 274/274/274
f 272/272/272 275/275/275 273/273/273
f 275/275/275 276/276/276 273/273/273
f 275/275/275 277/277/277 276/276/276
f 277/277/277 278/278/278 276/276/276
f 277/277/277 279/279/279 278/278/278
f 279/279/279 280/280/280 278/278/278
f 279/279/279 281/281/281 280/280/280
f 281/281/281 282/282/282 280/280/280
f 281/281/281 283/283/283 282/282/282
f 283/283/283 284/284/284 282/282/282
f 283/283/283 269/269/269 284/284/284
f 269/269/269 271/271/271 284/284/284
f 271/271/271 285/285/285 284/284/284
f 271/271/271 286/286/286 285/285/285
f 285/285/285 286/286/286 287/287/287
f 287/287/287 288/288/288 289/289/289
f 287/287/287 289/289/289 290/290/290
f 285/285/285 287/287/287 290/290/290
f 291/291/291 285/285/285 290/290/290
f 284/284/284 285/285/285 291/291/291
f 284/284/284 291/291/291 282/282/282
f 291/291/291 280/280/280 282/282/282
f 291/291/291 292/292/292 280/280/280
f 280/280/280 292/292/292 293/293/293
f 280/280/280 293/293/293 278/278/278
f 293/293/293 276/276/276 278/278/278
f 293/293/293 294/294/294 276/276/276
f 294/294/294 273/273/273 276/276/276
f 294/294/294 295/295/295 273/273/273
f 295/295/295 274/274/274 273/273/273
f 295/295/295 296/296/296 274/274/274
f 274/274/274 296/296/296 297/297/297
f 297/297/297 296/296/296 298/298/298
f 290/290/290 289/289/289 299/299/299
f 290/290/290 299/299/299 300/300/300
f 291/291/291 290/290/290 300/300/300
f 292/292/292 291/291/291 300/300/300
f 292/292/292 300/300/300 301/301/301
f 299/299/299 301/301/301 300/300/300
f 299/299/299 302/302/302 301/301/301
f 274/274/274 297/297/297 303/303/303
f 303/303/303 297/297/297 304/304/304
f 303/303/303 304/304/304 305/305/305
f 304/304/304 297/297/297 298/298/298
f 304/304/304 298/298/298 306/306/306
f 307/307/307 304/304/304 306/306/306
f 305/305/305 304/304/304 307/307/307
f 305/305/305 307/307/307 308/308/308
f 309/309/309 310/310/310 298/298/298
f 310/310/310 311/311/311 298/298/298
f 306/306/306 298/298/298 311/311/311
f 306/306/306 311/311/311 312/312/312
f 306/306/306 312/312/312 313/313/313
f 306/306/306 313/313/313 314/314/314
f 307/307/307 306/306/306 314/314/314
f 315/315/315 307/307/307 314/314/314
f 308/308/308 307/307/307 315/315/315
f 308/308/308 315/315/315 316/316/316
f 317/317/317 308/308/308 316/316/316
f 317/317/317 318/318/318 308/308/308
f 318/318/318 305/305/305 308/308/308
f 318/318/318 319/319/319 305/305/305
f 319/319/319 303/303/303 305/305/305
f 319/319/319 320/320/320 303/303/303
f 320/320/320 274/274/274 303/303/303
f 320/320/320 272/272/272 274/274/274
f 310/310/310 321/321/321 311/311/311
f 315/315/315 314/314/314 322/322/322
f 314/314/314 323/323/323 322/322/322
f 314/314/314 313/313/313 323/323/323
f 324/324/324 325/325/325 326/326/326
f 324/324/324 326/326/326 327/327/327
f 328/328/328 324/324/324 327/327/327
f 328/328/328 327/327/327 329/329/329
f 330/330/330 328/328/328 329/329/329
f 330/330/330 329/329/329 331/331/331
f 332/332/332 333/333/333 334/334/334
f 332/332/332 334/334/334 335/335/335
f 335/335/335 334/334/334 336/336/336
f 334/334/334 337/337/337 336/336/336
f 334/334/334 338/338/338 337/337/337
f 333/333/333 338/338/338 334/334/334
f 333/333/333 339/339/339 338/338/338
f 335/335/335 336/336/336 340/340/340
f 341/341/341 342/342/342 343/343/343
f 341/341/341 343/343/343 344/344/344
f 345/345/345 346/346/346 347/347/347
f 345/345/345 347/347/347 348/348/348
f 348/348/348 347/347/347 349/349/349
f 348/348/348 349/349/349 350/350/350
f 350/350/350 349/349/349 351/351/351
f 351/351/351 349/349/349 352/352/352
f 352/352/352 349/349/349 353/353/353
f 353/353/353 349/349/349 354/354/354
f 349/349/349 355/355/355 354/354/354
f 349/349/349 356/356/356 355/355/355
f 349/349/349 357/357/357 356/356/356
f 349/349/349 347/347/347 357/357/357
f 358/358/358 345/345/345 348/348/348
f 358/358/358 348/348/348 350/350/350
f 359/359/359 358/358/358 350/350/350
f 359/359/359 350/350/350 351/351/351
f 360/360/360 359/359/359 351/351/351
f 360/360/360 351/351/351 352/352/352
f 361/361/361 360/360/360 352/352/352
f 361/361/361 352/352/352 353/353/353
f 362/362/362 361/361/361 353/353/353
f 362/362/362 353/353/353 354/354/354
f 363/363/363 362/362/362 354/354/354
f 363/363/363 354/354/354 355/355/355
f 364/364/364 363/363/363 355/355/355
f 364/364/364 355/355/355 356/356/356
f 365/365/365 364/364/364 356/356/356
f 365/365/365 356/356/356 357/357/357
f 346/346/346 365/365/365 357/357/357
f 346/346/346 357/357/357 347/347/347
f 366/366/366 367/367/367 368/368/368
f 366/366/366 368/368/368 369/369/369
f 370/370/370 366/366/366 369/369/369
f 370/370/370 369/369/369 371/371/371
f 372/372/372 373/373/373 374/374/374
f 372/372/372 374/374/374 375/375/375
f 375/375/375 374/374/374 376/376/376
f 374/374/374 377/377/377 376/376/376
f 374/374/374 378/378/378 377/377/377
f 373/373/373 378/378/378 374/374/374
f 373/373/373 379/379/379 378/378/378
f 375/375/375 376/376/376 380/380/380
f 381/381/381 382/382/382 383/383/383
f 381/381/381 383/383/383 384/384/384
f 385/385/385 381/381/381 384/384/384
f 385/385/385 384/384/384 386/386/386
f 387/387/387 385/385/385 386/386/386
f 387/387/387 386/386/386 388/388/388
f 389/389/389 390/390/390 391/391/391
f 392/392/392 389/389/389 393/393/393
f 389/389/389 391/391/391 393/393/393
f 393/393/393 391/391/391 394/394/394
f 393/393/393 394/394/394 395/395/395
f 396/396/396 393/393/393 395/395/395
f 396/396/396 395/395/395 397/397/397
f 392/392/392 393/393/393 396/396/396
f 398/398/398 399/399/399 400/400/400
f 398/398/398 400/400/400 401/401/401
f 401/401/401 400/400/400 402/402/402
f 400/400/400 403/403/403 402/402/402
f 400/400/400 404/404/404 403/403/403
f 399/399/399 404/404/404 400/400/400
f 399/399/399 405/405/405 404/404/404
f 401/401/401 402/402/402 406/406/406
f 407/407/407 408/408/408 409/409/409
f 407/407/407 409/409/409 410/410/410
f 411/411/411 412/412/412 413/413/413
f 411/411/411 413/413/413 414/414/414
f 412/412/412 415/415/415 416/416/416
f 412/412/412 416/416/416 413/413/413
f 413/413/413 416/416/416 417/417/417
f 413/413/413 417/417/417 418/418/418
f 414/414/414 413/413/413 418/418/418
f 414/414/414 418/418/418 419/419/419
f 420/420/420 421/421/421 422/422/422
f 421/421/421 423/423/423 422/422/422
f 424/424/424 425/425/425 426/426/426
f 424/424/424 426/426/426 427/427/427
f 427/427/427 428/428/428 424/424/424
f 427/427/427 429/429/429 428/428/428
f 430/430/430 428/428/428 429/429/429
f 430/430/430 429/429/429 431/431/431
f 431/431/431 432/432/432 430/430/430
f 431/431/431 433/433/433 432/432/432
f 434/434/434 432/432/432 433/433/433
f 434/434/434 433/433/433 435/435/435
f 421/421/421 434/434/434 435/435/435
f 421/421/421 436/436/436 434/434/434
f 420/420/420 436/436/436 421/421/421
f 436/436/436 420/420/420 437/437/437
f 438/438/438 439/439/439 440/440/440
f 438/438/438 440/440/440 426/426/426
f 438/438/438 426/426/426 425/425/425
f 438/438/438 425/425/425 441/441/441
f 441/441/441 425/425/425 442/442/442
f 441/441/441 442/442/442 443/443/443
f 444/444/444 445/445/445 446/446/446
f 444/444/444 446/446/446 447/447/447
f 448/448/448 444/444/444 447/447/447
f 448/448/448 447/447/447 449/449/449
f 450/450/450 451/451/451 452/452/452
f 450/450/450 452/452/452 453/453/453
f 454/454/454 450/450/450 453/453/453
f 454/454/454 453/453/453 455/455/455
f 456/456/456 457/457/457 458/458/458
f 456/456/456 458/458/458 459/459/459
f 456/456/456 459/459/459 460/460/460
f 456/456/456 460/460/460 461/461/461
f 462/462/462 463/463/463 464/464/464
f 462/462/462 464/464/464 465/465/465
f 466/466/466 462/462/462 465/465/465
f 466/466/466 465/465/465 467/467/467
f 468/468/468 469/469/469 470/470/470
f 468/468/468 470/470/470 471/471/471
f 468/468/468 471/471/471 472/472/472
f 468/468/468 472/472/472 473/473/473
f 474/474/474 475/475/475 476/476/476
f 474/474/474 476/476/476 477/477/477
f 475/475/475 478/478/478 479/479/479
f 475/475/475 479/479/479 476/476/476
f 476/476/476 479/479/479 480/480/480
f 476/476/476 480/480/480 481/481/481
f 477/477/477 476/476/476 481/481/481
f 477/477/477 481/481/481 482/482/482
f 483/483/483 484/484/484 485/485/485
f 483/483/483 485/485/485 486/486/486
f 483/483/483 486/486/486 487/487/487
f 483/483/483 487/487/487 488/488/488
f 489/489/489 490/490/490 491/491/491
f 489/489/489 491/491/491 492/492/492
f 493/493/493 489/489/489 492/492/492
f 493/493/493 492/492/492 494/494/494
f 495/495/495 496/496/496 497/497/497
f 495/495/495 497/497/497 498/498/498
f 495/495/495 498/498/498 499/499/499
f 495/495/495 499/499/499 500/500/500
f 501/501/501 502/502/502 503/503/503
f 501/501/501 503/503/503 504/504/504
f 505/505/505 501/501/501 504/504/504
f 505/505/505 504/504/504 506/506/506
f 507/507/507 508/508/508 509/509/509
f 510/510/510 508/508/508 507/507/507
f 511/511/511 508/508/508 510/510/510
f 512/512/512 511/511/511 510/510/510
f 513/513/513 511/511/511 512/512/512
f 513/513/513 514/514/514 511/511/511
f 515/515/515 514/514/514 513/513/513
f 515/515/515 516/516/516 514/514/514
f 517/517/517 516/516/516 515/515/515
f 517/517/517 518/518/518 516/516/516
f 519/519/519 518/518/518 517/517/517
f 519/519/519 520/520/520 518/518/518
f 521/521/521 520/520/520 519/519/519
f 521/521/521 522/522/522 520/520/520
f 523/523/523 522/522/522 521/521/521
f 523/523/523 524/524/524 522/522/522
f 525/525/525 524/524/524 523/523/523
f 525/525/525 509/509/509 524/524/524
f 508/508/508 524/524/524 509/509/509
f 508/508/508 522/522/522 524/524/524
f 508/508/508 520/520/520 522/522/522
f 508/508/508 518/518/518 520/520/520
f 516/516/516 518/518/518 508/508/508
f 516/516/516 508/508/508 514/514/514
f 514/514/514 508/508/508 511/511/511
f 526/526/526 509/509/509 525/525/525
f 526/526/526 507/507/507 509/509/509
f 527/527/527 507/507/507 526/526/526
f 527/527/527 510/510/510 507/507/507
f 512/512/512 510/510/510 527/527/527
f 528/528/528 529/529/529 530/530/530
f 528/528/528 530/530/530 531/531/531
f 529/529/529 532/532/532 533/533/533
f 529/529/529 533/533/533 530/530/530
f 530/530/530 533/533/533 534/534/534
f 530/530/530 534/534/534 535/535/535
f 531/531/531 530/530/530 535/535/535
f 531/531/531 535/535/535 536/536/536
f 537/537/537 538/538/538 539/539/539
f 538/538/538 540/540/540 539/539/539
f 538/538/538 541/541/541 540/540/540
f 538/538/538 542/542/542 541/541/541
f 538/538/538 543/543/543 542/542/542
f 544/544/544 543/543/543 538/538/538
f 544/544/544 538/538/538 545/545/545
f 545/545/545 538/538/538 546/546/546
f 546/546/546 538/538/538 547/547/547
f 547/547/547 538/538/538 537/537/537
f 548/548/548 549/549/549 550/550/550
f 551/551/551 549/549/549 548/548/548
f 552/552/552 549/549/549 551/551/551
f 553/553/553 552/552/552 551/551/551
f 554/554/554 552/552/552 553/553/553
f 554/554/554 555/555/555 552/552/552
f 556/556/556 555/555/555 554/554/554
f 556/556/556 557/557/557 555/555/555
f 558/558/558 557/557/557 556/556/556
f 558/558/558 559/559/559 557/557/557
f 560/560/560 559/559/559 558/558/558
f 560/560/560 561/561/561 559/559/559
f 562/562/562 561/561/561 560/560/560
f 562/562/562 563/563/563 561/561/561
f 564/564/564 563/563/563 562/562/562
f 564/564/564 565/565/565 563/563/563
f 566/566/566 565/565/565 564/564/564
f 566/566/566 550/550/550 565/565/565
f 549/549/549 565/565/565 550/550/550
f 549/549/549 563/563/563 565/565/565
f 549/549/549 561/561/561 563/563/563
f 549/549/549 559/559/559 561/561/561
f 557/557/557 559/559/559 549/549/549
f 557/557/557 549/549/549 555/555/555
f 555/555/555 549/549/549 552/552/552
f 567/567/567 550/550/550 566/566/566
f 567/567/567 548/548/548 550/550/550
f 568/568/568 548/548/548 567/567/567
f 568/568/568 551/551/551 548/548/548
f 553/553/553 551/551/551 568/568/568
f 569/569/569 564/564/564 562/562/562
f 569/569/569 562/562/562 570/570/570
f 571/571/571 569/569/569 570/570/570
f 571/571/571 570/570/570 572/572/572
f 572/572/572 570/570/570 573/573/573
f 572/572/572 573/573/573 574/574/574
f 574/574/574 573/573/573 575/575/575
f 574/574/574 575/575/575 576/576/576
f 576/576/576 575/575/575 577/577/577
f 576/576/576 577/577/577 578/578/578
f 578/578/578 577/577/577 579/579/579
f 578/578/578 579/579/579 580/580/580
f 580/580/580 579/579/579 581/581/581
f 580/580/580 581/581/581 582/582/582
f 582/582/582 581/581/581 583/583/583
f 582/582/582 583/583/583 584/584/584
f 584/584/584 583/583/583 585/585/585
f 584/584/584 585/585/585 586/586/586
f 586/586/586 585/585/585 587/587/587
f 586/586/586 587/587/587 588/588/588
f 588/588/588 587/587/587 569/569/569
f 588/588/588 569/569/569 571/571/571
f 570/570/570 562/562/562 589/589/589
f 570/570/570 589/589/589 590/590/590
f 590/590/590 589/589/589 591/591/591
f 590/590/590 591/591/591 592/592/592
f 592/592/592 591/591/591 593/593/593
f 592/592/592 593/593/593 594/594/594
f 594/594/594 593/593/593 595/595/595
f 594/594/594 595/595/595 596/596/596
f 596/596/596 595/595/595 597/597/597
f 596/596/596 597/597/597 598/598/598
f 598/598/598 597/597/597 599/599/599
f 598/598/598 599/599/599 600/600/600
f 600/600/600 599/599/599 601/601/601
f 600/600/600 601/601/601 602/602/602
f 602/602/602 601/601/601 603/603/603
f 602/602/602 603/603/603 604/604/604
f 604/604/604 603/603/603 564/564/564
f 604/604/604 564/564/564 569/569/569
f 605/605/605 606/606/606 607/607/607
f 605/605/605 607/607/607 608/608/608
f 609/609/609 605/605/605 608/608/608
f 609/609/609 608/608/608 610/610/610
f 611/611/611 612/612/612 613/613/613
f 612/612/612 614/614/614 613/613/613
f 612/612/612 615/615/615 614/614/614
f 612/612/612 616/616/616 615/615/615
f 612/612/612 617/617/617 616/616/616
f 618/618/618 617/617/617 612/612/612
f 618/618/618 612/612/612 619/619/619
f 619/619/619 612/612/612 620/620/620
f 620/620/620 612/612/612 621/621/621
f 621/621/621 612/612/612 611/611/611
f 622/622/622 623/623/623 624/624/624
f 622/622/622 624/624/624 625/625/625
f 622/622/622 625/625/625 626/626/626
f 622/622/622 626/626/626 627/627/627
f 628/628/628 629/629/629 630/630/630
f 628/628/628 630/630/630 631/631/631
f 632/632/632 628/628/628 631/631/631
f 632/632/632 631/631/631 633/633/633
f 634/634/634 635/635/635 636/636/636
f 634/634/634 636/636/636 637/637/637
f 634/634/634 637/637/637 638/638/638
f 634/634/634 638/638/638 639/639/639
f 640/640/640 641/641/641 642/642/642
f 640/640/640 642/642/642 643/643/643
f 641/641/641 644/644/644 645/645/645
f 641/641/641 645/645/645 642/642/642
f 642/642/642 645/645/645 646/646/646
f 642/642/642 646/646/646 647/647/647
f 643/643/643 642/642/642 647/647/647
f 643/643/643 647/647/647 648/648/648
f 649/649/649 650/650/650 651/651/651
f 649/649/649 651/651/651 652/652/652
f 649/649/649 652/652/652 653/653/653
f 649/649/649 653/653/653 654/654/654
f 655/655/655 656/656/656 657/657/657
f 655/655/655 657/657/657 658/658/658
f 659/659/659 660/660/660 661/661/661
f 659/659/659 661/661/661 662/662/662
f 662/662/662 661/661/661 663/663/663
f 662/662/662 663/663/663 664/664/664
f 665/665/665 666/666/666 667/667/667
f 665/665/665 667/667/667 668/668/668
f 668/668/668 667/667/667 669/669/669
f 668/668/668 669/669/669 670/670/670
f 670/670/670 669/669/669 671/671/671
f 670/670/670 671/671/671 672/672/672
f 673/673/673 674/674/674 675/675/675
f 673/673/673 675/675/675 676/676/676
f 677/677/677 678/678/678 679/679/679
f 677/677/677 679/679/679 680/680/680
f 681/681/681 682/682/682 683/683/683
f 681/681/681 683/683/683 684/684/684
f 684/684/684 683/683/683 685/685/685
f 684/684/684 685/685/685 686/686/686
f 687/687/687 688/688/688 689/689/689
f 687/687/687 689/689/689 690/690/690
f 690/690/690 689/689/689 691/691/691
f 690/690/690 691/691/691 692/692/692
f 692/692/692 691/691/691 693/693/693
f 692/692/692 693/693/693 694/694/694
f 694/694/694 693/693/693 695/695/695
f 694/694/694 695/695/695 696/696/696
f 696/696/696 695/695/695 697/697/697
f 696/696/696 697/697/697 698/698/698
f 698/698/698 697/697/697 699/699/699
f 698/698/698 699/699/699 700/700/700
f 700/700/700 699/699/699 701/701/701
f 700/700/700 701/701/701 702/702/702
f 703/703/703 704/704/704 705/705/705
f 703/703/703 705/705/705 706/706/706
f 707/707/707 708/708/708 709/709/709
f 707/707/707 709/709/709 710/710/710
f 711/711/711 707/707/707 710/710/710
f 711/711/711 710/710/710 712/712/712
f 713/713/713 714/714/714 715/715/715
f 713/713/713 715/715/715 716/716/716
f 713/713/713 716/716/716 717/717/717
f 713/713/713 717/717/717 718/718/718
f 719/719/719 720/720/720 721/721/721
f 719/719/719 721/721/721 722/722/722
f 723/723/723 719/719/719 722/722/722
f 723/723/723 722/722/722 724/724/724
f 725/725/725 726/726/726 727/727/727
f 725/725/725 727/727/727 728/728/728
f 729/729/729 725/725/725 728/728/728
f 729/729/729 728/728/728 730/730/730
f 731/731/731 729/729/729 730/730/730
f 731/731/731 730/730/730 732/732/732
f 733/733/733 731/731/731 732/732/732
f 733/733/733 732/732/732 734/734/734
f 735/735/735 736/736/736 737/737/737
f 735/735/735 737/737/737 738/738/738
f 739/739/739 735/735/735 738/738/738
f 739/739/739 738/738/738 740/740/740
f 741/741/741 739/739/739 740/740/740
f 741/741/741 740/740/740 742/742/742
f 743/743/743 741/741/741 742/742/742
f 743/743/743 742/742/742 744/744/744
f 745/745/745 746/746/746 747/747/747
f 745/745/745 747/747/747 748/748/748
f 749/749/749 745/745/745 748/748/748
f 749/749/749 748/748/748 750/750/750
f 751/751/751 749/749/749 750/750/750
f 751/751/751 750/750/750 752/752/752
f 753/753/753 751/751/751 752/752/752
f 753/753/753 752/752/752 754/754/754
f 755/755/755 753/753/753 754/754/754
f 755/755/755 754/754/754 756/756/756
f 757/757/757 755/755/755 756/756/756
f 757/757/757 756/756/756 758/758/758
f 759/759/759 757/757/757 758/758/758
f 759/759/759 758/758/758 760/760/760
f 761/761/761 762/762/762 763/763/763
f 761/761/761 763/763/763 764/764/764
f 765/765/765 761/761/761 764/764/764
f 765/765/765 764/764/764 766/766/766
f 764/764/764 767/767/767 766/766/766
f 764/764/764 768/768/768 767/767/767
f 768/768/768 764/764/764 763/763/763
f 768/768/768 763/763/763 769/769/769
f 763/763/763 770/770/770 769/769/769
f 763/763/763 771/771/771 770/770/770
f 772/772/772 771/771/771 763/763/763
f 772/772/772 763/763/763 762/762/762
f 773/773/773 772/772/772 762/762/762
f 761/761/761 773/773/773 762/762/762
f 761/761/761 774/774/774 773/773/773
f 774/774/774 761/761/761 765/765/765
f 774/774/774 765/765/765 775/775/775
f 776/776/776 774/774/774 775/775/775
f 776/776/776 777/777/777 774/774/774
f 777/777/777 773/773/773 774/774/774
f 777/777/777 778/778/778 773/773/773
f 779/779/779 773/773/773 778/778/778
f 779/779/779 780/780/780 773/773/773
f 773/773/773 780/780/780 772/772/772
f 781/781/781 782/782/782 783/783/783
f 782/782/782 784/784/784 783/783/783
f 782/782/782 785/785/785 784/784/784
f 785/785/785 786/786/786 784/784/784
f 785/785/785 787/787/787 786/786/786
f 787/787/787 788/788/788 786/786/786
f 787/787/787 789/789/789 788/788/788
f 789/789/789 790/790/790 788/788/788
f 789/789/789 791/791/791 790/790/790
f 791/791/791 792/792/792 790/790/790
f 791/791/791 793/793/793 792/792/792
f 793/793/793 794/794/794 792/792/792
f 793/793/793 795/795/795 794/794/794
f 795/795/795 796/796/796 794/794/794
f 795/795/795 797/797/797 796/796/796
f 797/797/797 798/798/798 796/796/796
f 797/797/797 799/799/799 798/798/798
f 799/799/799 800/800/800 798/798/798
f 799/799/799 781/781/781 800/800/800
f 781/781/781 783/783/783 800/800/800
f 801/801/801 802/802/802 803/803/803
f 801/801/801 803/803/803 804/804/804
f 804/804/804 803/803/803 805/805/805
f 804/804/804 805/805/805 806/806/806
f 806/806/806 805/805/805 807/807/807
f 806/806/806 807/807/807 808/808/808
f 808/808/808 807/807/807 809/809/809
f 808/808/808 809/809/809 810/810/810
f 811/811/811 812/812/812 813/813/813
f 811/811/811 813/813/813 814/814/814
f 814/814/814 813/813/813 815/815/815
f 814/814/814 815/815/815 816/816/816
f 817/817/817 818/818/818 819/819/819
f 820/820/820 817/817/817 819/819/819
f 820/820/820 819/819/819 821/821/821
f 820/820/820 821/821/821 822/822/822
f 823/823/823 820/820/820 822/822/822
f 823/823/823 822/822/822 824/824/824
f 825/825/825 823/823/823 824/824/824
f 825/825/825 824/824/824 826/826/826
f 827/827/827 825/825/825 826/826/826
f 827/827/827 826/826/826 828/828/828
f 829/829/829 827/827/827 828/828/828
f 829/829/829 828/828/828 830/830/830
f 831/831/831 829/829/829 830/830/830
f 831/831/831 830/830/830 832/832/832
f 833/833/833 831/831/831 832/832/832
f 833/833/833 832/832/832 834/834/834
f 835/835/835 836/836/836 837/837/837
f 836/836/836 838/838/838 837/837/837
f 836/836/836 839/839/839 838/838/838
f 839/839/839 840/840/840 838/838/838
f 839/839/839 841/841/841 840/840/840
f 841/841/841 842/842/842 840/840/840
f 841/841/841 843/843/843 842/842/842
f 843/843/843 844/844/844 842/842/842
f 843/843/843 845/845/845 844/844/844
f 845/845/845 846/846/846 844/844/844
f 845/845/845 847/847/847 846/846/846
f 847/847/847 848/848/848 846/846/846
f 847/847/847 849/849/849 848/848/848
f 849/849/849 850/850/850 848/848/848
f 849/849/849 851/851/851 850/850/850
f 851/851/851 852/852/852 850/850/850
f 851/851/851 853/853/853 852/852/852
f 853/853/853 854/854/854 852/852/852
f 853/853/853 835/835/835 854/854/854
f 835/835/835 837/837/837 854/854/854
f 855/855/855 856/856/856 857/857/857
f 855/855/855 857/857/857 858/858/858
f 858/858/858 857/857/857 859/859/859
f 858/858/858 859/859/859 860/860/860
f 860/860/860 859/859/859 861/861/861
f 860/860/860 861/861/861 862/862/862
f 863/863/863 864/864/864 865/865/865
f 864/864/864 866/866/866 865/865/865
f 864/864/864 867/867/867 866/866/866
f 864/864/864 868/868/868 867/867/867
f 864/864/864 869/869/869 868/868/868
f 870/870/870 869/869/869 864/864/864
f 870/870/870 864/864/864 871/871/871
f 872/872/872 864/864/864 863/863/863
f 873/873/873 864/864/864 872/872/872
f 871/871/871 864/864/864 873/873/873
f 874/874/874 871/871/871 873/873/873
f 874/874/874 875/875/875 871/871/871
f 875/875/875 870/870/870 871/871/871
f 875/875/875 876/876/876 870/870/870
f 876/876/876 869/869/869 870/870/870
f 876/876/876 877/877/877 869/869/869
f 877/877/877 868/868/868 869/869/869
f 877/877/877 878/878/878 868/868/868
f 878/878/878 867/867/867 868/868/868
f 878/878/878 879/879/879 867/867/867
f 879/879/879 866/866/866 867/867/867
f 879/879/879 880/880/880 866/866/866
f 880/880/880 865/865/865 866/866/866
f 880/880/880 881/881/881 865/865/865
f 881/881/881 863/863/863 865/865/865
f 881/881/881 882/882/882 863/863/863
f 882/882/882 872/872/872 863/863/863
f 882/882/882 883/883/883 872/872/872
f 883/883/883 873/873/873 872/872/872
f 883/883/883 874/874/874 873/873/873
f 884/884/884 885/885/885 886/886/886
f 885/885/885 887/887/887 886/886/886
f 885/885/885 888/888/888 887/887/887
f 888/888/888 889/889/889 887/887/887
f 888/888/888 890/890/890 889/889/889
f 890/890/890 891/891/891 889/889/889
f 890/890/890 892/892/892 891/891/891
f 892/892/892 893/893/893 891/891/891
f 892/892/892 894/894/894 893/893/893
f 894/894/894 895/895/895 893/893/893
f 894/894/894 896/896/896 895/895/895
f 896/896/896 897/897/897 895/895/895
f 896/896/896 898/898/898 897/897/897
f 898/898/898 899/899/899 897/897/897
f 898/898/898 900/900/900 899/899/899
f 900/900/900 901/901/901 899/899/899
f 900/900/900 902/902/902 901/901/901
f 902/902/902 903/903/903 901/901/901
f 902/902/902 884/884/884 903/903/903
f 884/884/884 886/886/886 903/903/903
f 904/904/904 905/905/905 906/906/906
f 904/904/904 906/906/906 907/907/907
f 907/907/907 906/906/906 908/908/908
f 907/907/907 908/908/908 909/909/909
f 909/909/909 908/908/908 910/910/910
f 909/909/909 910/910/910 911/911/911
f 911/911/911 910/910/910 912/912/912
f 911/911/911 912/912/912 913/913/913
f 914/914/914 915/915/915 916/916/916
f 914/914/914 916/916/916 917/917/917
f 917/917/917 916/916/916 918/918/918
f 917/917/917 918/918/918 919/919/919
f 919/919/919 918/918/918 920/920/920
f 919/919/919 920/920/920 921/921/921
f 921/921/921 920/920/920 922/922/922
f 921/921/921 922/922/922 923/923/923
f 923/923/923 922/922/922 924/924/924
f 923/923/923 924/924/924 925/925/925
f 925/925/925 924/924/924 926/926/926
f 925/925/925 926/926/926 927/927/927
f 927/927/927 926/926/926 928/928/928
f 927/927/927 928/928/928 929/929/929
f 927/927/927 929/929/929 930/930/930
f 930/930/930 929/929/929 931/931/931
f 932/932/932 933/933/933 934/934/934
f 932/932/932 934/934/934 935/935/935
f 935/935/935 934/934/934 936/936/936
f 935/935/935 936/936/936 937/937/937
f 937/937/937 936/936/936 938/938/938
f 937/937/937 938/938/938 939/939/939
f 939/939/939 938/938/938 940/940/940
f 939/939/939 940/940/940 941/941/941
f 941/941/941 940/940/940 942/942/942
f 941/941/941 942/942/942 943/943/943
f 943/943/943 942/942/942 944/944/944
f 943/943/943 944/944/944 945/945/945
f 945/945/945 944/944/944 946/946/946
f 945/945/945 946/946/946 947/947/947
f 947/947/947 946/946/946 948/948/948
f 947/947/947 948/948/948 949/949/949
f 949/949/949 948/948/948 950/950/950
f 949/949/949 950/950/950 951/951/951
f 951/951/951 950/950/950 933/933/933
f 951/951/951 933/933/933 932/932/932
f 952/952/952 953/953/953 954/954/954
f 955/955/955 952/952/952 954/954/954
f 955/955/955 954/954/954 956/956/956
f 957/957/957 955/955/955 956/956/956
f 957/957/957 956/956/956 958/958/958
f 959/959/959 957/957/957 958/958/958
f 959/959/959 958/958/958 960/960/960
f 961/961/961 959/959/959 960/960/960
f 961/961/961 960/960/960 962/962/962
f 963/963/963 961/961/961 962/962/962
f 963/963/963 962/962/962 964/964/964
f 965/965/965 963/963/963 964/964/964
f 965/965/965 964/964/964 966/966/966
f 967/967/967 965/965/965 966/966/966
f 967/967/967 966/966/966 968/968/968
f 969/969/969 967/967/967 968/968/968
f 969/969/969 968/968/968 970/970/970
f 971/971/971 969/969/969 970/970/970
f 971/971/971 970/970/970 953/953/953
f 952/952/952 971/971/971 953/953/953
