# Converted from HGS (Mercury 3D Engine)
# Model: Schlachtschiff_Low
o Schlachtschiff_Low

# Submesh 0: 1359 vertices
v 0.269441 0.218619 -0.764886
vn 0.965433 0.000000 -0.260650
vt 0.793653 0.470050
v 0.210557 0.279611 -0.748989
vn 0.682664 0.707107 -0.184308
vt 0.779257 0.455138
v 0.226455 0.218619 -0.690105
vn 0.866972 -0.000001 0.498357
vt 0.783143 0.470050
v 0.317396 0.218619 -0.591622
vn 0.974338 0.000000 -0.225091
vt 0.817206 0.469826
v 0.257969 0.157626 -0.577893
vn 0.688961 -0.707106 -0.159164
vt 0.802676 0.484738
v 0.244240 0.218619 -0.637320
vn 0.529798 0.000001 -0.848124
vt 0.799320 0.469826
v 0.257969 0.279611 -0.577893
vn 0.688961 0.707107 -0.159163
vt 0.802676 0.454914
v 0.354175 0.218619 -0.419188
vn 0.992924 0.000000 -0.118748
vt 0.839450 0.469826
v 0.293615 0.279611 -0.411945
vn 0.702104 0.707107 -0.083967
vt 0.824643 0.454914
v 0.300857 0.218619 -0.351384
vn 0.786071 -0.000000 0.618136
vt 0.826414 0.469826
v 0.293615 0.157626 -0.411945
vn 0.702104 -0.707106 -0.083968
vt 0.824643 0.484738
v 0.354175 0.218619 -0.419188
vn 0.992924 0.000000 -0.118748
vt 0.839450 0.469826
v 0.293615 0.157626 -0.411945
vn 0.702104 -0.707106 -0.083968
vt 0.824643 0.484738
v 0.286372 0.218619 -0.472506
vn 0.618136 0.000001 -0.786072
vt 0.822872 0.469826
v 0.293615 0.279611 -0.411945
vn 0.702104 0.707107 -0.083967
vt 0.824643 0.454914
v 0.363794 0.218619 -0.254933
vn 0.998653 0.000000 -0.051894
vt 0.274228 0.959771
v 0.302884 0.279611 -0.251767
vn 0.706154 0.707107 -0.036694
vt 0.259336 0.944860
v 0.306049 0.218618 -0.190857
vn 0.742849 -0.000000 0.669460
vt 0.260110 0.959771
v 0.302884 0.157626 -0.251768
vn 0.706154 -0.707106 -0.036695
vt 0.259336 0.974684
v 0.363794 0.218619 -0.254933
vn 0.998653 0.000000 -0.051894
vt 0.274228 0.959771
v 0.302884 0.157626 -0.251768
vn 0.706154 -0.707106 -0.036695
vt 0.259336 0.974684
v 0.299719 0.218619 -0.312678
vn 0.669459 0.000001 -0.742849
vt 0.258562 0.959771
v 0.302884 0.279611 -0.251767
vn 0.706154 0.707107 -0.036694
vt 0.259336 0.944860
v 0.369082 0.218618 -0.081031
vn 1.000000 0.000000 0.000000
vt 0.294807 0.953549
v 0.308090 0.279611 -0.081031
vn 0.707107 0.707107 0.000001
vt 0.279895 0.938637
v 0.308090 0.218618 -0.020039
vn 0.707107 -0.000000 0.707107
vt 0.279895 0.953549
v 0.308090 0.157626 -0.081031
vn 0.707107 -0.707106 -0.000000
vt 0.279895 0.968461
v 0.369082 0.218618 -0.081031
vn 1.000000 0.000000 0.000000
vt 0.294807 0.953549
v 0.308090 0.157626 -0.081031
vn 0.707107 -0.707106 -0.000000
vt 0.279895 0.968461
v 0.308090 0.218618 -0.142023
vn 0.707107 0.000001 -0.707107
vt 0.279895 0.953549
v 0.308090 0.279611 -0.081031
vn 0.707107 0.707107 0.000001
vt 0.279895 0.938637
v 0.369481 0.218618 0.080088
vn 0.999361 0.000001 0.035736
vt 0.860019 0.465049
v 0.308528 0.157626 0.077908
vn 0.706656 -0.707106 0.025269
vt 0.845116 0.479961
v 0.310707 0.218618 0.016955
vn 0.731924 0.000001 -0.681386
vt 0.845649 0.465049
v 0.308528 0.279611 0.077908
vn 0.706655 0.707107 0.025269
vt 0.845116 0.450137
v 0.355590 0.218618 0.243926
vn 1.000000 0.000001 -0.000000
vt 0.880597 0.465049
v 0.294598 0.157626 0.243926
vn 0.707108 -0.707106 -0.000000
vt 0.865685 0.479961
v 0.294598 0.218618 0.182934
vn 0.707107 0.000001 -0.707107
vt 0.865685 0.465049
v 0.294598 0.279611 0.243926
vn 0.707107 0.707107 0.000000
vt 0.865685 0.450137
v 0.344722 0.218618 0.423738
vn 0.991334 0.000000 0.131364
vt 0.205393 0.959195
v 0.292271 0.218618 0.355262
vn 0.793868 0.000000 -0.608091
vt 0.192569 0.975936
v 0.284259 0.279610 0.415726
vn 0.700979 0.707107 0.092889
vt 0.190610 0.961154
v 0.276247 0.218618 0.476189
vn 0.608091 -0.000000 0.793867
vt 0.188651 0.946371
v 0.310339 0.218618 0.582164
vn 0.972340 0.000000 0.233569
vt 0.182985 0.964353
v 0.236788 0.218618 0.627224
vn 0.522390 -0.000000 0.852707
vt 0.165002 0.975370
v 0.251034 0.157626 0.567918
vn 0.687548 -0.707107 0.165158
vt 0.168485 0.960870
v 0.265279 0.218618 0.508613
vn 0.852707 0.000001 -0.522390
vt 0.171968 0.946371
v 0.310339 0.218618 0.582164
vn 0.972340 0.000000 0.233569
vt 0.159336 0.957387
v 0.265279 0.218618 0.508613
vn 0.852707 0.000001 -0.522390
vt 0.148319 0.975370
v 0.251033 0.279610 0.567918
vn 0.687548 0.707107 0.165158
vt 0.144836 0.960870
v 0.236788 0.218618 0.627224
vn 0.522390 -0.000000 0.852707
vt 0.141353 0.946371
v 0.208682 0.218618 0.947029
vn 0.929759 0.000000 0.368169
vt 0.135686 0.951934
v 0.174430 0.218618 0.867866
vn 0.917773 0.000000 -0.397104
vt 0.127312 0.971289
v 0.151974 0.279610 0.924574
vn 0.657439 0.707107 0.260335
vt 0.121822 0.957424
v 0.129519 0.218618 0.981282
vn 0.397104 -0.000000 0.917774
vt 0.116332 0.943559
v 0.029539 0.938723 0.110914
vn 0.499699 0.034708 -0.865504
vt 0.621286 0.178756
v -0.029540 0.938723 0.110914
vn -0.499699 0.034708 -0.865504
vt 0.606842 0.178756
v -0.016986 1.661711 0.132659
vn -0.499699 0.034708 -0.865504
vt 0.609912 0.001992
v 0.016984 1.661711 0.132659
vn 0.499699 0.034708 -0.865504
vt 0.618217 0.001992
v -0.059079 0.938723 0.162077
vn -0.999398 0.034707 0.000000
vt 0.554549 0.001992
v -0.029540 0.938723 0.213240
vn -0.499699 0.034707 0.865504
vt 0.567058 0.001992
v -0.016986 1.661711 0.191496
vn -0.499699 0.034707 0.865504
vt 0.561741 0.178756
v -0.033971 1.661711 0.162078
vn -0.999398 0.034707 0.000000
vt 0.554549 0.178756
v -0.029540 0.938723 0.110914
vn -0.499699 0.034708 -0.865504
vt 0.542040 0.001992
v -0.016986 1.661711 0.132659
vn -0.499699 0.034708 -0.865504
vt 0.547356 0.178756
v 0.317396 0.218619 -0.591622
vn 0.974338 0.000000 -0.225091
vt 0.284759 0.978370
v 0.271697 0.218619 -0.518466
vn 0.848124 0.000000 0.529797
vt 0.273586 0.996256
v 0.257969 0.157626 -0.577893
vn 0.688961 -0.707106 -0.159164
vt 0.270230 0.981727
v -0.029540 0.938723 0.213240
vn -0.499699 0.034707 0.865504
vt 0.628443 0.001992
v 0.029539 0.938723 0.213240
vn 0.499699 0.034707 0.865504
vt 0.642887 0.001992
v 0.016984 1.661711 0.191496
vn 0.499699 0.034707 0.865504
vt 0.639818 0.178756
v -0.016986 1.661711 0.191496
vn -0.499699 0.034707 0.865504
vt 0.631512 0.178756
v 0.016984 1.661711 0.191496
vn -0.000001 1.000000 0.000002
vt 0.354833 0.976300
v 0.033969 1.661711 0.162078
vn -0.000001 1.000000 0.000002
vt 0.362025 0.972147
v 0.016984 1.661711 0.132659
vn -0.000001 1.000000 0.000002
vt 0.369218 0.976300
v -0.016986 1.661711 0.132659
vn -0.000001 1.000000 0.000002
vt 0.369218 0.984605
v -0.033971 1.661711 0.162078
vn -0.000001 1.000000 0.000002
vt 0.362025 0.988758
v -0.016986 1.661711 0.191496
vn -0.000001 1.000000 0.000002
vt 0.354833 0.984605
v 0.039539 0.758107 -0.120010
vn 0.500000 0.000000 -0.866025
vt 0.080489 0.722738
v -0.039539 0.758107 -0.120010
vn -0.500000 0.000000 -0.866025
vt 0.061155 0.722738
v -0.039540 1.146096 -0.120010
vn -0.500000 0.000000 -0.866025
vt 0.061155 0.627878
v 0.039539 1.146096 -0.120010
vn 0.500000 0.000000 -0.866025
vt 0.080489 0.627878
v -0.079079 0.758107 -0.051526
vn -1.000000 -0.000000 0.000000
vt 0.038745 0.627878
v -0.039539 0.758107 0.016958
vn -0.500000 -0.000000 0.866025
vt 0.055489 0.627878
v -0.039540 1.146096 0.016958
vn -0.500000 -0.000000 0.866025
vt 0.055489 0.722738
v -0.079079 1.146096 -0.051526
vn -1.000000 -0.000000 0.000000
vt 0.038745 0.722738
v -0.039539 0.758107 -0.120010
vn -0.500000 0.000000 -0.866025
vt 0.022001 0.627878
v -0.039540 1.146096 -0.120010
vn -0.500000 0.000000 -0.866025
vt 0.022001 0.722738
v 0.317396 0.218619 -0.591622
vn 0.974338 0.000000 -0.225091
vt 0.817206 0.469826
v 0.257969 0.279611 -0.577893
vn 0.688961 0.707107 -0.159163
vt 0.802676 0.454914
v 0.271697 0.218619 -0.518466
vn 0.848124 0.000000 0.529797
vt 0.806033 0.469826
v -0.039539 0.758107 0.016958
vn -0.500000 -0.000000 0.866025
vt 0.001840 0.726425
v 0.039539 0.758107 0.016958
vn 0.500000 -0.000000 0.866025
vt 0.021174 0.726425
v 0.039539 1.146096 0.016958
vn 0.500000 -0.000000 0.866025
vt 0.021174 0.821284
v -0.039540 1.146096 0.016958
vn -0.500000 -0.000000 0.866025
vt 0.001840 0.821284
v -0.039539 0.758108 -0.508810
vn -0.500000 0.000000 -0.866025
vt 0.036888 0.821284
v -0.079079 0.758108 -0.440326
vn -1.000000 -0.000000 -0.000000
vt 0.027221 0.821284
v -0.079079 1.146096 -0.440326
vn -1.000000 -0.000000 -0.000000
vt 0.027221 0.726425
v -0.039540 1.146096 -0.508810
vn -0.500000 0.000000 -0.866025
vt 0.036888 0.726425
v 0.039539 0.758108 -0.508810
vn 0.500000 0.000000 -0.866026
vt 0.056222 0.821284
v 0.039539 1.146096 -0.508810
vn 0.500000 0.000000 -0.866026
vt 0.056222 0.726425
v 0.079078 0.758108 -0.440326
vn 1.000000 0.000000 -0.000000
vt 0.065889 0.821284
v 0.079078 1.146096 -0.440326
vn 1.000000 0.000000 -0.000000
vt 0.065889 0.726425
v 0.369481 0.218618 0.080088
vn 0.999361 0.000001 0.035736
vt 0.412404 0.965442
v 0.306348 0.218618 0.138862
vn 0.681386 0.000000 0.731924
vt 0.398034 0.980878
v 0.308528 0.157626 0.077908
vn 0.706656 -0.707106 0.025269
vt 0.412937 0.980345
v -0.079079 0.758108 -0.440326
vn -1.000000 -0.000000 -0.000000
vt 0.072222 0.726425
v -0.039539 0.758108 -0.371842
vn -0.500000 -0.000000 0.866025
vt 0.088966 0.726425
v -0.039540 1.146096 -0.371842
vn -0.500000 -0.000000 0.866025
vt 0.088966 0.821284
v -0.079079 1.146096 -0.440326
vn -1.000000 -0.000000 -0.000000
vt 0.072222 0.821284
v -0.039539 0.758108 -0.371842
vn -0.500000 -0.000000 0.866025
vt 0.095623 0.726425
v 0.039539 0.758108 -0.371842
vn 0.500000 -0.000000 0.866025
vt 0.114957 0.726425
v 0.039539 1.146096 -0.371842
vn 0.500000 -0.000000 0.866025
vt 0.114957 0.821284
v -0.039540 1.146096 -0.371842
vn -0.500000 -0.000000 0.866025
vt 0.095623 0.821284
v 0.039539 0.758108 -0.371842
vn 0.500000 -0.000000 0.866025
vt 0.120824 0.726425
v 0.079078 0.758108 -0.440326
vn 1.000000 0.000000 -0.000000
vt 0.137568 0.726425
v 0.079078 1.146096 -0.440326
vn 1.000000 0.000000 -0.000000
vt 0.137568 0.821284
v 0.039539 1.146096 -0.371842
vn 0.500000 -0.000000 0.866025
vt 0.120824 0.821284
v -0.029539 0.651297 -0.765233
vn -0.500000 0.000000 -0.866025
vt 0.151447 0.821680
v -0.059079 0.651296 -0.714070
vn -1.000000 -0.000000 -0.000000
vt 0.144225 0.821680
v -0.059079 1.039285 -0.714070
vn -1.000000 -0.000000 -0.000000
vt 0.144225 0.726820
v -0.029540 1.039285 -0.765233
vn -0.500000 0.000000 -0.866025
vt 0.151447 0.726820
v 0.029539 0.651297 -0.765233
vn 0.500000 0.000001 -0.866026
vt 0.165891 0.821680
v 0.029539 1.039285 -0.765233
vn 0.500000 0.000001 -0.866026
vt 0.165891 0.726820
v 0.369481 0.218618 0.080088
vn 0.999361 0.000001 0.035736
vt 0.412404 0.965442
v 0.308528 0.279611 0.077908
vn 0.706655 0.707107 0.025269
vt 0.412937 0.980345
v 0.306348 0.218618 0.138862
vn 0.681386 0.000000 0.731924
vt 0.398034 0.980878
v -0.059079 0.651296 -0.714070
vn -1.000000 -0.000000 -0.000000
vt 0.173026 0.726820
v -0.029539 0.651296 -0.662907
vn -0.500000 -0.000001 0.866025
vt 0.185535 0.726820
v -0.029540 1.039285 -0.662906
vn -0.500000 -0.000001 0.866025
vt 0.185535 0.821680
v -0.059079 1.039285 -0.714070
vn -1.000000 -0.000000 -0.000000
vt 0.173026 0.821680
v -0.029539 0.651296 -0.662907
vn -0.500000 -0.000001 0.866025
vt 0.192827 0.728921
v 0.029539 0.651296 -0.662907
vn 0.500000 -0.000000 0.866025
vt 0.207271 0.728921
v 0.029539 1.039285 -0.662906
vn 0.500000 -0.000000 0.866025
vt 0.207271 0.823780
v -0.029540 1.039285 -0.662906
vn -0.500000 -0.000001 0.866025
vt 0.192827 0.823780
v 0.125192 1.375770 0.162579
vn 0.918502 0.395416 0.000001
vt 0.538440 0.822982
v 0.125192 1.335770 0.162579
vn 0.918502 -0.395416 -0.000001
vt 0.548219 0.822982
v 0.062596 1.335770 0.054159
vn 0.459251 -0.395415 -0.795447
vt 0.548219 0.838287
v 0.062596 1.375770 0.054159
vn 0.459251 0.395416 -0.795446
vt 0.538440 0.838287
v 0.052087 1.314753 0.072361
vn 0.183948 -0.929867 -0.318608
vt 0.553358 0.840856
v -0.052088 1.314753 0.072361
vn -0.183948 -0.929867 -0.318608
vt 0.553358 0.866326
v -0.062597 1.335770 0.054159
vn -0.459252 -0.395416 -0.795446
vt 0.548219 0.868895
v -0.062597 1.375770 0.054159
vn -0.459251 0.395416 -0.795446
vt 0.538440 0.868895
v -0.055057 0.731636 -0.150129
vn -0.997347 -0.000000 0.072800
vt 0.813416 0.351969
v -0.038921 0.731636 -0.111208
vn -0.707107 -0.000000 0.707107
vt 0.813416 0.342454
v -0.038921 0.941632 -0.111208
vn -0.707107 -0.000000 0.707107
vt 0.864758 0.342454
v -0.055058 0.941632 -0.150129
vn -0.997347 -0.000000 0.072800
vt 0.864758 0.351969
v -0.048460 0.731636 -0.176263
vn -0.881937 -0.000000 -0.471367
vt 0.813416 0.358359
v -0.048460 0.941632 -0.176263
vn -0.881937 -0.000000 -0.471367
vt 0.864758 0.358359
v -0.030954 0.731636 -0.195652
vn -0.742240 -0.000000 -0.670134
vt 0.813416 0.363099
v -0.030954 0.941632 -0.195652
vn -0.742240 -0.000000 -0.670134
vt 0.864758 0.363099
v 0.355590 0.218618 0.243926
vn 1.000000 0.000001 -0.000000
vt 0.441236 0.965443
v 0.294598 0.218618 0.304918
vn 0.707107 0.000000 0.707107
vt 0.456148 0.980355
v 0.294598 0.157626 0.243926
vn 0.707108 -0.707106 -0.000000
vt 0.441236 0.980355
v -0.000000 0.731636 -0.095072
vn 0.000000 -0.000000 1.000000
vt 0.223944 0.889831
v 0.038921 0.731636 -0.111208
vn 0.707107 0.000000 0.707107
vt 0.233459 0.889831
v 0.038921 0.941632 -0.111208
vn 0.707107 0.000000 0.707107
vt 0.233459 0.941173
v -0.000000 0.941632 -0.095072
vn 0.000000 -0.000000 1.000000
vt 0.223944 0.941173
v -0.038921 0.731636 -0.111208
vn -0.707107 -0.000000 0.707107
vt 0.214428 0.889831
v -0.038921 0.941632 -0.111208
vn -0.707107 -0.000000 0.707107
vt 0.214428 0.941173
v 0.355590 0.218618 0.243926
vn 1.000000 0.000001 -0.000000
vt 0.434547 0.980355
v 0.294598 0.279611 0.243926
vn 0.707107 0.707107 0.000000
vt 0.419635 0.980355
v 0.294598 0.218618 0.304918
vn 0.707107 0.000000 0.707107
vt 0.419635 0.965442
v 0.048459 0.731636 -0.176263
vn 0.881940 0.000000 -0.471362
vt 0.870425 0.390743
v 0.030954 0.731636 -0.195652
vn 0.742245 0.000000 -0.670128
vt 0.870425 0.386002
v 0.030954 0.941632 -0.195652
vn 0.742245 0.000000 -0.670128
vt 0.921767 0.386002
v 0.048459 0.941632 -0.176263
vn 0.881940 0.000000 -0.471362
vt 0.921767 0.390743
v 0.055057 0.731636 -0.150129
vn 0.997346 0.000000 0.072801
vt 0.870425 0.397132
v 0.055057 0.941632 -0.150129
vn 0.997346 0.000000 0.072801
vt 0.921767 0.397132
v 0.038921 0.731636 -0.111208
vn 0.707107 0.000000 0.707107
vt 0.870425 0.406648
v 0.038921 0.941632 -0.111208
vn 0.707107 0.000000 0.707107
vt 0.921767 0.406648
v 0.344722 0.218618 0.423738
vn 0.991334 0.000000 0.131364
vt 0.205393 0.959195
v 0.284259 0.157626 0.415726
vn 0.700979 -0.707106 0.092888
vt 0.190610 0.961154
v 0.292271 0.218618 0.355262
vn 0.793868 0.000000 -0.608091
vt 0.192569 0.975936
v 0.047761 0.731636 -0.268336
vn 0.867820 0.000000 -0.496879
vt 0.870425 0.368232
v 0.028552 0.731636 -0.287780
vn 0.711396 0.000000 -0.702791
vt 0.870425 0.363478
v 0.028552 0.941633 -0.287780
vn 0.711396 0.000000 -0.702791
vt 0.921767 0.363478
v 0.047761 0.941633 -0.268336
vn 0.867820 0.000000 -0.496879
vt 0.921767 0.368232
v 0.055057 0.731636 -0.240986
vn 0.999978 0.000000 -0.006591
vt 0.870425 0.374919
v 0.055057 0.941632 -0.240986
vn 0.999978 0.000000 -0.006591
vt 0.921767 0.374919
v 0.048459 0.731636 -0.214876
vn 0.880887 0.000000 0.473326
vt 0.870425 0.381302
v 0.048459 0.941632 -0.214876
vn 0.880887 0.000000 0.473326
vt 0.921767 0.381302
v 0.030954 0.731636 -0.195652
vn 0.739396 0.000000 0.673271
vt 0.870425 0.386002
v 0.030954 0.941632 -0.195652
vn 0.739396 0.000000 0.673271
vt 0.921767 0.386002
v 0.344722 0.218618 0.423738
vn 0.991334 0.000000 0.131364
vt 0.315390 0.972147
v 0.276247 0.218618 0.476189
vn 0.608091 -0.000000 0.793867
vt 0.328214 0.988889
v 0.284259 0.157626 0.415726
vn 0.700979 -0.707106 0.092888
vt 0.313431 0.986930
v 0.186853 0.413537 -0.347058
vn 0.707107 -0.000000 0.707107
vt 0.650044 0.049620
v 0.186853 0.705934 -0.347058
vn 0.707107 -0.000000 0.707107
vt 0.721532 0.049620
v 0.166853 0.685934 -0.327058
vn 0.707107 -0.000000 0.707107
vt 0.716642 0.054510
v 0.166854 0.413537 -0.327058
vn 0.707107 -0.000000 0.707107
vt 0.650044 0.054510
v 0.186853 0.413537 -0.541862
vn 0.707106 -0.000000 0.707107
vt 0.650044 0.001992
v 0.186853 0.705934 -0.541861
vn 0.707106 -0.000000 0.707107
vt 0.721532 0.001992
v 0.166853 0.685934 -0.521861
vn 0.707106 -0.000000 0.707107
vt 0.716642 0.006882
v 0.166854 0.413537 -0.521862
vn 0.707106 -0.000000 0.707107
vt 0.650044 0.006882
v -0.186854 0.413537 0.042548
vn -0.707107 0.000000 -0.707106
vt 0.758048 0.001992
v -0.186854 0.705934 0.042548
vn -0.707107 0.000000 -0.707106
vt 0.829536 0.001992
v -0.166854 0.685934 0.022548
vn -0.707107 0.000000 -0.707106
vt 0.824646 0.006882
v -0.166854 0.413537 0.022548
vn -0.707107 0.000000 -0.707106
vt 0.758048 0.006882
v -0.186854 0.413537 -0.152255
vn -0.707107 0.000000 -0.707107
vt 0.758048 0.049620
v -0.186854 0.705934 -0.152255
vn -0.707107 0.000000 -0.707107
vt 0.829536 0.049620
v -0.166854 0.685934 -0.172255
vn -0.707107 0.000000 -0.707107
vt 0.824646 0.054510
v -0.166854 0.413537 -0.172255
vn -0.707107 0.000000 -0.707107
vt 0.758048 0.054510
v -0.186854 0.413537 -0.347058
vn -0.707107 0.000000 -0.707107
vt 0.758048 0.097247
v -0.186854 0.705934 -0.347058
vn -0.707107 0.000000 -0.707107
vt 0.829536 0.097247
v -0.166854 0.685934 -0.367058
vn -0.707107 0.000000 -0.707107
vt 0.824646 0.102137
v -0.166854 0.413537 -0.367058
vn -0.707107 0.000000 -0.707107
vt 0.758048 0.102137
v -0.187859 0.000000 -0.848292
vn 0.000000 -1.000000 -0.000000
vt 0.252836 0.105692
v -0.012754 0.000000 -1.272438
vn 0.000000 -1.000000 -0.000000
vt 0.295648 0.001992
v 0.012754 0.000000 -1.272438
vn 0.000000 -1.000000 -0.000000
vt 0.301884 0.001992
v 0.187859 0.000000 -0.848292
vn 0.000000 -1.000000 -0.000000
vt 0.344696 0.105692
v -0.294949 0.000000 -0.424146
vn 0.000000 -1.000000 -0.000000
vt 0.226654 0.209392
v 0.294948 0.000000 -0.424146
vn 0.000000 -1.000000 -0.000000
vt 0.370879 0.209392
v -0.315505 -0.000000 0.000000
vn 0.000000 -1.000000 -0.000000
vt 0.221628 0.313092
v 0.315505 0.000000 0.000000
vn 0.000000 -1.000000 -0.000000
vt 0.375904 0.313092
v -0.287823 -0.000000 0.424146
vn 0.000000 -1.000000 -0.000000
vt 0.228396 0.416792
v 0.287823 -0.000000 0.424146
vn 0.000000 -1.000000 -0.000000
vt 0.369136 0.416792
v -0.183513 -0.000000 0.848292
vn 0.000000 -1.000000 -0.000000
vt 0.253899 0.520492
v 0.183513 -0.000000 0.848292
vn 0.000000 -1.000000 -0.000000
vt 0.343634 0.520492
v 0.013237 -0.000000 1.272438
vn 0.000000 -1.000000 -0.000000
vt 0.302003 0.624192
v -0.013237 -0.000000 1.272438
vn 0.000000 -1.000000 -0.000000
vt 0.295530 0.624192
v -0.000001 1.396788 0.162579
vn -0.000000 1.000000 0.000001
vt 0.664901 0.408170
v -0.104176 1.396788 0.162579
vn -0.367896 0.929867 0.000001
vt 0.664901 0.433640
v -0.052088 1.396788 0.252798
vn -0.183948 0.929867 0.318608
vt 0.642843 0.420905
v 0.052087 1.396788 0.252798
vn 0.183947 0.929867 0.318608
vt 0.642843 0.395435
v 0.104175 1.396788 0.162579
vn 0.367895 0.929867 0.000001
vt 0.664901 0.382700
v 0.052087 1.396788 0.072361
vn 0.183948 0.929867 -0.318607
vt 0.686958 0.395435
v -0.052088 1.396788 0.072361
vn -0.183948 0.929867 -0.318607
vt 0.686958 0.420905
v -0.125193 1.375770 0.162579
vn -0.918502 0.395416 0.000000
vt 0.664901 0.438778
v -0.062597 1.375770 0.271000
vn -0.459251 0.395416 0.795446
vt 0.638393 0.423474
v 0.062596 1.375770 0.271000
vn 0.459250 0.395416 0.795447
vt 0.638393 0.392865
v 0.125192 1.375770 0.162579
vn 0.918502 0.395416 0.000001
vt 0.664901 0.377561
v 0.062596 1.375770 0.054159
vn 0.459251 0.395416 -0.795446
vt 0.691409 0.392865
v -0.062597 1.375770 0.054159
vn -0.459251 0.395416 -0.795446
vt 0.691409 0.423474
v -0.128556 0.218619 -1.099776
vn -0.940250 0.000000 -0.340484
vt 0.369102 0.946844
v -0.071208 0.157627 -1.079010
vn -0.664857 -0.707107 -0.240759
vt 0.374179 0.931932
v -0.091974 0.218619 -1.021662
vn -0.905615 0.000001 0.424100
vt 0.388200 0.946844
v -0.071208 0.279611 -1.079010
vn -0.664857 0.707107 -0.240758
vt 0.374179 0.961756
v -0.128556 0.218619 -1.099776
vn -0.940250 0.000000 -0.340484
vt 0.545172 0.887494
v -0.071208 0.279611 -1.079010
vn -0.664857 0.707107 -0.240758
vt 0.559193 0.872582
v -0.050441 0.218619 -1.136358
vn -0.424098 0.000000 -0.905616
vt 0.564270 0.887494
v -0.071208 0.157627 -1.079010
vn -0.664857 -0.707107 -0.240759
vt 0.559193 0.902406
v -0.213460 0.218619 -0.928504
vn -0.896645 0.000001 -0.442750
vt 0.393867 0.946844
v -0.158772 0.157626 -0.901500
vn -0.634024 -0.707106 -0.313072
vt 0.400469 0.931932
v -0.185776 0.218619 -0.846811
vn -0.947095 -0.000000 0.320953
vt 0.413840 0.946844
v -0.158772 0.279611 -0.901499
vn -0.634024 0.707107 -0.313071
vt 0.400469 0.961756
v -0.213460 0.218619 -0.928504
vn -0.896645 0.000001 -0.442750
vt 0.569937 0.887494
v -0.158772 0.279611 -0.901499
vn -0.634024 0.707107 -0.313071
vt 0.583308 0.872582
v -0.131767 0.218619 -0.956188
vn -0.320952 0.000001 -0.947095
vt 0.589910 0.887494
v -0.158772 0.157626 -0.901500
vn -0.634024 -0.707106 -0.313072
vt 0.583308 0.902406
v -0.269441 0.218619 -0.764886
vn -0.965433 -0.000000 -0.260650
vt 0.419506 0.946844
v -0.210557 0.157626 -0.748989
vn -0.682664 -0.707107 -0.184308
vt 0.423393 0.931932
v -0.226455 0.218619 -0.690105
vn -0.866972 -0.000001 0.498357
vt 0.437790 0.946844
v -0.210557 0.279611 -0.748989
vn -0.682664 0.707107 -0.184307
vt 0.423393 0.961756
v -0.269441 0.218619 -0.764886
vn -0.965433 -0.000000 -0.260650
vt 0.211060 0.961283
v -0.210557 0.279611 -0.748989
vn -0.682664 0.707107 -0.184307
vt 0.225456 0.946371
v -0.194660 0.218619 -0.807873
vn -0.498356 0.000001 -0.866972
vt 0.229343 0.961283
v -0.210557 0.157626 -0.748989
vn -0.682664 -0.707107 -0.184308
vt 0.225456 0.976195
v -0.317396 0.218618 -0.591622
vn -0.974338 -0.000000 -0.225092
vt 0.595577 0.887265
v -0.257969 0.157626 -0.577893
vn -0.688961 -0.707107 -0.159164
vt 0.598933 0.872353
v -0.271698 0.218618 -0.518466
vn -0.848124 -0.000000 0.529798
vt 0.613463 0.887265
v -0.257969 0.279611 -0.577893
vn -0.688961 0.707107 -0.159163
vt 0.598933 0.902177
v -0.317396 0.218618 -0.591622
vn -0.974338 -0.000000 -0.225092
vt 0.235010 0.959772
v -0.257969 0.279611 -0.577893
vn -0.688961 0.707107 -0.159163
vt 0.249539 0.944860
v -0.244240 0.218618 -0.637320
vn -0.529797 0.000000 -0.848124
vt 0.252896 0.959771
v -0.257969 0.157626 -0.577893
vn -0.688961 -0.707107 -0.159164
vt 0.249539 0.974684
v -0.354176 0.218618 -0.419188
vn -0.992924 -0.000000 -0.118749
vt 0.619129 0.506748
v -0.293615 0.157626 -0.411945
vn -0.702103 -0.707107 -0.083968
vt 0.633936 0.521660
v -0.300858 0.218618 -0.351384
vn -0.786071 -0.000000 0.618136
vt 0.632165 0.506748
v -0.293615 0.279611 -0.411945
vn -0.702104 0.707107 -0.083968
vt 0.633936 0.491835
v -0.354176 0.218618 -0.419188
vn -0.992924 -0.000000 -0.118749
vt 0.619129 0.506748
v -0.293615 0.279611 -0.411945
vn -0.702104 0.707107 -0.083968
vt 0.633936 0.491835
v -0.286372 0.218618 -0.472506
vn -0.618135 0.000000 -0.786072
vt 0.635706 0.506748
v -0.293615 0.157626 -0.411945
vn -0.702103 -0.707107 -0.083968
vt 0.633936 0.521660
v -0.363795 0.218618 -0.254933
vn -0.998653 -0.000000 -0.051894
vt 0.641373 0.506748
v -0.302885 0.279611 -0.251768
vn -0.706154 0.707107 -0.036694
vt 0.656265 0.491835
v -0.299720 0.218618 -0.312678
vn -0.669460 -0.000000 -0.742848
vt 0.657039 0.506748
v -0.302885 0.157626 -0.251768
vn -0.706154 -0.707107 -0.036695
vt 0.656265 0.521660
v -0.369083 0.218618 -0.081031
vn -1.000000 -0.000000 0.000000
vt 0.662706 0.506748
v -0.308090 0.157626 -0.081031
vn -0.707107 -0.707107 -0.000000
vt 0.677618 0.521660
v -0.308090 0.218618 -0.020039
vn -0.707107 -0.000001 0.707107
vt 0.677618 0.506748
v -0.308090 0.279610 -0.081031
vn -0.707107 0.707106 0.000000
vt 0.677618 0.491835
v -0.369083 0.218618 -0.081031
vn -1.000000 -0.000000 0.000000
vt 0.662706 0.506748
v -0.308090 0.279610 -0.081031
vn -0.707107 0.707106 0.000000
vt 0.677618 0.491835
v -0.308090 0.218618 -0.142023
vn -0.707107 0.000000 -0.707107
vt 0.677618 0.506748
v -0.308090 0.157626 -0.081031
vn -0.707107 -0.707107 -0.000000
vt 0.677618 0.521660
v -0.369481 0.218618 0.080088
vn -0.999361 -0.000001 0.035736
vt 0.698720 0.506975
v -0.308528 0.157626 0.077908
vn -0.706655 -0.707107 0.025269
vt 0.683817 0.521888
v -0.306348 0.218618 0.138862
vn -0.681386 -0.000001 0.731924
vt 0.683284 0.506975
v -0.308528 0.279610 0.077908
vn -0.706655 0.707107 0.025270
vt 0.683817 0.492063
v -0.355591 0.218618 0.243926
vn -1.000000 -0.000000 0.000000
vt 0.704386 0.506465
v -0.294598 0.157626 0.243926
vn -0.707107 -0.707107 -0.000000
vt 0.719298 0.521377
v -0.294598 0.218618 0.304918
vn -0.707107 -0.000001 0.707107
vt 0.719298 0.506465
v -0.294598 0.279610 0.243926
vn -0.707107 0.707106 0.000000
vt 0.719298 0.491553
v -0.355591 0.218618 0.243926
vn -1.000000 -0.000000 0.000000
vt 0.704386 0.506465
v -0.294598 0.279610 0.243926
vn -0.707107 0.707106 0.000000
vt 0.719298 0.491553
v -0.294598 0.218618 0.182934
vn -0.707107 0.000000 -0.707107
vt 0.719298 0.506465
v -0.294598 0.157626 0.243926
vn -0.707107 -0.707107 -0.000000
vt 0.719298 0.521377
v 0.128555 0.218619 -1.099777
vn 0.940250 0.000001 -0.340484
vt 0.744063 0.506465
v 0.071207 0.157627 -1.079010
vn 0.664858 -0.707106 -0.240759
vt 0.730042 0.521377
v 0.050441 0.218619 -1.136358
vn 0.424098 0.000000 -0.905616
vt 0.724965 0.506465
v 0.071207 0.279611 -1.079010
vn 0.664857 0.707108 -0.240758
vt 0.730042 0.491553
v 0.213460 0.218619 -0.928504
vn 0.896645 0.000001 -0.442750
vt 0.769703 0.470050
v 0.158771 0.157627 -0.901500
vn 0.634024 -0.707106 -0.313072
vt 0.756332 0.484962
v 0.131767 0.218619 -0.956188
vn 0.320952 0.000001 -0.947095
vt 0.749730 0.470050
v 0.158771 0.279611 -0.901499
vn 0.634023 0.707108 -0.313071
vt 0.756332 0.455138
v 0.269441 0.218619 -0.764886
vn 0.965433 0.000000 -0.260650
vt 0.793653 0.470050
v 0.210557 0.157626 -0.748989
vn 0.682665 -0.707107 -0.184307
vt 0.779257 0.484962
v 0.194659 0.218619 -0.807873
vn 0.498357 0.000001 -0.866972
vt 0.775370 0.470050
v 0.210557 0.279611 -0.748989
vn 0.682664 0.707107 -0.184308
vt 0.779257 0.455138
v 0.187859 0.000000 -0.848292
vn 0.941263 0.026289 -0.336648
vt 0.111824 0.105692
v 0.012754 0.000000 -1.272438
vn 0.903608 0.052317 -0.425153
vt 0.111824 0.001992
v 0.012754 0.422444 -1.168472
vn 0.903608 0.052317 -0.425153
vt 0.215108 0.027411
v 0.187859 0.422444 -0.848292
vn 0.941263 0.026289 -0.336648
vt 0.215108 0.105692
v 0.294948 0.000000 -0.424146
vn 0.989087 0.000000 -0.147333
vt 0.111824 0.209392
v 0.294948 0.422444 -0.424146
vn 0.989087 0.000000 -0.147333
vt 0.215108 0.209392
v 0.315505 0.000000 0.000000
vn 0.999965 0.000000 0.008373
vt 0.111824 0.313092
v 0.315505 0.422444 0.000000
vn 0.999965 0.000000 0.008373
vt 0.215108 0.313092
v 0.287823 -0.000000 0.424146
vn 0.988294 0.000000 0.152560
vt 0.111824 0.416792
v 0.287822 0.422444 0.424146
vn 0.988294 0.000000 0.152560
vt 0.215108 0.416792
v 0.183513 -0.000000 0.848292
vn 0.944929 0.023058 0.326462
vt 0.111824 0.520492
v 0.183513 0.422443 0.848292
vn 0.944929 0.023058 0.326462
vt 0.215108 0.520492
v 0.013237 -0.000000 1.272438
vn 0.910385 0.045911 0.411207
vt 0.111824 0.624192
v 0.013237 0.422443 1.178107
vn 0.910385 0.045911 0.411207
vt 0.215108 0.601129
v 0.266545 0.218618 0.762169
vn 0.969169 0.000000 0.246397
vt 0.176678 0.979056
v 0.207433 0.157626 0.747140
vn 0.685306 -0.707106 0.174229
vt 0.162226 0.982731
v 0.222462 0.218618 0.688028
vn 0.859535 0.000001 -0.511076
vt 0.165900 0.997183
v 0.012754 0.000000 -1.272438
vn 0.000000 0.238975 -0.971026
vt 0.561367 0.285727
v -0.012754 0.000000 -1.272438
vn 0.000000 0.238975 -0.971026
vt 0.555130 0.285727
v -0.012754 0.422444 -1.168472
vn 0.000000 0.238975 -0.971026
vt 0.555130 0.182443
v 0.012754 0.422444 -1.168472
vn 0.000000 0.238975 -0.971026
vt 0.561367 0.182443
v -0.000000 0.422436 1.284970
vn 0.912623 0.000000 0.408802
vt 0.414235 0.802014
v 0.127556 0.422436 1.000209
vn 0.912623 0.000000 0.408802
vt 0.414235 0.732392
v 0.127556 0.622437 1.000209
vn 0.912623 0.000000 0.408802
vt 0.463134 0.732392
v -0.000000 0.622437 1.284970
vn 0.912623 0.000000 0.408802
vt 0.463133 0.802014
v 0.013237 -0.000000 1.272438
vn 0.000000 0.217931 0.975964
vt 0.573506 0.182443
v 0.013237 0.422443 1.178107
vn 0.000000 0.217931 0.975964
vt 0.573506 0.285727
v -0.013237 0.422443 1.178107
vn 0.000000 0.217931 0.975964
vt 0.567033 0.285727
v -0.013237 -0.000000 1.272438
vn 0.000000 0.217931 0.975964
vt 0.567033 0.182443
v -0.013237 -0.000000 1.272438
vn -0.910385 0.045911 0.411207
vt 0.001840 0.001992
v -0.013237 0.422443 1.178107
vn -0.910385 0.045911 0.411207
vt 0.105124 0.025055
v -0.183514 0.422443 0.848292
vn -0.944929 0.023058 0.326462
vt 0.105124 0.105692
v -0.183513 -0.000000 0.848292
vn -0.944929 0.023058 0.326462
vt 0.001840 0.105692
v -0.287823 0.422443 0.424146
vn -0.988294 -0.000000 0.152560
vt 0.105124 0.209392
v -0.287823 -0.000000 0.424146
vn -0.988294 -0.000000 0.152560
vt 0.001840 0.209392
v -0.315506 0.422444 0.000000
vn -0.999965 -0.000000 0.008373
vt 0.105124 0.313092
v -0.315505 -0.000000 0.000000
vn -0.999965 -0.000000 0.008373
vt 0.001840 0.313092
v -0.294949 0.422444 -0.424146
vn -0.989087 -0.000000 -0.147333
vt 0.105124 0.416792
v -0.294949 0.000000 -0.424146
vn -0.989087 -0.000000 -0.147333
vt 0.001840 0.416792
v -0.187859 0.422444 -0.848292
vn -0.941263 0.026289 -0.336648
vt 0.105124 0.520492
v -0.187859 0.000000 -0.848292
vn -0.941263 0.026289 -0.336648
vt 0.001840 0.520492
v -0.012754 0.422444 -1.168472
vn -0.903608 0.052316 -0.425153
vt 0.105124 0.598773
v -0.012754 0.000000 -1.272438
vn -0.903608 0.052316 -0.425153
vt 0.001840 0.624192
v -0.000000 0.422436 1.284970
vn -0.912623 -0.000001 0.408802
vt 0.470037 0.684771
v -0.000000 0.622437 1.284970
vn -0.912623 -0.000001 0.408802
vt 0.518936 0.684771
v -0.127557 0.622437 1.000209
vn -0.912623 -0.000001 0.408802
vt 0.518936 0.754392
v -0.127557 0.422436 1.000209
vn -0.912623 -0.000001 0.408802
vt 0.470037 0.754392
v -0.127557 0.422436 1.000209
vn 0.000000 0.000001 -1.000000
vt 0.745974 0.439538
v -0.127557 0.622437 1.000209
vn 0.000000 0.000001 -1.000000
vt 0.697075 0.439538
v 0.127556 0.622437 1.000209
vn 0.000000 0.000001 -1.000000
vt 0.697075 0.377166
v 0.127556 0.422436 1.000209
vn 0.000000 0.000001 -1.000000
vt 0.745974 0.377166
v -0.078485 0.423090 0.470195
vn -0.501168 0.000000 -0.865350
vt 0.261473 0.880324
v -0.121549 0.423090 0.513258
vn -0.865350 0.000000 -0.501168
vt 0.250945 0.880324
v -0.121549 0.633087 0.513259
vn -0.865350 0.000000 -0.501168
vt 0.250945 0.828982
v -0.078485 0.633087 0.470195
vn -0.501168 0.000000 -0.865350
vt 0.261473 0.828982
v -0.017946 0.423090 0.453798
vn -0.131864 0.000001 -0.991268
vt 0.276275 0.880324
v -0.017946 0.633087 0.453798
vn -0.131864 0.000001 -0.991268
vt 0.276275 0.828982
v 0.017945 0.423090 0.453798
vn 0.131864 0.000001 -0.991268
vt 0.285050 0.880324
v 0.017945 0.633087 0.453798
vn 0.131864 0.000001 -0.991268
vt 0.285050 0.828982
v 0.078485 0.423090 0.470195
vn 0.501168 0.000001 -0.865350
vt 0.299851 0.880324
v 0.078485 0.633087 0.470195
vn 0.501168 0.000001 -0.865350
vt 0.299851 0.828982
v 0.266545 0.218618 0.762169
vn 0.969169 0.000000 0.246397
vt 0.209102 0.979881
v 0.192405 0.218618 0.806252
vn 0.511077 -0.000000 0.859535
vt 0.219880 0.998008
v 0.207433 0.157626 0.747140
vn 0.685306 -0.707106 0.174229
vt 0.205427 0.994334
v -0.121549 0.423090 0.697818
vn -0.865350 -0.000000 0.501168
vt 0.779648 0.283115
v -0.078485 0.423090 0.740881
vn -0.501168 -0.000001 0.865350
vt 0.779648 0.272587
v -0.078485 0.633087 0.740881
vn -0.501168 -0.000001 0.865350
vt 0.830991 0.272587
v -0.121549 0.633087 0.697818
vn -0.865350 -0.000000 0.501168
vt 0.830991 0.283115
v -0.137946 0.423090 0.637278
vn -0.991268 -0.000000 0.131864
vt 0.779648 0.297917
v -0.137946 0.633087 0.637278
vn -0.991268 -0.000000 0.131864
vt 0.830991 0.297917
v -0.137946 0.423090 0.573798
vn -0.991268 -0.000000 -0.131864
vt 0.779649 0.313437
v -0.137946 0.633087 0.573798
vn -0.991268 -0.000000 -0.131864
vt 0.830991 0.313437
v -0.121549 0.423090 0.513258
vn -0.865350 0.000000 -0.501168
vt 0.779649 0.328238
v -0.121549 0.633087 0.513259
vn -0.865350 0.000000 -0.501168
vt 0.830991 0.328238
v 0.266545 0.218618 0.762169
vn 0.969169 0.000000 0.246397
vt 0.194605 0.979623
v 0.207433 0.279610 0.747140
vn 0.685306 0.707107 0.174229
vt 0.198279 0.994075
v 0.192405 0.218618 0.806252
vn 0.511077 -0.000000 0.859535
vt 0.183827 0.997749
v 0.017945 0.423090 0.757278
vn 0.131864 -0.000001 0.991268
vt 0.230477 0.827467
v 0.078485 0.423090 0.740881
vn 0.501168 -0.000000 0.865350
vt 0.245278 0.827467
v 0.078485 0.633087 0.740881
vn 0.501168 -0.000000 0.865350
vt 0.245278 0.878809
v 0.017945 0.633087 0.757278
vn 0.131864 -0.000001 0.991268
vt 0.230477 0.878809
v -0.017946 0.423090 0.757278
vn -0.131864 -0.000001 0.991268
vt 0.221702 0.827467
v -0.017946 0.633087 0.757278
vn -0.131864 -0.000001 0.991268
vt 0.221702 0.878809
v -0.078485 0.423090 0.740881
vn -0.501168 -0.000001 0.865350
vt 0.206900 0.827467
v -0.078485 0.633087 0.740881
vn -0.501168 -0.000001 0.865350
vt 0.206900 0.878809
v 0.266545 0.218618 0.762169
vn 0.969169 0.000000 0.246397
vt 0.176678 0.979056
v 0.222462 0.218618 0.688028
vn 0.859535 0.000001 -0.511076
vt 0.165900 0.997183
v 0.207433 0.279610 0.747140
vn 0.685306 0.707107 0.174229
vt 0.162226 0.982731
v -0.017946 0.633087 0.453798
vn -0.092833 0.710202 -0.697851
vt 0.276275 0.828982
v -0.078485 0.633087 0.470195
vn -0.348251 0.719130 -0.601310
vt 0.261473 0.828982
v -0.062925 0.663087 0.497062
vn -0.348251 0.719130 -0.601310
vt 0.265278 0.821647
v -0.013955 0.663087 0.483798
vn -0.092833 0.710202 -0.697851
vt 0.277250 0.821647
v 0.017945 0.633087 0.453798
vn 0.092832 0.710201 -0.697851
vt 0.285050 0.828982
v 0.013954 0.663087 0.483798
vn 0.092832 0.710201 -0.697851
vt 0.284074 0.821647
v 0.078485 0.633087 0.470195
vn 0.348250 0.719129 -0.601311
vt 0.299851 0.828982
v 0.062925 0.663087 0.497062
vn 0.348250 0.719129 -0.601311
vt 0.296047 0.821647
v 0.208682 0.218618 0.947029
vn 0.929759 0.000000 0.368169
vt 0.135686 0.951934
v 0.151974 0.157626 0.924574
vn 0.657439 -0.707107 0.260334
vt 0.121822 0.957424
v 0.174430 0.218618 0.867866
vn 0.917773 0.000000 -0.397104
vt 0.127312 0.971289
v -0.121549 0.633087 0.697818
vn -0.601312 0.719129 0.348250
vt 0.830991 0.283115
v -0.078485 0.633087 0.740881
vn -0.348251 0.719129 0.601311
vt 0.830991 0.272587
v -0.062926 0.663087 0.714015
vn -0.348251 0.719129 0.601311
vt 0.838326 0.279155
v -0.094682 0.663087 0.682258
vn -0.601312 0.719129 0.348250
vt 0.838326 0.286920
v -0.137946 0.633087 0.637278
vn -0.697852 0.710201 0.092832
vt 0.830991 0.297917
v -0.107946 0.663087 0.633287
vn -0.697852 0.710201 0.092832
vt 0.838326 0.298892
v -0.137946 0.633087 0.573798
vn -0.697851 0.710201 -0.092832
vt 0.830991 0.313437
v -0.107946 0.663087 0.577789
vn -0.697851 0.710201 -0.092832
vt 0.838326 0.312461
v -0.121549 0.633087 0.513259
vn -0.601312 0.719129 -0.348249
vt 0.830991 0.328238
v -0.094682 0.663087 0.528818
vn -0.601312 0.719129 -0.348249
vt 0.838326 0.324434
v -0.078485 0.633087 0.470195
vn -0.348251 0.719130 -0.601310
vt 0.830991 0.338767
v -0.062925 0.663087 0.497062
vn -0.348251 0.719130 -0.601310
vt 0.838326 0.332198
v 0.208682 0.218618 0.947029
vn 0.929759 0.000000 0.368169
vt 0.086713 0.974836
v 0.129519 0.218618 0.981282
vn 0.397104 -0.000000 0.917774
vt 0.095087 0.994191
v 0.151974 0.157626 0.924574
vn 0.657439 -0.707107 0.260334
vt 0.081223 0.988700
v 0.017945 0.633087 0.757278
vn 0.092832 0.710201 0.697851
vt 0.230477 0.878809
v 0.078485 0.633087 0.740881
vn 0.348250 0.719130 0.601310
vt 0.245278 0.878809
v 0.062925 0.663087 0.714015
vn 0.348250 0.719130 0.601310
vt 0.241474 0.886144
v 0.013954 0.663087 0.727278
vn 0.092832 0.710201 0.697851
vt 0.229501 0.886144
v -0.017946 0.633087 0.757278
vn -0.092833 0.710201 0.697852
vt 0.221702 0.878809
v -0.013955 0.663087 0.727278
vn -0.092833 0.710201 0.697852
vt 0.222677 0.886144
v -0.078485 0.633087 0.740881
vn -0.348251 0.719129 0.601311
vt 0.206900 0.878809
v -0.062926 0.663087 0.714015
vn -0.348251 0.719129 0.601311
vt 0.210705 0.886144
v 0.131650 0.218618 1.128311
vn 0.899000 0.000001 0.437950
vt 0.015246 0.965097
v 0.076819 0.157626 1.101599
vn 0.635689 -0.707107 0.309677
vt 0.001840 0.971628
v 0.103530 0.218618 1.046767
vn 0.945366 0.000001 -0.326012
vt 0.008371 0.985034
v 0.024539 0.604821 0.731879
vn 0.500000 0.840089 -0.210357
vt 0.140024 0.939873
v -0.024539 0.604821 0.731879
vn -0.500000 0.840089 -0.210357
vt 0.128025 0.939873
v -0.024539 0.658985 0.948189
vn -0.500000 0.840089 -0.210357
vt 0.128025 0.886987
v 0.024539 0.658985 0.948189
vn 0.500000 0.840089 -0.210357
vt 0.140024 0.886987
v -0.049078 0.563591 0.742202
vn -1.000000 -0.000001 0.000000
vt 0.084268 0.880381
v -0.024539 0.522361 0.752526
vn -0.500000 -0.840090 0.210357
vt 0.074188 0.877857
v -0.024539 0.576525 0.968836
vn -0.500000 -0.840090 0.210357
vt 0.087430 0.824971
v -0.049078 0.617755 0.958513
vn -1.000000 -0.000001 0.000000
vt 0.097510 0.827495
v -0.024539 0.604821 0.731879
vn -0.500000 0.840089 -0.210357
vt 0.094348 0.882905
v -0.024539 0.658985 0.948189
vn -0.500000 0.840089 -0.210357
vt 0.107591 0.830019
v 0.131650 0.218618 1.128311
vn 0.899000 0.000001 0.437950
vt 0.028351 0.969123
v 0.050107 0.218618 1.156431
vn 0.326011 0.000000 0.945366
vt 0.035227 0.989059
v 0.076819 0.157626 1.101599
vn 0.635689 -0.707107 0.309677
vt 0.021821 0.982529
v -0.024539 0.522361 0.752526
vn -0.500000 -0.840090 0.210357
vt 0.110024 0.886987
v 0.024539 0.522361 0.752526
vn 0.500000 -0.840089 0.210357
vt 0.122023 0.886987
v 0.024539 0.576525 0.968836
vn 0.500000 -0.840089 0.210357
vt 0.122023 0.939873
v -0.024539 0.576525 0.968836
vn -0.500000 -0.840090 0.210357
vt 0.110024 0.939873
v -0.102308 0.421741 0.371023
vn -0.843689 -0.000000 0.536833
vt 0.207345 0.650861
v -0.014683 0.421741 0.465025
vn -0.398834 -0.000001 0.917023
vt 0.207345 0.627878
v -0.014683 0.629865 0.465025
vn -0.398834 -0.000001 0.917023
vt 0.258230 0.627878
v -0.102308 0.629865 0.371023
vn -0.843689 -0.000000 0.536833
vt 0.258230 0.650861
v -0.158676 0.421741 0.231138
vn -0.994288 -0.000000 0.106728
vt 0.207345 0.685062
v -0.158676 0.629865 0.231138
vn -0.994288 -0.000000 0.106728
vt 0.258230 0.685062
v -0.130608 0.421741 0.066827
vn -0.904737 -0.000000 -0.425972
vt 0.207345 0.725234
v -0.130608 0.629865 0.066827
vn -0.904737 -0.000000 -0.425972
vt 0.258230 0.725234
v 0.131650 0.218618 1.128311
vn 0.899000 0.000001 0.437950
vt 0.068297 0.971366
v 0.076818 0.279610 1.101599
vn 0.635688 0.707107 0.309677
vt 0.074828 0.984772
v 0.050107 0.218618 1.156431
vn 0.326011 0.000000 0.945366
vt 0.061422 0.991303
v -0.014683 0.421741 0.465025
vn -0.398834 -0.000001 0.917023
vt 0.416035 0.877361
v 0.014682 0.421741 0.465025
vn 0.398834 -0.000000 0.917023
vt 0.423215 0.877361
v 0.014682 0.629865 0.465025
vn 0.398834 -0.000000 0.917023
vt 0.423215 0.928245
v -0.014683 0.629865 0.465025
vn -0.398834 -0.000001 0.917023
vt 0.416035 0.928245
v 0.102308 0.629865 0.371023
vn -0.000000 1.000000 0.000000
vt 0.907986 0.171544
v 0.158675 0.629865 0.231138
vn -0.000000 1.000000 0.000000
vt 0.921767 0.205745
v 0.130608 0.629865 0.066827
vn -0.000000 1.000000 0.000000
vt 0.914905 0.245917
v 0.049666 0.629865 -0.027175
vn -0.000000 1.000000 0.000000
vt 0.895115 0.268900
v -0.049666 0.629865 -0.027175
vn -0.000000 1.000000 0.000000
vt 0.870830 0.268900
v -0.130608 0.629865 0.066827
vn -0.000000 1.000000 0.000000
vt 0.851040 0.245917
v -0.158676 0.629865 0.231138
vn -0.000000 1.000000 0.000000
vt 0.844178 0.205745
v -0.102308 0.629865 0.371023
vn -0.000000 1.000000 0.000000
vt 0.857959 0.171544
v -0.014683 0.629865 0.465025
vn -0.000000 1.000000 0.000000
vt 0.879383 0.148562
v 0.014682 0.629865 0.465025
vn -0.000000 1.000000 0.000000
vt 0.886562 0.148562
v -0.081797 0.838823 -0.039376
vn -0.384607 0.000000 -0.923080
vt 0.333781 0.756778
v -0.187119 0.838823 0.066827
vn -0.932178 -0.000000 -0.362000
vt 0.308031 0.756778
v -0.187119 0.938566 0.066827
vn -0.932178 -0.000000 -0.362000
vt 0.308031 0.732392
v -0.081797 0.938566 -0.039376
vn -0.384607 0.000000 -0.923080
vt 0.333781 0.732392
v 0.081796 0.838823 -0.039376
vn 0.384607 0.000001 -0.923080
vt 0.373779 0.756778
v 0.081796 0.938566 -0.039376
vn 0.384607 0.000001 -0.923080
vt 0.373779 0.732392
v 0.131650 0.218618 1.128311
vn 0.899000 0.000001 0.437950
vt 0.015246 0.965097
v 0.103530 0.218618 1.046767
vn 0.945366 0.000001 -0.326012
vt 0.008371 0.985034
v 0.076818 0.279610 1.101599
vn 0.635688 0.707107 0.309677
vt 0.001840 0.971628
v -0.109431 0.838823 0.349763
vn -0.831500 -0.000001 0.555525
vt 0.214428 0.751903
v -0.033783 0.838823 0.443765
vn -0.431887 -0.000001 0.901928
vt 0.214428 0.728921
v -0.033783 0.938566 0.443765
vn -0.431887 -0.000001 0.901928
vt 0.238814 0.728921
v -0.109431 0.938565 0.349764
vn -0.831500 -0.000001 0.555525
vt 0.238814 0.751903
v -0.180970 0.838823 0.218925
vn -0.963668 -0.000000 0.267102
vt 0.214428 0.783892
v -0.180970 0.938565 0.218925
vn -0.963668 -0.000000 0.267102
vt 0.238814 0.783892
v -0.187119 0.838823 0.066827
vn -0.932178 -0.000000 -0.362000
vt 0.214428 0.821079
v -0.187119 0.938566 0.066827
vn -0.932178 -0.000000 -0.362000
vt 0.238814 0.821079
v -0.000000 0.422436 1.284970
vn 0.000000 -1.000000 -0.000000
vt 0.557026 0.754392
v -0.127557 0.422436 1.000209
vn 0.000000 -1.000000 -0.000000
vt 0.525839 0.684771
v 0.127556 0.422436 1.000209
vn 0.000000 -1.000000 -0.000000
vt 0.588212 0.684771
v -0.033783 0.838823 0.443765
vn -0.431887 -0.000001 0.901928
vt 0.062240 0.943293
v 0.033783 0.838823 0.443765
vn 0.431887 -0.000000 0.901928
vt 0.078759 0.943293
v 0.033783 0.938566 0.443765
vn 0.431887 -0.000000 0.901928
vt 0.078759 0.967680
v -0.033783 0.938566 0.443765
vn -0.431887 -0.000001 0.901928
vt 0.062240 0.967680
v 0.109430 0.938565 0.349763
vn -0.000000 1.000000 0.000000
vt 0.651676 0.205425
v 0.180969 0.938566 0.218925
vn -0.000000 1.000000 0.000000
vt 0.669167 0.237414
v 0.187118 0.938566 0.066827
vn -0.000000 1.000000 0.000000
vt 0.670670 0.274601
v 0.081796 0.938566 -0.039376
vn -0.000000 1.000000 0.000000
vt 0.644920 0.300567
v -0.081797 0.938566 -0.039376
vn -0.000000 1.000000 0.000000
vt 0.604923 0.300567
v -0.187119 0.938566 0.066827
vn -0.000000 1.000000 0.000000
vt 0.579173 0.274601
v -0.180970 0.938565 0.218925
vn -0.000000 1.000000 0.000000
vt 0.580676 0.237414
v -0.109431 0.938565 0.349764
vn -0.000000 1.000000 0.000000
vt 0.598167 0.205425
v -0.033783 0.938566 0.443765
vn -0.000000 1.000000 0.000000
vt 0.616662 0.182443
v 0.033783 0.938566 0.443765
vn -0.000000 1.000000 0.000000
vt 0.633181 0.182443
v 0.077811 0.615780 0.244152
vn 0.000000 -1.000000 -0.000000
vt 0.292054 0.801618
v 0.024021 0.615780 0.310993
vn 0.000000 -1.000000 -0.000000
vt 0.278903 0.817960
v -0.024022 0.615780 0.310993
vn 0.000000 -1.000000 -0.000000
vt 0.267156 0.817960
v -0.077812 0.615780 0.244152
vn 0.000000 -1.000000 -0.000000
vt 0.254005 0.801618
v -0.114526 0.615780 0.136001
vn 0.000000 -1.000000 -0.000000
vt 0.245029 0.775176
v -0.099270 0.615780 0.027850
vn 0.000000 -1.000000 -0.000000
vt 0.248759 0.748734
v -0.058163 0.615780 -0.038991
vn 0.000000 -1.000000 -0.000000
vt 0.258809 0.732392
v 0.058162 0.615780 -0.038991
vn 0.000000 -1.000000 -0.000000
vt 0.287250 0.732392
v 0.099270 0.615780 0.027850
vn 0.000000 -1.000000 -0.000000
vt 0.297300 0.748734
v 0.114526 0.615780 0.136001
vn 0.000000 -1.000000 -0.000000
vt 0.301030 0.775176
v -0.058163 0.615780 -0.038991
vn -0.487922 -0.000000 -0.872887
vt 0.339560 0.811310
v -0.099270 0.615780 0.027850
vn -0.940819 -0.000000 -0.338910
vt 0.329509 0.811310
v -0.099270 0.800457 0.027850
vn -0.940819 -0.000000 -0.338910
vt 0.329509 0.766159
v -0.058163 0.800457 -0.038991
vn -0.487922 -0.000000 -0.872887
vt 0.339560 0.766159
v 0.058162 0.615780 -0.038991
vn 0.487922 0.000000 -0.872887
vt 0.368000 0.811310
v 0.058162 0.800457 -0.038991
vn 0.487922 0.000000 -0.872887
vt 0.368000 0.766159
v 0.059078 0.938723 0.162077
vn 0.999398 0.034708 -0.000000
vt 0.586950 0.001992
v 0.029539 0.938723 0.110914
vn 0.499699 0.034708 -0.865504
vt 0.599459 0.001992
v 0.016984 1.661711 0.132659
vn 0.499699 0.034708 -0.865504
vt 0.594142 0.178756
v 0.033969 1.661711 0.162078
vn 0.999398 0.034708 -0.000000
vt 0.586950 0.178756
v 0.029539 0.938723 0.213240
vn 0.499699 0.034707 0.865504
vt 0.574441 0.001992
v 0.016984 1.661711 0.191496
vn 0.499699 0.034707 0.865504
vt 0.579757 0.178756
v 0.079078 0.758107 -0.051526
vn 1.000000 0.000000 0.000000
vt 0.102900 0.627878
v 0.039539 0.758107 -0.120010
vn 0.500000 0.000000 -0.866025
vt 0.119643 0.627878
v 0.039539 1.146096 -0.120010
vn 0.500000 0.000000 -0.866025
vt 0.119643 0.722738
v 0.079078 1.146096 -0.051526
vn 1.000000 0.000000 0.000000
vt 0.102900 0.722738
v 0.039539 0.758107 0.016958
vn 0.500000 -0.000000 0.866025
vt 0.086156 0.627878
v 0.039539 1.146096 0.016958
vn 0.500000 -0.000000 0.866025
vt 0.086156 0.722738
v 0.059078 0.651297 -0.714070
vn 1.000000 0.000000 0.000001
vt 0.137819 0.627878
v 0.029539 0.651297 -0.765233
vn 0.500000 0.000001 -0.866026
vt 0.150328 0.627878
v 0.029539 1.039285 -0.765233
vn 0.500000 0.000001 -0.866026
vt 0.150328 0.722738
v 0.059078 1.039285 -0.714070
vn 1.000000 0.000000 0.000001
vt 0.137819 0.722738
v 0.029539 0.651296 -0.662907
vn 0.500000 -0.000000 0.866025
vt 0.125310 0.627878
v 0.029539 1.039285 -0.662906
vn 0.500000 -0.000000 0.866025
vt 0.125310 0.722738
v 0.125192 1.335770 0.162579
vn 0.918502 -0.395416 -0.000001
vt 0.042013 0.824971
v 0.052087 1.314753 0.072361
vn 0.183948 -0.929867 -0.318608
vt 0.019956 0.842844
v 0.062596 1.335770 0.054159
vn 0.459251 -0.395415 -0.795447
vt 0.015505 0.840275
v 0.062596 1.335770 0.271000
vn 0.459251 -0.395416 0.795446
vt 0.068521 0.840275
v 0.052087 1.314753 0.252798
vn 0.183949 -0.929867 0.318607
vt 0.064071 0.842844
v 0.104175 1.314753 0.162579
vn 0.367897 -0.929867 -0.000001
vt 0.042013 0.830109
v -0.000001 1.314753 0.162579
vn 0.000000 -1.000000 -0.000001
vt 0.042013 0.855579
v -0.052088 1.314753 0.252798
vn -0.183948 -0.929867 0.318608
vt 0.064071 0.868314
v -0.104176 1.314753 0.162579
vn -0.367896 -0.929867 0.000000
vt 0.042013 0.881049
v -0.052088 1.314753 0.072361
vn -0.183948 -0.929867 -0.318608
vt 0.019956 0.868314
v -0.077812 0.615780 0.244152
vn -0.876407 -0.000001 0.481571
vt 0.662644 0.320595
v -0.024022 0.615780 0.310993
vn -0.431887 -0.000001 0.901928
vt 0.662644 0.304253
v -0.024022 0.800457 0.310993
vn -0.431887 -0.000001 0.901928
vt 0.707796 0.304253
v -0.077812 0.800457 0.244152
vn -0.876407 -0.000001 0.481571
vt 0.707796 0.320595
v -0.114526 0.615780 0.136001
vn -0.995626 -0.000000 0.093428
vt 0.662644 0.347037
v -0.114526 0.800457 0.136001
vn -0.995626 -0.000000 0.093428
vt 0.707796 0.347037
v -0.099270 0.615780 0.027850
vn -0.940819 -0.000000 -0.338910
vt 0.662644 0.373479
v -0.099270 0.800457 0.027850
vn -0.940819 -0.000000 -0.338910
vt 0.707796 0.373479
v -0.062597 1.335770 0.054159
vn -0.459252 -0.395416 -0.795446
vt 0.028759 0.937751
v -0.052088 1.314753 0.072361
vn -0.183948 -0.929867 -0.318608
vt 0.023621 0.933301
v -0.104176 1.314753 0.162579
vn -0.367896 -0.929867 0.000000
vt 0.023621 0.911244
v -0.125193 1.375770 0.162579
vn -0.918502 0.395416 0.000000
vt 0.038539 0.911244
v -0.062597 1.335770 0.271000
vn -0.459251 -0.395416 0.795447
vt 0.028759 0.884736
v -0.062597 1.375770 0.271000
vn -0.459251 0.395416 0.795446
vt 0.038539 0.884736
v -0.125193 1.335770 0.162579
vn -0.918502 -0.395416 0.000001
vt 0.028759 0.911244
v -0.062597 1.375770 0.054159
vn -0.459251 0.395416 -0.795446
vt 0.038539 0.937751
v -0.052088 1.314753 0.252798
vn -0.183948 -0.929867 0.318608
vt 0.023621 0.889186
v -0.086826 1.019755 -0.685858
vn -0.903704 0.311607 0.293631
vt 0.885091 0.421495
v -0.053662 0.960428 -0.640211
vn -0.558520 -0.311608 0.768736
vt 0.870586 0.410335
v -0.053662 1.019755 -0.640211
vn -0.558520 0.311607 0.768737
vt 0.885091 0.410335
v -0.086826 0.960428 -0.685858
vn -0.903704 -0.311608 0.293631
vt 0.870586 0.421495
v -0.033165 0.912432 -0.668423
vn -0.343294 -0.811719 0.472505
vt 0.858851 0.417232
v -0.086826 1.019755 -0.742281
vn -0.903704 0.311607 -0.293631
vt 0.885091 0.435290
v -0.086826 0.960428 -0.742281
vn -0.903704 -0.311608 -0.293632
vt 0.870586 0.435290
v -0.053662 0.912432 -0.696634
vn -0.555462 -0.811720 0.180481
vt 0.858851 0.424129
v -0.053662 0.912432 -0.731505
vn -0.555462 -0.811720 -0.180481
vt 0.858851 0.432655
v -0.053662 0.960428 -0.787928
vn -0.558520 -0.311607 -0.768737
vt 0.870586 0.446450
v -0.033165 0.912432 -0.759717
vn -0.343294 -0.811719 -0.472505
vt 0.858851 0.439553
v -0.024022 0.615780 0.310993
vn -0.431887 -0.000001 0.901928
vt 0.684245 0.443225
v 0.024021 0.615780 0.310993
vn 0.431887 -0.000000 0.901928
vt 0.695991 0.443225
v 0.024021 0.800457 0.310993
vn 0.431887 -0.000000 0.901928
vt 0.695991 0.488377
v -0.024022 0.800457 0.310993
vn -0.431887 -0.000001 0.901928
vt 0.684245 0.488377
v -0.081797 0.838823 -0.039376
vn -0.345147 -0.360341 -0.866618
vt 0.333781 0.756778
v 0.081796 0.838823 -0.039376
vn 0.345148 -0.360341 -0.866618
vt 0.373779 0.756778
v 0.058162 0.800457 -0.038991
vn 0.345148 -0.360341 -0.866618
vt 0.368000 0.766159
v -0.058163 0.800457 -0.038991
vn -0.345147 -0.360341 -0.866618
vt 0.339560 0.766159
v -0.187119 0.838823 0.066827
vn -0.551835 -0.787672 -0.273953
vt 0.308031 0.756778
v -0.099270 0.800457 0.027850
vn -0.551835 -0.787672 -0.273953
vt 0.329509 0.766159
v -0.186854 0.705934 -0.347058
vn 0.000000 0.630209 0.776426
vt 0.155994 0.699320
v -0.000000 0.825934 -0.444460
vn 0.000000 0.630209 0.776426
vt 0.201678 0.723134
v -0.186854 0.825934 -0.444460
vn 0.000000 0.630209 0.776426
vt 0.155994 0.723134
v 0.081796 0.838823 -0.039376
vn 0.345148 -0.360341 -0.866618
vt 0.730869 0.148562
v 0.187118 0.838823 0.066827
vn 0.551836 -0.787672 -0.273953
vt 0.730869 0.174527
v 0.099270 0.800457 0.027850
vn 0.551836 -0.787672 -0.273953
vt 0.721489 0.164998
v 0.058162 0.800457 -0.038991
vn 0.345148 -0.360341 -0.866618
vt 0.721489 0.148656
v 0.125192 1.205275 -0.051526
vn 0.918502 0.395417 -0.000000
vt 0.617808 0.377561
v 0.125192 1.165275 -0.051526
vn 0.918503 -0.395415 0.000000
vt 0.627588 0.377561
v 0.062596 1.165275 -0.159946
vn 0.459251 -0.395415 -0.795447
vt 0.627588 0.392865
v 0.062596 1.205275 -0.159946
vn 0.459251 0.395418 -0.795446
vt 0.617808 0.392865
v 0.052087 1.144258 -0.141744
vn 0.183949 -0.929866 -0.318608
vt 0.632726 0.395435
v -0.052088 1.144258 -0.141744
vn -0.183948 -0.929867 -0.318607
vt 0.632726 0.420905
v -0.062597 1.165275 -0.159946
vn -0.459251 -0.395416 -0.795446
vt 0.627588 0.423474
v -0.062597 1.205275 -0.159946
vn -0.459251 0.395417 -0.795445
vt 0.617808 0.423474
v -0.125193 1.165275 -0.051526
vn -0.918502 -0.395416 0.000000
vt 0.627588 0.438778
v -0.125193 1.205275 -0.051526
vn -0.918502 0.395416 0.000000
vt 0.617808 0.438778
v -0.166854 0.725934 -0.389051
vn -1.000000 -0.000000 0.000000
vt 0.834426 0.107514
v -0.166854 0.794198 -0.444460
vn -1.000000 -0.000000 0.000000
vt 0.851116 0.121061
v -0.166854 0.725934 -0.499869
vn -1.000000 -0.000000 0.000000
vt 0.834426 0.134608
v 0.062596 1.205275 0.056894
vn 0.459251 0.395416 0.795446
vt 0.016758 0.937751
v 0.062596 1.165275 0.056894
vn 0.459251 -0.395415 0.795447
vt 0.006979 0.937751
v 0.125192 1.165275 -0.051526
vn 0.918503 -0.395415 0.000000
vt 0.006979 0.911244
v 0.125192 1.205275 -0.051526
vn 0.918502 0.395417 -0.000000
vt 0.016758 0.911244
v 0.052087 1.144258 0.038693
vn 0.183948 -0.929866 0.318609
vt 0.001840 0.933301
v 0.104175 1.144258 -0.051526
vn 0.367897 -0.929867 0.000001
vt 0.001840 0.911244
v 0.052087 1.144258 -0.141744
vn 0.183949 -0.929866 -0.318608
vt 0.001840 0.889186
v 0.062596 1.165275 -0.159946
vn 0.459251 -0.395415 -0.795447
vt 0.006979 0.884736
v -0.062597 1.165275 -0.159946
vn -0.459251 -0.395416 -0.795446
vt 0.093562 0.939607
v -0.052088 1.144258 -0.141744
vn -0.183948 -0.929867 -0.318607
vt 0.088423 0.935157
v -0.104176 1.144258 -0.051526
vn -0.367896 -0.929867 0.000001
vt 0.088423 0.913099
v -0.125193 1.165275 -0.051526
vn -0.918502 -0.395416 0.000000
vt 0.093562 0.913099
v -0.052088 1.144258 0.038693
vn -0.183948 -0.929867 0.318608
vt 0.088423 0.891042
v -0.062597 1.165275 0.056894
vn -0.459251 -0.395415 0.795446
vt 0.093562 0.886591
v -0.125193 1.205275 -0.051526
vn -0.918502 0.395416 0.000000
vt 0.103341 0.913099
v -0.062597 1.205275 0.056894
vn -0.459251 0.395415 0.795447
vt 0.103341 0.886591
v -0.186854 0.825934 -0.054853
vn -0.000000 0.630209 -0.776425
vt 0.648244 0.488149
v -0.000000 0.825934 -0.054853
vn -0.000000 0.630209 -0.776425
vt 0.648244 0.442465
v -0.186854 0.705934 -0.152255
vn -0.000000 0.630209 -0.776425
vt 0.677583 0.488149
v -0.062597 1.165275 0.056894
vn -0.459251 -0.395415 0.795446
vt 0.911988 0.478977
v -0.052088 1.144258 0.038693
vn -0.183948 -0.929867 0.318608
vt 0.906849 0.476408
v 0.052087 1.144258 0.038693
vn 0.183948 -0.929866 0.318609
vt 0.906849 0.450938
v 0.062596 1.165275 0.056894
vn 0.459251 -0.395415 0.795447
vt 0.911988 0.448369
v -0.062597 1.205275 0.056894
vn -0.459251 0.395415 0.795447
vt 0.921767 0.478977
v 0.062596 1.205275 0.056894
vn 0.459251 0.395416 0.795446
vt 0.921767 0.448369
v -0.166854 0.725934 0.000556
vn -1.000000 0.000000 0.000000
vt 0.834426 0.012259
v -0.166854 0.794198 -0.054853
vn -1.000000 0.000000 0.000000
vt 0.851116 0.025806
v -0.166854 0.725934 -0.110262
vn -1.000000 0.000000 0.000000
vt 0.834426 0.039353
v 0.125192 1.205275 -0.440560
vn 0.918502 0.395416 0.000001
vt 0.597223 0.377561
v 0.125192 1.165275 -0.440560
vn 0.918502 -0.395416 0.000000
vt 0.607003 0.377561
v 0.062596 1.165275 -0.548980
vn 0.459252 -0.395417 -0.795445
vt 0.607003 0.392865
v 0.062596 1.205275 -0.548980
vn 0.459251 0.395416 -0.795446
vt 0.597223 0.392865
v 0.052087 1.144258 -0.530779
vn 0.183949 -0.929867 -0.318606
vt 0.612142 0.395435
v -0.052088 1.144258 -0.530779
vn -0.183948 -0.929867 -0.318606
vt 0.612142 0.420905
v -0.062597 1.165275 -0.548980
vn -0.459252 -0.395418 -0.795445
vt 0.607003 0.423474
v -0.062597 1.205275 -0.548980
vn -0.459251 0.395415 -0.795447
vt 0.597223 0.423474
v -0.125193 1.165275 -0.440560
vn -0.918502 -0.395416 0.000001
vt 0.607003 0.438778
v -0.125193 1.205275 -0.440560
vn -0.918502 0.395416 -0.000000
vt 0.597223 0.438778
v 0.186853 0.705934 -0.347058
vn -0.000001 0.630209 0.776426
vt 0.617643 0.442465
v 0.186853 0.825934 -0.444460
vn -0.000001 0.630209 0.776426
vt 0.641456 0.442465
v -0.000000 0.825934 -0.444460
vn -0.000001 0.630209 0.776426
vt 0.641456 0.488149
v 0.062596 1.205275 -0.332140
vn 0.459251 0.395416 0.795446
vt 0.081741 0.939607
v 0.062596 1.165275 -0.332140
vn 0.459252 -0.395416 0.795446
vt 0.071961 0.939607
v 0.125192 1.165275 -0.440560
vn 0.918502 -0.395416 0.000000
vt 0.071961 0.913099
v 0.125192 1.205275 -0.440560
vn 0.918502 0.395416 0.000001
vt 0.081741 0.913099
v 0.052087 1.144258 -0.350342
vn 0.183949 -0.929867 0.318607
vt 0.066822 0.935157
v 0.104175 1.144258 -0.440560
vn 0.367897 -0.929866 0.000000
vt 0.066822 0.913099
v 0.052087 1.144258 -0.530779
vn 0.183949 -0.929867 -0.318606
vt 0.066822 0.891042
v 0.062596 1.165275 -0.548980
vn 0.459252 -0.395417 -0.795445
vt 0.071961 0.886591
v -0.000000 0.960428 -0.622776
vn 0.000000 -0.311608 0.950211
vt 0.902987 0.431563
v -0.000000 0.912432 -0.657647
vn 0.000001 -0.811720 0.584047
vt 0.891253 0.431563
v 0.033164 0.912432 -0.668423
vn 0.343295 -0.811720 0.472503
vt 0.891253 0.423454
v 0.053661 0.960428 -0.640211
vn 0.558520 -0.311608 0.768736
vt 0.902987 0.418443
v -0.053662 0.960428 -0.640211
vn -0.558520 -0.311608 0.768736
vt 0.902987 0.444682
v -0.033165 0.912432 -0.668423
vn -0.343294 -0.811719 0.472505
vt 0.891253 0.439671
v -0.053662 1.019755 -0.640211
vn -0.558520 0.311607 0.768737
vt 0.917492 0.444682
v -0.000000 1.019755 -0.622776
vn -0.000000 0.311606 0.950211
vt 0.917492 0.431563
v 0.053661 1.019755 -0.640211
vn 0.558520 0.311607 0.768737
vt 0.917492 0.418443
v 0.086825 0.960428 -0.685858
vn 0.903705 -0.311607 0.293630
vt 0.902987 0.410335
v 0.086825 1.019755 -0.685858
vn 0.903705 0.311607 0.293630
vt 0.917492 0.410335
v 0.166853 0.725934 -0.389051
vn 1.000000 0.000000 0.000000
vt 0.726422 0.039353
v 0.166853 0.725934 -0.499869
vn 1.000000 0.000000 0.000000
vt 0.726422 0.012259
v 0.166853 0.794198 -0.444460
vn 1.000000 0.000000 0.000000
vt 0.743112 0.025806
v -0.030480 0.926099 -0.471193
vn 0.000000 -0.422618 0.906308
vt 0.497835 0.968157
v -0.030480 0.871303 -0.496745
vn 0.000000 -0.422618 0.906308
vt 0.484438 0.968157
v 0.030480 0.871303 -0.496745
vn 0.000000 -0.422618 0.906308
vt 0.484438 0.953253
v 0.030480 0.926099 -0.471193
vn 0.000000 -0.422618 0.906308
vt 0.497835 0.953253
v -0.030480 1.004092 -0.638450
vn -0.000001 0.422619 -0.906308
vt 0.504238 0.968157
v 0.030480 1.004092 -0.638450
vn -0.000001 0.422619 -0.906308
vt 0.504238 0.953253
v 0.030480 0.949296 -0.664001
vn -0.000001 0.422619 -0.906308
vt 0.517636 0.953253
v -0.030480 0.949296 -0.664001
vn -0.000001 0.422619 -0.906308
vt 0.517636 0.968157
v -0.030480 0.926099 -0.471193
vn 0.000000 0.906308 0.422618
vt 0.804849 0.410335
v 0.030480 0.926099 -0.471193
vn 0.000000 0.906308 0.422618
vt 0.819754 0.410335
v 0.030480 1.004092 -0.638450
vn 0.000000 0.906308 0.422618
vt 0.819754 0.451227
v -0.030480 1.004092 -0.638450
vn 0.000000 0.906308 0.422618
vt 0.804849 0.451227
v 0.030480 0.926099 -0.471193
vn 1.000000 0.000000 0.000000
vt 0.512235 0.870122
v 0.030480 0.871303 -0.496745
vn 1.000000 0.000000 0.000000
vt 0.498838 0.863875
v 0.030480 0.949296 -0.664001
vn 1.000000 0.000000 0.000000
vt 0.517907 0.822982
v 0.030480 1.004092 -0.638450
vn 1.000000 0.000000 0.000000
vt 0.531304 0.829229
v 0.030480 0.871303 -0.496745
vn 0.000000 -0.906307 -0.422619
vt 0.798153 0.449887
v -0.030480 0.871303 -0.496745
vn 0.000000 -0.906307 -0.422619
vt 0.783249 0.449887
v -0.030480 0.949296 -0.664001
vn 0.000000 -0.906307 -0.422619
vt 0.783249 0.408995
v 0.030480 0.949296 -0.664001
vn 0.000000 -0.906307 -0.422619
vt 0.798153 0.408995
v -0.030480 0.871303 -0.496745
vn -1.000000 -0.000000 -0.000000
vt 0.459237 0.875163
v -0.030480 0.926099 -0.471193
vn -1.000000 -0.000000 -0.000000
vt 0.472634 0.868916
v -0.030480 1.004092 -0.638450
vn -1.000000 -0.000000 -0.000000
vt 0.491702 0.909808
v -0.030480 0.949296 -0.664001
vn -1.000000 -0.000000 -0.000000
vt 0.478305 0.916056
v -0.078485 0.423091 -0.845813
vn -0.501169 0.000000 -0.865350
vt 0.162856 0.886144
v -0.121549 0.423091 -0.802750
vn -0.865350 0.000000 -0.501168
vt 0.152327 0.886144
v -0.121549 0.633087 -0.802749
vn -0.865350 0.000000 -0.501168
vt 0.152327 0.834802
v -0.078485 0.633087 -0.845813
vn -0.501169 0.000000 -0.865350
vt 0.162856 0.834802
v -0.017946 0.423091 -0.862210
vn -0.131864 0.000001 -0.991268
vt 0.177657 0.886144
v -0.017946 0.633087 -0.862210
vn -0.131864 0.000001 -0.991268
vt 0.177657 0.834802
v 0.017945 0.423091 -0.862210
vn 0.131864 0.000001 -0.991268
vt 0.186432 0.886144
v 0.017945 0.633087 -0.862210
vn 0.131864 0.000001 -0.991268
vt 0.186432 0.834802
v 0.078485 0.423091 -0.845813
vn 0.501168 0.000001 -0.865350
vt 0.201234 0.886144
v 0.078485 0.633087 -0.845813
vn 0.501168 0.000001 -0.865350
vt 0.201234 0.834802
v 0.186853 0.705934 -0.152255
vn -0.000000 0.630209 -0.776425
vt 0.610980 0.822982
v -0.000000 0.825934 -0.054853
vn -0.000000 0.630209 -0.776425
vt 0.581641 0.868666
v 0.186853 0.825934 -0.054853
vn -0.000000 0.630209 -0.776425
vt 0.581641 0.822982
v -0.121549 0.423091 -0.618190
vn -0.865350 -0.000000 0.501168
vt 0.405214 0.814997
v -0.078485 0.423091 -0.575127
vn -0.501168 -0.000001 0.865350
vt 0.415742 0.814997
v -0.078485 0.633087 -0.575127
vn -0.501168 -0.000001 0.865350
vt 0.415743 0.866339
v -0.121549 0.633087 -0.618190
vn -0.865350 -0.000000 0.501168
vt 0.405214 0.866339
v -0.137946 0.423091 -0.678730
vn -0.991268 -0.000000 0.131864
vt 0.390412 0.814997
v -0.137946 0.633087 -0.678730
vn -0.991268 -0.000000 0.131864
vt 0.390412 0.866339
v -0.137946 0.423091 -0.742210
vn -0.991268 -0.000000 -0.131864
vt 0.374892 0.814997
v -0.137946 0.633087 -0.742210
vn -0.991268 -0.000000 -0.131864
vt 0.374892 0.866339
v -0.121549 0.423091 -0.802750
vn -0.865350 0.000000 -0.501168
vt 0.360091 0.814997
v -0.121549 0.633087 -0.802749
vn -0.865350 0.000000 -0.501168
vt 0.360091 0.866339
v 0.166853 0.725934 0.000556
vn 1.000000 0.000000 0.000000
vt 0.726422 0.134608
v 0.166853 0.725934 -0.110262
vn 1.000000 0.000000 0.000000
vt 0.726422 0.107514
v 0.166853 0.794198 -0.054853
vn 1.000000 0.000000 0.000000
vt 0.743112 0.121061
v 0.017945 0.423091 -0.558730
vn 0.131865 -0.000000 0.991268
vt 0.329094 0.821647
v 0.078485 0.423091 -0.575127
vn 0.501168 -0.000000 0.865350
vt 0.343896 0.821647
v 0.078485 0.633087 -0.575127
vn 0.501168 -0.000000 0.865350
vt 0.343896 0.872989
v 0.017945 0.633087 -0.558730
vn 0.131865 -0.000000 0.991268
vt 0.329094 0.872989
v -0.017946 0.423091 -0.558730
vn -0.131864 -0.000001 0.991268
vt 0.320319 0.821647
v -0.017946 0.633087 -0.558730
vn -0.131864 -0.000001 0.991268
vt 0.320319 0.872989
v -0.078485 0.423091 -0.575127
vn -0.501168 -0.000001 0.865350
vt 0.305518 0.821647
v -0.078485 0.633087 -0.575127
vn -0.501168 -0.000001 0.865350
vt 0.305518 0.872989
v 0.104175 1.144258 -0.051526
vn 0.367897 -0.929867 0.000001
vt 0.286887 0.884010
v -0.000001 1.144258 -0.051526
vn 0.000000 -1.000000 0.000000
vt 0.286887 0.909480
v 0.052087 1.144258 -0.141744
vn 0.183949 -0.929866 -0.318608
vt 0.264830 0.896745
v -0.052088 1.144258 -0.141744
vn -0.183948 -0.929867 -0.318607
vt 0.264830 0.922215
v -0.104176 1.144258 -0.051526
vn -0.367896 -0.929867 0.000001
vt 0.286887 0.934950
v -0.052088 1.144258 0.038693
vn -0.183948 -0.929867 0.318608
vt 0.308945 0.922215
v 0.052087 1.144258 0.038693
vn 0.183948 -0.929866 0.318609
vt 0.308945 0.896745
v -0.094682 0.663087 0.528818
vn 0.000000 1.000000 0.000002
vt 0.424652 0.854222
v -0.000000 0.663087 0.605538
vn -0.000000 1.000000 0.000000
vt 0.447801 0.835465
v -0.062925 0.663087 0.497062
vn 0.000001 1.000000 0.000000
vt 0.432416 0.861986
v -0.013955 0.663087 0.483798
vn 0.000000 1.000000 -0.000000
vt 0.444389 0.865229
v 0.013954 0.663087 0.483798
vn -0.000000 1.000000 0.000000
vt 0.451213 0.865229
v 0.062925 0.663087 0.497062
vn -0.000001 1.000000 0.000000
vt 0.463185 0.861986
v 0.094682 0.663087 0.528818
vn -0.000001 1.000000 0.000000
vt 0.470950 0.854222
v 0.107945 0.663087 0.577789
vn -0.000000 1.000000 0.000000
vt 0.474193 0.842249
v 0.107945 0.663087 0.633287
vn -0.000001 1.000000 0.000001
vt 0.474193 0.828680
v 0.094682 0.663087 0.682258
vn -0.000001 1.000000 0.000002
vt 0.470950 0.816708
v 0.062925 0.663087 0.714015
vn 0.000000 1.000000 0.000000
vt 0.463185 0.808943
v 0.013954 0.663087 0.727278
vn 0.000001 1.000000 -0.000001
vt 0.451213 0.805700
v -0.013955 0.663087 0.727278
vn -0.000001 1.000000 -0.000001
vt 0.444389 0.805700
v -0.062926 0.663087 0.714015
vn -0.000000 1.000000 0.000000
vt 0.432416 0.808943
v -0.094682 0.663087 0.682258
vn 0.000000 1.000000 -0.000000
vt 0.424652 0.816708
v -0.107946 0.663087 0.633287
vn -0.000001 1.000000 -0.000001
vt 0.421409 0.828680
v -0.107946 0.663087 0.577789
vn -0.000001 1.000000 0.000002
vt 0.421409 0.842249
v -0.000000 0.622437 1.284970
vn -0.000000 1.000000 0.000001
vt 0.625428 0.304253
v 0.127556 0.622437 1.000209
vn -0.000000 1.000000 0.000001
vt 0.656614 0.373875
v -0.127557 0.622437 1.000209
vn -0.000000 1.000000 0.000001
vt 0.594242 0.373875
v 0.121548 0.633087 -0.802749
vn 0.601311 0.719130 -0.348249
vt 0.807750 0.394779
v 0.078485 0.633087 -0.845813
vn 0.348249 0.719130 -0.601310
vt 0.797221 0.405308
v 0.062925 0.663087 -0.818946
vn 0.348249 0.719130 -0.601310
vt 0.793417 0.398739
v 0.094682 0.663087 -0.787190
vn 0.601311 0.719130 -0.348249
vt 0.801181 0.390975
v -0.078485 0.633087 -0.845813
vn -0.348250 0.719129 -0.601311
vt 0.162856 0.834802
v -0.121549 0.633087 -0.802749
vn -0.601312 0.719129 -0.348250
vt 0.152327 0.834802
v -0.094682 0.663087 -0.787190
vn -0.601312 0.719129 -0.348250
vt 0.158896 0.827467
v -0.062926 0.663087 -0.818946
vn -0.348250 0.719129 -0.601311
vt 0.166660 0.827467
v -0.017946 0.633087 -0.862210
vn -0.092833 0.710200 -0.697852
vt 0.177657 0.834802
v -0.013955 0.663087 -0.832210
vn -0.092833 0.710200 -0.697852
vt 0.178633 0.827467
v 0.017945 0.633087 -0.862210
vn 0.092832 0.710201 -0.697851
vt 0.186432 0.834802
v 0.013954 0.663087 -0.832210
vn 0.092832 0.710201 -0.697851
vt 0.185456 0.827467
v 0.078485 0.633087 -0.845813
vn 0.348249 0.719130 -0.601310
vt 0.201234 0.834802
v 0.062925 0.663087 -0.818946
vn 0.348249 0.719130 -0.601310
vt 0.197429 0.827467
v -0.363795 0.218618 -0.254933
vn -0.998653 -0.000000 -0.051894
vt 0.641373 0.506748
v -0.302885 0.157626 -0.251768
vn -0.706154 -0.707107 -0.036695
vt 0.656265 0.521660
v -0.306050 0.218618 -0.190857
vn -0.742849 -0.000001 0.669459
vt 0.655491 0.506748
v -0.121549 0.633087 -0.618190
vn -0.601311 0.719129 0.348251
vt 0.405214 0.866339
v -0.078485 0.633087 -0.575127
vn -0.348250 0.719129 0.601311
vt 0.415743 0.866339
v -0.062926 0.663087 -0.601994
vn -0.348250 0.719129 0.601311
vt 0.409174 0.873674
v -0.094682 0.663087 -0.633750
vn -0.601311 0.719129 0.348251
vt 0.401410 0.873674
v -0.137946 0.633087 -0.678730
vn -0.697852 0.710200 0.092833
vt 0.390412 0.866339
v -0.107946 0.663087 -0.682721
vn -0.697852 0.710200 0.092833
vt 0.389437 0.873674
v -0.137946 0.633087 -0.742210
vn -0.697853 0.710200 -0.092832
vt 0.374892 0.866339
v -0.107946 0.663087 -0.738219
vn -0.697853 0.710200 -0.092832
vt 0.375868 0.873674
v -0.121549 0.633087 -0.802749
vn -0.601312 0.719129 -0.348250
vt 0.360091 0.866339
v -0.094682 0.663087 -0.787190
vn -0.601312 0.719129 -0.348250
vt 0.363895 0.873674
v -0.363795 0.218618 -0.254933
vn -0.998653 -0.000000 -0.051894
vt 0.376434 0.981108
v -0.306050 0.218618 -0.190857
vn -0.742849 -0.000001 0.669459
vt 0.376434 0.965443
v -0.302885 0.279611 -0.251768
vn -0.706154 0.707107 -0.036694
vt 0.391346 0.980335
v 0.078485 0.633087 -0.575127
vn 0.348249 0.719130 0.601311
vt 0.343896 0.872989
v 0.121548 0.633087 -0.618190
vn 0.601311 0.719130 0.348250
vt 0.354424 0.872989
v 0.094682 0.663087 -0.633750
vn 0.601311 0.719130 0.348250
vt 0.347856 0.880324
v 0.062925 0.663087 -0.601994
vn 0.348249 0.719130 0.601311
vt 0.340091 0.880324
v 0.017945 0.633087 -0.558730
vn 0.092832 0.710202 0.697850
vt 0.329094 0.872989
v 0.013954 0.663087 -0.588730
vn 0.092832 0.710202 0.697850
vt 0.328118 0.880324
v -0.017946 0.633087 -0.558730
vn -0.092832 0.710202 0.697850
vt 0.320319 0.872989
v -0.013955 0.663087 -0.588730
vn -0.092832 0.710202 0.697850
vt 0.321295 0.880324
v -0.078485 0.633087 -0.575127
vn -0.348250 0.719129 0.601311
vt 0.305518 0.872989
v -0.062926 0.663087 -0.601994
vn -0.348250 0.719129 0.601311
vt 0.309322 0.880324
v -0.369481 0.218618 0.080088
vn -0.999361 -0.000001 0.035736
vt 0.462837 0.955231
v -0.310708 0.218618 0.016955
vn -0.731924 0.000000 -0.681386
vt 0.477206 0.955231
v -0.308528 0.157626 0.077908
vn -0.706655 -0.707107 0.025269
vt 0.477739 0.970143
v 0.017039 0.447636 -0.845190
vn 0.500000 -0.836516 -0.224144
vt 0.453168 0.918034
v -0.017039 0.447636 -0.845190
vn -0.500000 -0.836516 -0.224144
vt 0.444836 0.918034
v -0.017039 0.501468 -1.046091
vn -0.500000 -0.836516 -0.224144
vt 0.444836 0.868916
v 0.017039 0.501468 -1.046091
vn 0.500000 -0.836516 -0.224144
vt 0.453168 0.868916
v -0.034078 0.476143 -0.837552
vn -1.000000 -0.000000 -0.000000
vt 0.187196 0.891698
v -0.017039 0.504650 -0.829913
vn -0.500000 0.836516 0.224144
vt 0.194166 0.889831
v -0.017039 0.558482 -1.030814
vn -0.500000 0.836516 0.224144
vt 0.207327 0.938949
v -0.034078 0.529975 -1.038453
vn -1.000000 -0.000000 -0.000000
vt 0.200357 0.940817
v -0.017039 0.447636 -0.845190
vn -0.500000 -0.836516 -0.224144
vt 0.180226 0.893566
v -0.017039 0.501468 -1.046091
vn -0.500000 -0.836516 -0.224144
vt 0.193388 0.942684
v -0.369481 0.218618 0.080088
vn -0.999361 -0.000001 0.035736
vt 0.698720 0.506975
v -0.308528 0.279610 0.077908
vn -0.706655 0.707107 0.025270
vt 0.683817 0.492063
v -0.310708 0.218618 0.016955
vn -0.731924 0.000000 -0.681386
vt 0.684350 0.506975
v -0.017039 0.504650 -0.829913
vn -0.500000 0.836516 0.224144
vt 0.430436 0.868916
v 0.017039 0.504650 -0.829913
vn 0.500000 0.836516 0.224144
vt 0.438767 0.868916
v 0.017039 0.558482 -1.030814
vn 0.500000 0.836516 0.224144
vt 0.438767 0.918034
v -0.017039 0.558482 -1.030814
vn -0.500000 0.836516 0.224144
vt 0.430436 0.918034
v 0.034078 0.529975 -1.038453
vn 0.000000 0.258816 -0.965927
vt 0.342002 0.972147
v 0.017039 0.501468 -1.046091
vn 0.000000 0.258816 -0.965927
vt 0.348972 0.976313
v -0.017039 0.501468 -1.046091
vn 0.000000 0.258816 -0.965927
vt 0.348972 0.984645
v -0.034078 0.529975 -1.038453
vn 0.000000 0.258816 -0.965927
vt 0.342002 0.988811
v -0.017039 0.558482 -1.030814
vn 0.000000 0.258816 -0.965927
vt 0.335032 0.984645
v 0.017039 0.558482 -1.030814
vn 0.000000 0.258816 -0.965927
vt 0.335032 0.976313
v -0.186854 0.705934 -0.541861
vn -0.000000 0.630210 -0.776425
vt 0.360931 0.657217
v -0.186854 0.825934 -0.444460
vn -0.000000 0.630210 -0.776425
vt 0.360931 0.627878
v -0.000000 0.825934 -0.444460
vn -0.000000 0.630209 -0.776425
vt 0.406615 0.627878
v -0.000000 0.705934 -0.541861
vn -0.000000 0.630209 -0.776425
vt 0.406615 0.657217
v 0.186853 0.705934 -0.541861
vn -0.000000 0.630209 -0.776425
vt 0.452299 0.657217
v 0.186853 0.825934 -0.444460
vn -0.000000 0.630209 -0.776425
vt 0.452299 0.627878
v -0.344723 0.218618 0.423738
vn -0.991334 -0.000001 0.131364
vt 0.293789 0.988889
v -0.284259 0.157626 0.415726
vn -0.700979 -0.707107 0.092888
vt 0.291831 0.974106
v -0.276247 0.218618 0.476189
vn -0.608091 -0.000001 0.793867
vt 0.306613 0.972147
v -0.000000 0.825934 -0.054853
vn 0.540374 0.841425 0.000000
vt 0.750871 0.121061
v 0.186853 0.705934 -0.152255
vn 0.540374 0.841425 0.000000
vt 0.721532 0.097247
v 0.186853 0.705934 -0.347058
vn 0.540374 0.841425 0.000000
vt 0.721532 0.049620
v -0.000000 0.825934 -0.444460
vn 0.540374 0.841425 0.000000
vt 0.750871 0.025806
v -0.186854 0.705934 -0.152255
vn -0.540375 0.841425 0.000000
vt 0.155994 0.651692
v -0.000000 0.825934 -0.054853
vn -0.540375 0.841425 0.000000
vt 0.201678 0.627878
v -0.000000 0.825934 -0.444460
vn -0.540375 0.841425 0.000000
vt 0.201678 0.723134
v -0.186854 0.705934 -0.347058
vn -0.540375 0.841425 0.000000
vt 0.155994 0.699320
v 0.186853 0.705934 -0.152255
vn 0.707107 -0.707107 -0.000000
vt 0.721532 0.097247
v 0.186853 0.705934 0.042548
vn 0.707107 -0.707107 -0.000000
vt 0.721532 0.144875
v 0.166853 0.685934 0.022548
vn 0.707107 -0.707107 -0.000000
vt 0.716642 0.139985
v 0.166853 0.685934 -0.132255
vn 0.707107 -0.707107 -0.000000
vt 0.716642 0.102137
v 0.186853 0.705934 0.042548
vn 0.707107 0.000000 -0.707107
vt 0.721532 0.144875
v 0.186853 0.413537 0.042548
vn 0.707107 0.000000 -0.707107
vt 0.650044 0.144875
v 0.166854 0.413537 0.022548
vn 0.707107 0.000000 -0.707107
vt 0.650044 0.139985
v 0.166853 0.685934 0.022548
vn 0.707107 0.000000 -0.707107
vt 0.716642 0.139985
v 0.186853 0.705934 -0.347058
vn 0.707107 -0.707107 -0.000000
vt 0.721532 0.049620
v 0.186853 0.705934 -0.152255
vn 0.707107 -0.707107 -0.000000
vt 0.721532 0.097247
v 0.166853 0.685934 -0.172255
vn 0.707107 -0.707107 -0.000000
vt 0.716642 0.092358
v 0.166853 0.685934 -0.327058
vn 0.707107 -0.707107 -0.000000
vt 0.716642 0.054510
v 0.186853 0.705934 -0.152255
vn 0.707107 0.000001 -0.707107
vt 0.721532 0.097247
v 0.186853 0.413537 -0.152255
vn 0.707107 0.000001 -0.707107
vt 0.650044 0.097247
v 0.166854 0.413537 -0.172255
vn 0.707107 0.000001 -0.707107
vt 0.650044 0.092358
v 0.166853 0.685934 -0.172255
vn 0.707107 0.000001 -0.707107
vt 0.716642 0.092358
v 0.186853 0.705934 -0.541861
vn 0.707107 -0.707106 -0.000000
vt 0.721532 0.001992
v 0.186853 0.705934 -0.347058
vn 0.707107 -0.707106 -0.000000
vt 0.721532 0.049620
v 0.166853 0.685934 -0.367058
vn 0.707107 -0.707106 -0.000000
vt 0.716642 0.044730
v 0.166853 0.685934 -0.521861
vn 0.707107 -0.707106 -0.000000
vt 0.716642 0.006882
v 0.186853 0.705934 -0.347058
vn 0.707106 0.000001 -0.707107
vt 0.721532 0.049620
v 0.186853 0.413537 -0.347058
vn 0.707106 0.000001 -0.707107
vt 0.650044 0.049620
v 0.166853 0.413537 -0.367058
vn 0.707106 0.000001 -0.707107
vt 0.650044 0.044730
v 0.166853 0.685934 -0.367058
vn 0.707106 0.000001 -0.707107
vt 0.716642 0.044730
v 0.186853 0.705934 0.042548
vn 0.707108 0.707106 0.000000
vt 0.721532 0.144875
v 0.186853 0.705934 -0.152255
vn 0.707108 0.707106 0.000000
vt 0.721532 0.097247
v 0.166853 0.725934 -0.110262
vn 0.707108 0.707106 0.000000
vt 0.726422 0.107514
v 0.166853 0.725934 0.000556
vn 0.707108 0.707106 0.000000
vt 0.726422 0.134608
v 0.186853 0.705934 -0.152255
vn 0.707107 -0.445625 0.549016
vt 0.721532 0.097247
v 0.186853 0.825934 -0.054853
vn 0.707107 -0.445625 0.549016
vt 0.750871 0.121061
v 0.166853 0.794198 -0.054853
vn 0.707107 -0.445625 0.549016
vt 0.743112 0.121061
v 0.166853 0.725934 -0.110262
vn 0.707107 -0.445625 0.549016
vt 0.726422 0.107514
v 0.186853 0.825934 -0.054853
vn 0.707107 -0.445624 -0.549016
vt 0.750871 0.121061
v 0.186853 0.705934 0.042548
vn 0.707107 -0.445624 -0.549016
vt 0.721532 0.144875
v 0.166853 0.725934 0.000556
vn 0.707107 -0.445624 -0.549016
vt 0.726422 0.134608
v 0.166853 0.794198 -0.054853
vn 0.707107 -0.445624 -0.549016
vt 0.743112 0.121061
v 0.186853 0.705934 -0.347058
vn 0.707107 0.707106 0.000000
vt 0.721532 0.049620
v 0.186853 0.705934 -0.541861
vn 0.707107 0.707106 0.000000
vt 0.721532 0.001992
v 0.166853 0.725934 -0.499869
vn 0.707107 0.707106 0.000000
vt 0.726422 0.012259
v 0.166853 0.725934 -0.389051
vn 0.707107 0.707106 0.000000
vt 0.726422 0.039353
v 0.186853 0.705934 -0.541861
vn 0.707107 -0.445625 0.549016
vt 0.721532 0.001992
v 0.186853 0.825934 -0.444460
vn 0.707107 -0.445625 0.549016
vt 0.750871 0.025806
v 0.166853 0.794198 -0.444460
vn 0.707107 -0.445625 0.549016
vt 0.743112 0.025806
v 0.166853 0.725934 -0.499869
vn 0.707107 -0.445625 0.549016
vt 0.726422 0.012259
v 0.186853 0.825934 -0.444460
vn 0.707107 -0.445625 -0.549016
vt 0.750871 0.025806
v 0.186853 0.705934 -0.347058
vn 0.707107 -0.445625 -0.549016
vt 0.721532 0.049620
v 0.166853 0.725934 -0.389051
vn 0.707107 -0.445625 -0.549016
vt 0.726422 0.039353
v 0.166853 0.794198 -0.444460
vn 0.707107 -0.445625 -0.549016
vt 0.743112 0.025806
v -0.186854 0.705934 0.042548
vn -0.707106 -0.707107 -0.000000
vt 0.829536 0.001992
v -0.186854 0.705934 -0.152255
vn -0.707106 -0.707107 -0.000000
vt 0.829536 0.049620
v -0.166854 0.685934 -0.132255
vn -0.707106 -0.707107 -0.000000
vt 0.824646 0.044730
v -0.166854 0.685934 0.022548
vn -0.707106 -0.707107 -0.000000
vt 0.824646 0.006882
v -0.186854 0.705934 -0.152255
vn -0.707107 -0.000001 0.707106
vt 0.829536 0.049620
v -0.186854 0.413537 -0.152255
vn -0.707107 -0.000001 0.707106
vt 0.758048 0.049620
v -0.166854 0.413537 -0.132255
vn -0.707107 -0.000001 0.707106
vt 0.758048 0.044730
v -0.166854 0.685934 -0.132255
vn -0.707107 -0.000001 0.707106
vt 0.824646 0.044730
v -0.186854 0.705934 -0.152255
vn -0.707107 -0.707107 -0.000000
vt 0.829536 0.049620
v -0.186854 0.705934 -0.347058
vn -0.707107 -0.707107 -0.000000
vt 0.829536 0.097247
v -0.166854 0.685934 -0.327058
vn -0.707107 -0.707107 -0.000000
vt 0.824646 0.092358
v -0.166854 0.685934 -0.172255
vn -0.707107 -0.707107 -0.000000
vt 0.824646 0.054510
v -0.186854 0.705934 -0.347058
vn -0.707106 -0.000000 0.707107
vt 0.829536 0.097247
v -0.186854 0.413537 -0.347058
vn -0.707106 -0.000000 0.707107
vt 0.758048 0.097247
v -0.166854 0.413537 -0.327058
vn -0.707106 -0.000000 0.707107
vt 0.758048 0.092358
v -0.166854 0.685934 -0.327058
vn -0.707106 -0.000000 0.707107
vt 0.824646 0.092358
v -0.186854 0.705934 -0.347058
vn -0.707107 -0.707106 -0.000000
vt 0.829536 0.097247
v -0.186854 0.705934 -0.541861
vn -0.707107 -0.707106 -0.000000
vt 0.829536 0.144875
v -0.166854 0.685934 -0.521862
vn -0.707107 -0.707106 -0.000000
vt 0.824646 0.139985
v -0.166854 0.685934 -0.367058
vn -0.707107 -0.707106 -0.000000
vt 0.824646 0.102137
v -0.186854 0.705934 -0.541861
vn -0.707106 -0.000000 0.707107
vt 0.829536 0.144875
v -0.186854 0.413537 -0.541862
vn -0.707106 -0.000000 0.707107
vt 0.758048 0.144875
v -0.166854 0.413537 -0.521862
vn -0.707106 -0.000000 0.707107
vt 0.758048 0.139985
v -0.166854 0.685934 -0.521862
vn -0.707106 -0.000000 0.707107
vt 0.824646 0.139985
v -0.186854 0.705934 0.042548
vn -0.707107 -0.445625 -0.549016
vt 0.829536 0.001992
v -0.186854 0.825934 -0.054853
vn -0.707107 -0.445625 -0.549016
vt 0.858875 0.025806
v -0.166854 0.794198 -0.054853
vn -0.707107 -0.445625 -0.549016
vt 0.851116 0.025806
v -0.166854 0.725934 0.000556
vn -0.707107 -0.445625 -0.549016
vt 0.834426 0.012259
v -0.186854 0.825934 -0.054853
vn -0.707106 -0.445626 0.549016
vt 0.858875 0.025806
v -0.186854 0.705934 -0.152255
vn -0.707106 -0.445626 0.549016
vt 0.829536 0.049620
v -0.166854 0.725934 -0.110262
vn -0.707106 -0.445626 0.549016
vt 0.834426 0.039353
v -0.166854 0.794198 -0.054853
vn -0.707106 -0.445626 0.549016
vt 0.851116 0.025806
v -0.186854 0.705934 -0.152255
vn -0.707108 0.707106 0.000000
vt 0.829536 0.049620
v -0.186854 0.705934 0.042548
vn -0.707108 0.707106 0.000000
vt 0.829536 0.001992
v -0.166854 0.725934 0.000556
vn -0.707108 0.707106 0.000000
vt 0.834426 0.012259
v -0.166854 0.725934 -0.110262
vn -0.707108 0.707106 0.000000
vt 0.834426 0.039353
v -0.186854 0.705934 -0.347058
vn -0.707106 -0.445625 -0.549016
vt 0.829536 0.097247
v -0.186854 0.825934 -0.444460
vn -0.707106 -0.445625 -0.549016
vt 0.858875 0.121061
v -0.166854 0.794198 -0.444460
vn -0.707106 -0.445625 -0.549016
vt 0.851116 0.121061
v -0.166854 0.725934 -0.389051
vn -0.707106 -0.445625 -0.549016
vt 0.834426 0.107514
v -0.186854 0.825934 -0.444460
vn -0.707106 -0.445626 0.549016
vt 0.858875 0.121061
v -0.186854 0.705934 -0.541861
vn -0.707106 -0.445626 0.549016
vt 0.829536 0.144875
v -0.166854 0.725934 -0.499869
vn -0.707106 -0.445626 0.549016
vt 0.834426 0.134608
v -0.166854 0.794198 -0.444460
vn -0.707106 -0.445626 0.549016
vt 0.851116 0.121061
v -0.186854 0.705934 -0.541861
vn -0.707108 0.707106 0.000000
vt 0.829536 0.144875
v -0.186854 0.705934 -0.347058
vn -0.707108 0.707106 0.000000
vt 0.829536 0.097247
v -0.166854 0.725934 -0.389051
vn -0.707108 0.707106 0.000000
vt 0.834426 0.107514
v -0.166854 0.725934 -0.499869
vn -0.707108 0.707106 0.000000
vt 0.834426 0.134608
v -0.166854 0.413537 0.022548
vn -1.000000 -0.000000 -0.000000
vt 0.758048 0.006882
v -0.166854 0.685934 0.022548
vn -1.000000 -0.000000 -0.000000
vt 0.824646 0.006882
v -0.166854 0.685934 -0.132255
vn -1.000000 -0.000000 -0.000000
vt 0.824646 0.044730
v -0.166854 0.413537 -0.132255
vn -1.000000 -0.000000 -0.000000
vt 0.758048 0.044730
v -0.166854 0.413537 -0.172255
vn -1.000000 -0.000000 -0.000000
vt 0.758048 0.054510
v -0.166854 0.685934 -0.172255
vn -1.000000 -0.000000 -0.000000
vt 0.824646 0.054510
v -0.166854 0.685934 -0.327058
vn -1.000000 -0.000000 -0.000000
vt 0.824646 0.092358
v -0.166854 0.413537 -0.327058
vn -1.000000 -0.000000 -0.000000
vt 0.758048 0.092358
v -0.166854 0.413537 -0.367058
vn -1.000000 -0.000000 -0.000000
vt 0.758048 0.102137
v -0.166854 0.685934 -0.367058
vn -1.000000 -0.000000 -0.000000
vt 0.824646 0.102137
v -0.166854 0.685934 -0.521862
vn -1.000000 -0.000000 -0.000000
vt 0.824646 0.139985
v -0.166854 0.413537 -0.521862
vn -1.000000 -0.000000 -0.000000
vt 0.758048 0.139985
v 0.166854 0.413537 -0.132255
vn 1.000000 0.000000 0.000000
vt 0.650044 0.102137
v 0.166853 0.685934 -0.132255
vn 1.000000 0.000000 0.000000
vt 0.716642 0.102137
v 0.166853 0.685934 0.022548
vn 1.000000 0.000000 0.000000
vt 0.716642 0.139985
v 0.166854 0.413537 0.022548
vn 1.000000 0.000000 0.000000
vt 0.650044 0.139985
v 0.166854 0.413537 -0.327058
vn 1.000000 0.000000 0.000000
vt 0.650044 0.054510
v 0.166853 0.685934 -0.327058
vn 1.000000 0.000000 0.000000
vt 0.716642 0.054510
v 0.166853 0.685934 -0.172255
vn 1.000000 0.000000 0.000000
vt 0.716642 0.092358
v 0.166854 0.413537 -0.172255
vn 1.000000 0.000000 0.000000
vt 0.650044 0.092358
v 0.166854 0.413537 -0.521862
vn 1.000000 0.000000 0.000000
vt 0.650044 0.006882
v 0.166853 0.685934 -0.521861
vn 1.000000 0.000000 0.000000
vt 0.716642 0.006882
v 0.166853 0.685934 -0.367058
vn 1.000000 0.000000 0.000000
vt 0.716642 0.044730
v 0.166853 0.413537 -0.367058
vn 1.000000 0.000000 0.000000
vt 0.650044 0.044730
v -0.186854 0.413537 -0.541862
vn -0.000000 0.000001 -1.000000
vt 0.360931 0.728706
v -0.186854 0.705934 -0.541861
vn -0.000000 0.000001 -1.000000
vt 0.360931 0.657217
v -0.000000 0.705934 -0.541861
vn -0.000000 0.000001 -1.000000
vt 0.406615 0.657217
v -0.002099 0.413537 -0.541862
vn -0.000000 0.000001 -1.000000
vt 0.406102 0.728706
v 0.186853 0.705934 -0.541861
vn -0.000000 0.000001 -1.000000
vt 0.452299 0.657217
v 0.186853 0.413537 -0.541862
vn -0.000000 0.000001 -1.000000
vt 0.452299 0.728706
v 0.186853 0.413537 0.042548
vn 0.000000 -0.000000 1.000000
vt 0.355265 0.627878
v 0.186853 0.705934 0.042548
vn 0.000000 -0.000000 1.000000
vt 0.355265 0.699367
v -0.000000 0.705934 0.042548
vn 0.000000 -0.000000 1.000000
vt 0.309580 0.699367
v -0.000000 0.413537 0.042548
vn 0.000000 -0.000000 1.000000
vt 0.309580 0.627878
v -0.186854 0.705934 0.042548
vn 0.000000 -0.000000 1.000000
vt 0.263896 0.699367
v -0.186854 0.413537 0.042548
vn 0.000000 -0.000000 1.000000
vt 0.263896 0.627878
v 0.186853 0.413537 -0.152255
vn 0.707107 -0.000000 0.707106
vt 0.650044 0.097247
v 0.186853 0.705934 -0.152255
vn 0.707107 -0.000000 0.707106
vt 0.721532 0.097247
v 0.166853 0.685934 -0.132255
vn 0.707107 -0.000000 0.707106
vt 0.716642 0.102137
v 0.166854 0.413537 -0.132255
vn 0.707107 -0.000000 0.707106
vt 0.650044 0.102137
v -0.000000 0.894099 -0.714070
vn 0.000001 -1.000000 0.000000
vt 0.097545 0.957354
v -0.033165 0.912432 -0.759717
vn -0.343294 -0.811719 -0.472505
vt 0.089437 0.946194
v -0.000000 0.912432 -0.770492
vn 0.000000 -0.811720 -0.584047
vt 0.097545 0.943559
v 0.033164 0.912432 -0.759717
vn 0.343294 -0.811720 -0.472504
vt 0.105654 0.946194
v 0.053661 0.912432 -0.731505
vn 0.555462 -0.811720 -0.180481
vt 0.110665 0.953091
v 0.053661 0.912432 -0.696634
vn 0.555462 -0.811719 0.180481
vt 0.110665 0.961617
v 0.033164 0.912432 -0.668423
vn 0.343295 -0.811720 0.472503
vt 0.105654 0.968515
v -0.000000 0.912432 -0.657647
vn 0.000001 -0.811720 0.584047
vt 0.097545 0.971149
v -0.033165 0.912432 -0.668423
vn -0.343294 -0.811719 0.472505
vt 0.089437 0.968515
v -0.053662 0.912432 -0.696634
vn -0.555462 -0.811720 0.180481
vt 0.084426 0.961617
v -0.053662 0.912432 -0.731505
vn -0.555462 -0.811720 -0.180481
vt 0.084426 0.953091
v -0.000000 1.086084 -0.714070
vn -0.000001 1.000000 -0.000000
vt 0.723474 0.465546
v -0.053662 1.067751 -0.696634
vn -0.555462 0.811720 0.180480
vt 0.710354 0.461283
v -0.033165 1.067751 -0.668423
vn -0.343294 0.811719 0.472505
vt 0.715365 0.454385
v -0.000000 1.067751 -0.657647
vn -0.000000 0.811719 0.584048
vt 0.723474 0.451751
v 0.033164 1.067751 -0.668423
vn 0.343294 0.811720 0.472504
vt 0.731582 0.454385
v 0.053661 1.067751 -0.696634
vn 0.555462 0.811720 0.180479
vt 0.736594 0.461283
v 0.053661 1.067751 -0.731505
vn 0.555461 0.811720 -0.180482
vt 0.736594 0.469808
v 0.033164 1.067751 -0.759717
vn 0.343294 0.811721 -0.472503
vt 0.731582 0.476706
v -0.000000 1.067751 -0.770492
vn -0.000000 0.811720 -0.584047
vt 0.723474 0.479340
v -0.033165 1.067751 -0.759717
vn -0.343295 0.811719 -0.472505
vt 0.715365 0.476706
v -0.053662 1.067751 -0.731505
vn -0.555462 0.811719 -0.180480
vt 0.710354 0.469808
v -0.086826 1.019755 -0.685858
vn -0.903704 0.311607 0.293631
vt 0.702246 0.458648
v -0.053662 1.019755 -0.640211
vn -0.558520 0.311607 0.768737
vt 0.710354 0.447488
v -0.000000 1.019755 -0.622776
vn -0.000000 0.311606 0.950211
vt 0.723474 0.443225
v 0.053661 1.019755 -0.640211
vn 0.558520 0.311607 0.768737
vt 0.736594 0.447488
v 0.086825 1.019755 -0.685858
vn 0.903705 0.311607 0.293630
vt 0.744702 0.458648
v 0.086825 1.019755 -0.742281
vn 0.903704 0.311608 -0.293633
vt 0.744702 0.472443
v 0.053661 1.019755 -0.787928
vn 0.558519 0.311608 -0.768737
vt 0.736593 0.483603
v -0.000000 1.019755 -0.805364
vn 0.000000 0.311608 -0.950211
vt 0.723474 0.487866
v -0.053662 1.019755 -0.787928
vn -0.558520 0.311608 -0.768737
vt 0.710354 0.483603
v -0.086826 1.019755 -0.742281
vn -0.903704 0.311607 -0.293631
vt 0.702246 0.472443
v -0.000001 1.226293 -0.440560
vn -0.000000 1.000000 0.000001
vt 0.506367 0.788687
v -0.104176 1.226293 -0.440560
vn -0.367896 0.929867 0.000001
vt 0.506367 0.814157
v -0.052088 1.226293 -0.350342
vn -0.183948 0.929867 0.318607
vt 0.484309 0.801422
v 0.052087 1.226293 -0.350342
vn 0.183947 0.929867 0.318608
vt 0.484309 0.775952
v 0.104175 1.226293 -0.440560
vn 0.367895 0.929867 0.000001
vt 0.506367 0.763217
v 0.052087 1.226293 -0.530779
vn 0.183948 0.929867 -0.318607
vt 0.528424 0.775952
v -0.052088 1.226293 -0.530779
vn -0.183948 0.929867 -0.318607
vt 0.528424 0.801422
v -0.125193 1.205275 -0.440560
vn -0.918502 0.395416 -0.000000
vt 0.506367 0.819296
v -0.062597 1.205275 -0.332140
vn -0.459251 0.395416 0.795446
vt 0.479859 0.803992
v 0.062596 1.205275 -0.332140
vn 0.459251 0.395416 0.795446
vt 0.479859 0.773383
v 0.125192 1.205275 -0.440560
vn 0.918502 0.395416 0.000001
vt 0.506367 0.758079
v 0.062596 1.205275 -0.548980
vn 0.459251 0.395416 -0.795446
vt 0.532875 0.773383
v -0.062597 1.205275 -0.548980
vn -0.459251 0.395415 -0.795447
vt 0.532875 0.803992
v 0.049078 0.617755 0.958513
vn -0.000001 0.242900 0.970051
vt 0.046493 0.941438
v 0.024539 0.658985 0.948189
vn -0.000001 0.242900 0.970051
vt 0.056573 0.947438
v -0.024539 0.658985 0.948189
vn -0.000001 0.242900 0.970051
vt 0.056573 0.959437
v -0.049078 0.617755 0.958513
vn -0.000001 0.242900 0.970051
vt 0.046493 0.965436
v -0.024539 0.576525 0.968836
vn -0.000001 0.242900 0.970051
vt 0.036412 0.959437
v 0.024539 0.576525 0.968836
vn -0.000001 0.242900 0.970051
vt 0.036412 0.947437
v 0.102308 0.421741 0.371023
vn 0.000000 -1.000000 -0.000000
vt 0.824730 0.245918
v 0.014682 0.421741 0.465025
vn 0.000000 -1.000000 -0.000000
vt 0.803306 0.268900
v -0.014683 0.421741 0.465025
vn 0.000000 -1.000000 -0.000000
vt 0.796127 0.268900
v -0.102308 0.421741 0.371023
vn 0.000000 -1.000000 -0.000000
vt 0.774703 0.245918
v -0.158676 0.421741 0.231138
vn 0.000000 -1.000000 -0.000000
vt 0.760922 0.211717
v -0.130608 0.421741 0.066827
vn 0.000000 -1.000000 -0.000000
vt 0.767784 0.171544
v -0.049666 0.421741 -0.027175
vn 0.000000 -1.000000 -0.000000
vt 0.787573 0.148562
v 0.049666 0.421741 -0.027175
vn 0.000000 -1.000000 -0.000000
vt 0.811859 0.148562
v 0.130608 0.421741 0.066827
vn 0.000000 -1.000000 -0.000000
vt 0.831649 0.171544
v 0.158675 0.421741 0.231138
vn 0.000000 -1.000000 -0.000000
vt 0.838511 0.211717
v 0.130608 0.421741 0.066827
vn 0.904736 0.000000 -0.425972
vt 0.866052 0.024975
v 0.049666 0.421741 -0.027175
vn 0.416831 0.000001 -0.908984
vt 0.866052 0.001992
v 0.049666 0.629865 -0.027175
vn 0.416831 0.000001 -0.908984
vt 0.916936 0.001992
v 0.130608 0.629865 0.066827
vn 0.904736 0.000000 -0.425972
vt 0.916936 0.024975
v 0.158675 0.421741 0.231138
vn 0.994288 0.000000 0.106728
vt 0.866052 0.065147
v 0.158675 0.629865 0.231138
vn 0.994288 0.000000 0.106728
vt 0.916936 0.065147
v 0.102308 0.421741 0.371023
vn 0.843689 -0.000000 0.536833
vt 0.866052 0.099348
v 0.102308 0.629865 0.371023
vn 0.843689 -0.000000 0.536833
vt 0.916936 0.099348
v 0.014682 0.421741 0.465025
vn 0.398834 -0.000000 0.917023
vt 0.866052 0.122331
v 0.014682 0.629865 0.465025
vn 0.398834 -0.000000 0.917023
vt 0.916936 0.122331
v -0.344723 0.218618 0.423738
vn -0.991334 -0.000001 0.131364
vt 0.317215 0.953549
v -0.276247 0.218618 0.476189
vn -0.608091 -0.000001 0.793867
vt 0.330039 0.953549
v -0.284259 0.279610 0.415726
vn -0.700979 0.707107 0.092889
vt 0.315256 0.968461
v -0.292271 0.218618 0.355262
vn -0.793867 0.000000 -0.608091
vt 0.300473 0.953549
v -0.284259 0.157626 0.415726
vn -0.700979 -0.707107 0.092888
vt 0.315256 0.938637
v -0.062597 1.165275 -0.548980
vn -0.459252 -0.395418 -0.795445
vt 0.050360 0.937751
v -0.052088 1.144258 -0.530779
vn -0.183948 -0.929867 -0.318606
vt 0.045222 0.933301
v -0.104176 1.144258 -0.440560
vn -0.367896 -0.929867 0.000000
vt 0.045221 0.911244
v -0.125193 1.165275 -0.440560
vn -0.918502 -0.395416 0.000001
vt 0.050360 0.911244
v -0.052088 1.144258 -0.350342
vn -0.183948 -0.929867 0.318607
vt 0.045221 0.889186
v -0.062597 1.165275 -0.332140
vn -0.459251 -0.395416 0.795446
vt 0.050360 0.884736
v -0.125193 1.205275 -0.440560
vn -0.918502 0.395416 -0.000000
vt 0.060140 0.911244
v -0.062597 1.205275 -0.332140
vn -0.459251 0.395416 0.795446
vt 0.060140 0.884736
v -0.310339 0.218618 0.582164
vn -0.972340 -0.000000 0.233569
vt 0.252112 0.996353
v -0.251034 0.157626 0.567918
vn -0.687548 -0.707107 0.165158
vt 0.248629 0.981853
v -0.236788 0.218618 0.627224
vn -0.522390 -0.000001 0.852706
vt 0.263129 0.978370
v -0.062597 1.165275 -0.332140
vn -0.459251 -0.395416 0.795446
vt 0.891403 0.480745
v -0.052088 1.144258 -0.350342
vn -0.183948 -0.929867 0.318607
vt 0.886264 0.478176
v 0.052087 1.144258 -0.350342
vn 0.183949 -0.929867 0.318607
vt 0.886264 0.452706
v 0.062596 1.165275 -0.332140
vn 0.459252 -0.395416 0.795446
vt 0.891403 0.450137
v -0.062597 1.205275 -0.332140
vn -0.459251 0.395416 0.795446
vt 0.901182 0.480745
v 0.062596 1.205275 -0.332140
vn 0.459251 0.395416 0.795446
vt 0.901182 0.450137
v -0.310339 0.218618 0.582164
vn -0.972340 -0.000000 0.233569
vt 0.461439 0.936633
v -0.236788 0.218618 0.627224
vn -0.522390 -0.000001 0.852706
vt 0.472456 0.936633
v -0.251034 0.279610 0.567918
vn -0.687549 0.707106 0.165158
vt 0.457956 0.951545
v -0.265280 0.218618 0.508613
vn -0.852707 0.000001 -0.522390
vt 0.443456 0.936633
v -0.251034 0.157626 0.567918
vn -0.687548 -0.707107 0.165158
vt 0.457956 0.921721
v 0.055057 0.731636 -0.334851
vn 0.997801 0.000000 -0.066275
vt 0.870425 0.351969
v 0.038921 0.731636 -0.373772
vn 0.707107 0.000001 -0.707106
vt 0.870425 0.342454
v 0.038921 0.941633 -0.373772
vn 0.707107 0.000001 -0.707106
vt 0.921767 0.342454
v 0.055057 0.941633 -0.334851
vn 0.997801 0.000000 -0.066275
vt 0.921767 0.351969
v 0.047761 0.731636 -0.307466
vn 0.869426 0.000000 0.494064
vt 0.870425 0.358665
v 0.047761 0.941633 -0.307466
vn 0.869426 0.000000 0.494064
vt 0.921767 0.358665
v 0.028552 0.731636 -0.287780
vn 0.715719 0.000000 0.698389
vt 0.870425 0.363478
v 0.028552 0.941633 -0.287780
vn 0.715719 0.000000 0.698389
vt 0.921767 0.363478
v -0.266546 0.218618 0.762169
vn -0.969169 0.000000 0.246398
vt 0.230702 0.998008
v -0.207434 0.157626 0.747140
vn -0.685306 -0.707107 0.174229
vt 0.227028 0.983556
v -0.192405 0.218618 0.806252
vn -0.511076 -0.000000 0.859535
vt 0.241480 0.979881
v -0.000000 0.731636 -0.389908
vn 0.000000 0.000001 -1.000000
vt 0.249144 0.941173
v -0.038921 0.731636 -0.373772
vn -0.707107 0.000000 -0.707106
vt 0.239629 0.941173
v -0.038921 0.941633 -0.373772
vn -0.707107 0.000000 -0.707106
vt 0.239629 0.889831
v -0.000000 0.941633 -0.389908
vn 0.000000 0.000001 -1.000000
vt 0.249144 0.889831
v 0.038921 0.731636 -0.373772
vn 0.707107 0.000001 -0.707106
vt 0.258660 0.941173
v 0.038921 0.941633 -0.373772
vn 0.707107 0.000001 -0.707106
vt 0.258660 0.889831
v -0.266546 0.218618 0.762169
vn -0.969169 0.000000 0.246398
vt 0.496249 0.934654
v -0.192405 0.218618 0.806252
vn -0.511076 -0.000000 0.859535
vt 0.507027 0.934654
v -0.207434 0.279610 0.747140
vn -0.685305 0.707107 0.174229
vt 0.492575 0.949566
v -0.222462 0.218618 0.688028
vn -0.859535 0.000001 -0.511076
vt 0.478122 0.934654
v -0.207434 0.157626 0.747140
vn -0.685306 -0.707107 0.174229
vt 0.492575 0.919742
v 0.086825 0.960428 -0.742281
vn 0.903704 -0.311607 -0.293633
vt 0.838185 0.421495
v 0.053661 0.912432 -0.731505
vn 0.555462 -0.811720 -0.180481
vt 0.826450 0.424129
v 0.033164 0.912432 -0.759717
vn 0.343294 -0.811720 -0.472504
vt 0.826450 0.417232
v 0.053661 0.960428 -0.787928
vn 0.558519 -0.311607 -0.768738
vt 0.838185 0.410335
v 0.053661 0.960428 -0.640211
vn 0.558520 -0.311608 0.768736
vt 0.838185 0.446450
v 0.033164 0.912432 -0.668423
vn 0.343295 -0.811720 0.472503
vt 0.826450 0.439553
v 0.053661 0.912432 -0.696634
vn 0.555462 -0.811719 0.180481
vt 0.826450 0.432655
v 0.086825 0.960428 -0.685858
vn 0.903705 -0.311607 0.293630
vt 0.838185 0.435290
v 0.086825 1.019755 -0.685858
vn 0.903705 0.311607 0.293630
vt 0.852690 0.435290
v 0.086825 1.019755 -0.742281
vn 0.903704 0.311608 -0.293633
vt 0.852690 0.421495
v -0.208683 0.218618 0.947029
vn -0.929759 -0.000001 0.368168
vt 0.106514 0.994330
v -0.151975 0.157626 0.924574
vn -0.657439 -0.707107 0.260333
vt 0.101024 0.980465
v -0.129519 0.218618 0.981282
vn -0.397105 -0.000001 0.917773
vt 0.114888 0.974975
v -0.062597 1.335770 0.271000
vn -0.459251 -0.395416 0.795447
vt 0.565179 0.868895
v -0.052088 1.314753 0.252798
vn -0.183948 -0.929867 0.318608
vt 0.560040 0.866326
v 0.052087 1.314753 0.252798
vn 0.183949 -0.929867 0.318607
vt 0.560040 0.840856
v 0.062596 1.335770 0.271000
vn 0.459251 -0.395416 0.795446
vt 0.565179 0.838286
v -0.062597 1.375770 0.271000
vn -0.459251 0.395416 0.795446
vt 0.574959 0.868895
v 0.062596 1.375770 0.271000
vn 0.459250 0.395416 0.795447
vt 0.574959 0.838286
v 0.125192 1.335770 0.162579
vn 0.918502 -0.395416 -0.000001
vt 0.565179 0.822982
v 0.125192 1.375770 0.162579
vn 0.918502 0.395416 0.000001
vt 0.574959 0.822982
v -0.047762 0.731636 -0.307466
vn -0.869427 -0.000001 0.494061
vt 0.813416 0.390437
v -0.028553 0.731636 -0.287781
vn -0.715722 -0.000001 0.698385
vt 0.813416 0.385624
v -0.028553 0.941632 -0.287780
vn -0.715722 -0.000001 0.698385
vt 0.864758 0.385624
v -0.047762 0.941633 -0.307466
vn -0.869427 -0.000001 0.494061
vt 0.864758 0.390437
v -0.055057 0.731636 -0.334851
vn -0.997801 -0.000000 -0.066275
vt 0.813416 0.397132
v -0.055058 0.941633 -0.334851
vn -0.997801 -0.000000 -0.066275
vt 0.864758 0.397132
v -0.038921 0.731636 -0.373772
vn -0.707107 0.000000 -0.707106
vt 0.813416 0.406648
v -0.038921 0.941633 -0.373772
vn -0.707107 0.000000 -0.707106
vt 0.864758 0.406648
v -0.208683 0.218618 0.947029
vn -0.929759 -0.000001 0.368168
vt 0.355061 0.953549
v -0.129519 0.218618 0.981282
vn -0.397105 -0.000001 0.917773
vt 0.363435 0.953549
v -0.151975 0.279610 0.924574
vn -0.657439 0.707107 0.260334
vt 0.349570 0.968461
v -0.174430 0.218618 0.867866
vn -0.917773 -0.000001 -0.397105
vt 0.335706 0.953549
v -0.151975 0.157626 0.924574
vn -0.657439 -0.707107 0.260333
vt 0.349570 0.938637
v 0.086825 1.019755 -0.742281
vn 0.903704 0.311608 -0.293633
vt 0.750847 0.408995
v 0.086825 0.960428 -0.742281
vn 0.903704 -0.311607 -0.293633
vt 0.765352 0.408995
v 0.053661 0.960428 -0.787928
vn 0.558519 -0.311607 -0.768738
vt 0.765352 0.417103
v 0.053661 1.019755 -0.787928
vn 0.558519 0.311608 -0.768737
vt 0.750847 0.417103
v -0.000000 0.960428 -0.805364
vn 0.000000 -0.311607 -0.950211
vt 0.765352 0.430223
v -0.000000 1.019755 -0.805364
vn 0.000000 0.311608 -0.950211
vt 0.750847 0.430223
v 0.033164 0.912432 -0.759717
vn 0.343294 -0.811720 -0.472504
vt 0.777087 0.422114
v -0.000000 0.912432 -0.770492
vn 0.000000 -0.811720 -0.584047
vt 0.777087 0.430223
v -0.033165 0.912432 -0.759717
vn -0.343294 -0.811719 -0.472505
vt 0.777087 0.438331
v -0.053662 0.960428 -0.787928
vn -0.558520 -0.311607 -0.768737
vt 0.765352 0.443343
v -0.053662 1.019755 -0.787928
vn -0.558520 0.311608 -0.768737
vt 0.750847 0.443343
v -0.086826 0.960428 -0.742281
vn -0.903704 -0.311608 -0.293632
vt 0.765352 0.451451
v -0.086826 1.019755 -0.742281
vn -0.903704 0.311607 -0.293631
vt 0.750847 0.451451
v -0.131651 0.218618 1.128311
vn -0.899000 -0.000001 0.437950
vt 0.048152 0.989059
v -0.076819 0.157626 1.101599
vn -0.635688 -0.707108 0.309677
vt 0.041621 0.975653
v -0.050107 0.218618 1.156431
vn -0.326011 -0.000001 0.945366
vt 0.055027 0.969123
v 0.104175 1.226293 -0.051526
vn 0.367895 0.929867 0.000000
vt 0.565049 0.763217
v 0.125192 1.205275 -0.051526
vn 0.918502 0.395417 -0.000000
vt 0.565049 0.758079
v 0.062596 1.205275 -0.159946
vn 0.459251 0.395418 -0.795446
vt 0.591557 0.773383
v 0.052087 1.226293 -0.141744
vn 0.183947 0.929867 -0.318606
vt 0.587107 0.775952
v -0.062597 1.205275 -0.159946
vn -0.459251 0.395417 -0.795445
vt 0.591557 0.803991
v -0.052088 1.226293 -0.141744
vn -0.183949 0.929867 -0.318605
vt 0.587107 0.801422
v -0.125193 1.205275 -0.051526
vn -0.918502 0.395416 0.000000
vt 0.565049 0.819296
v -0.104176 1.226293 -0.051526
vn -0.367896 0.929867 0.000001
vt 0.565049 0.814157
v -0.062597 1.205275 0.056894
vn -0.459251 0.395415 0.795447
vt 0.538541 0.803991
v -0.052088 1.226293 0.038693
vn -0.183948 0.929867 0.318608
vt 0.542992 0.801422
v 0.062596 1.205275 0.056894
vn 0.459251 0.395416 0.795446
vt 0.538541 0.773383
v 0.052087 1.226293 0.038693
vn 0.183948 0.929867 0.318608
vt 0.542992 0.775952
v -0.000001 1.226293 -0.051526
vn -0.000000 1.000000 0.000000
vt 0.565049 0.788687
v -0.038921 0.941632 -0.111208
vn -0.000000 1.000000 0.000000
vt 0.383979 0.736337
v -0.055058 0.941632 -0.240986
vn -0.000000 1.000000 0.000000
vt 0.380034 0.768067
v -0.048460 0.941632 -0.214876
vn -0.000000 1.000000 0.000000
vt 0.381647 0.761683
v -0.030954 0.941632 -0.195652
vn -0.000000 1.000000 0.000000
vt 0.385927 0.756983
v -0.048460 0.941632 -0.176263
vn -0.000000 1.000000 0.000000
vt 0.381647 0.752243
v -0.055058 0.941632 -0.150129
vn -0.000000 1.000000 0.000000
vt 0.380034 0.745853
v -0.000000 0.941632 -0.095072
vn -0.000000 1.000000 0.000000
vt 0.393495 0.732392
v 0.038921 0.941632 -0.111208
vn -0.000000 1.000000 0.000000
vt 0.403011 0.736337
v 0.055057 0.941632 -0.150129
vn -0.000000 1.000000 0.000000
vt 0.406956 0.745853
v 0.048459 0.941632 -0.176263
vn -0.000000 1.000000 0.000000
vt 0.405343 0.752243
v 0.030954 0.941632 -0.195652
vn -0.000000 1.000000 0.000000
vt 0.401063 0.756983
v 0.048459 0.941632 -0.214876
vn -0.000000 1.000000 0.000000
vt 0.405343 0.761683
v 0.055057 0.941632 -0.240986
vn -0.000000 1.000000 0.000000
vt 0.406956 0.768067
v 0.047761 0.941633 -0.268336
vn -0.000000 1.000000 0.000000
vt 0.405172 0.774754
v 0.028552 0.941633 -0.287780
vn -0.000000 1.000000 0.000000
vt 0.400476 0.779508
v 0.047761 0.941633 -0.307466
vn -0.000000 1.000000 0.000000
vt 0.405172 0.784321
v 0.055057 0.941633 -0.334851
vn -0.000000 1.000000 0.000000
vt 0.406956 0.791016
v 0.038921 0.941633 -0.373772
vn -0.000000 1.000000 0.000000
vt 0.403011 0.800532
v -0.000000 0.941633 -0.389908
vn -0.000000 1.000000 0.000000
vt 0.393495 0.804477
v -0.038921 0.941633 -0.373772
vn -0.000000 1.000000 0.000000
vt 0.383979 0.800532
v -0.055058 0.941633 -0.334851
vn -0.000000 1.000000 0.000000
vt 0.380034 0.791016
v -0.047762 0.941633 -0.307466
vn -0.000000 1.000000 0.000000
vt 0.381818 0.784321
v -0.028553 0.941632 -0.287780
vn -0.000000 1.000000 0.000000
vt 0.386514 0.779508
v -0.047762 0.941632 -0.268337
vn -0.000000 1.000000 0.000000
vt 0.381818 0.774754
v -0.131651 0.218618 1.128311
vn -0.899000 -0.000001 0.437950
vt 0.532630 0.888721
v -0.050107 0.218618 1.156431
vn -0.326011 -0.000001 0.945366
vt 0.539505 0.888721
v -0.076819 0.279610 1.101599
vn -0.635689 0.707107 0.309677
vt 0.526099 0.903633
v -0.103530 0.218618 1.046767
vn -0.945366 -0.000001 -0.326012
vt 0.512693 0.888721
v -0.076819 0.157626 1.101599
vn -0.635688 -0.707108 0.309677
vt 0.526099 0.873809
v -0.180970 0.838823 0.218925
vn -0.419875 -0.904179 0.078525
vt 0.459469 0.626113
v -0.187119 0.838823 0.066827
vn -0.551835 -0.787672 -0.273953
vt 0.457966 0.588926
v -0.099270 0.800457 0.027850
vn -0.551835 -0.787672 -0.273953
vt 0.479444 0.579396
v -0.114526 0.800457 0.136001
vn -0.419875 -0.904179 0.078525
vt 0.475714 0.605838
v -0.109431 0.838823 0.349763
vn -0.342076 -0.916287 0.208333
vt 0.476960 0.658101
v -0.077812 0.800457 0.244152
vn -0.342076 -0.916287 0.208333
vt 0.484691 0.632280
v -0.033783 0.838823 0.443765
vn -0.153371 -0.952279 0.263897
vt 0.495455 0.681084
v -0.024022 0.800457 0.310993
vn -0.153371 -0.952279 0.263897
vt 0.497842 0.648622
v 0.033783 0.838823 0.443765
vn 0.153371 -0.952279 0.263897
vt 0.511974 0.681084
v 0.024021 0.800457 0.310993
vn 0.153371 -0.952279 0.263897
vt 0.509588 0.648622
v 0.109430 0.838823 0.349763
vn 0.342076 -0.916287 0.208334
vt 0.530470 0.658101
v 0.077811 0.800457 0.244152
vn 0.342076 -0.916287 0.208334
vt 0.522739 0.632280
v 0.180969 0.838823 0.218925
vn 0.419875 -0.904178 0.078525
vt 0.547960 0.626113
v 0.114526 0.800457 0.136001
vn 0.419875 -0.904178 0.078525
vt 0.531715 0.605838
v 0.187118 0.838823 0.066827
vn 0.551836 -0.787672 -0.273953
vt 0.549464 0.588926
v 0.099270 0.800457 0.027850
vn 0.551836 -0.787672 -0.273953
vt 0.527985 0.579396
v 0.121548 0.423090 0.513258
vn 0.865350 0.000001 -0.501168
vt 0.714846 0.283115
v 0.078485 0.423090 0.470195
vn 0.501168 0.000001 -0.865350
vt 0.714846 0.272587
v 0.078485 0.633087 0.470195
vn 0.501168 0.000001 -0.865350
vt 0.766189 0.272587
v 0.121548 0.633087 0.513259
vn 0.865350 0.000001 -0.501168
vt 0.766189 0.283115
v 0.137945 0.423090 0.573798
vn 0.991268 0.000000 -0.131864
vt 0.714846 0.297917
v 0.137945 0.633087 0.573798
vn 0.991268 0.000000 -0.131864
vt 0.766189 0.297917
v 0.137945 0.423090 0.637278
vn 0.991268 0.000000 0.131864
vt 0.714846 0.313437
v 0.137945 0.633087 0.637278
vn 0.991268 0.000000 0.131864
vt 0.766189 0.313437
v 0.121548 0.423090 0.697818
vn 0.865350 -0.000000 0.501169
vt 0.714846 0.328238
v 0.121548 0.633087 0.697818
vn 0.865350 -0.000000 0.501169
vt 0.766189 0.328238
v 0.078485 0.423090 0.740881
vn 0.501168 -0.000000 0.865350
vt 0.714846 0.338767
v 0.078485 0.633087 0.740881
vn 0.501168 -0.000000 0.865350
vt 0.766189 0.338767
v 0.187859 0.422444 -0.848292
vn -0.000000 1.000000 0.000000
vt 0.504902 0.497429
v 0.012754 0.422444 -1.168472
vn -0.000000 1.000000 0.000000
vt 0.462090 0.575710
v -0.012754 0.422444 -1.168472
vn -0.000000 1.000000 0.000000
vt 0.455854 0.575710
v -0.187859 0.422444 -0.848292
vn -0.000000 1.000000 0.000000
vt 0.413042 0.497429
v 0.294948 0.422444 -0.424146
vn -0.000000 1.000000 0.000000
vt 0.531084 0.393729
v -0.294949 0.422444 -0.424146
vn -0.000000 1.000000 0.000000
vt 0.386860 0.393729
v 0.315505 0.422444 0.000000
vn -0.000000 1.000000 0.000000
vt 0.536110 0.290029
v -0.315506 0.422444 0.000000
vn -0.000000 1.000000 0.000000
vt 0.381834 0.290029
v 0.287822 0.422444 0.424146
vn -0.000000 1.000000 0.000000
vt 0.529342 0.186329
v -0.287823 0.422443 0.424146
vn -0.000000 1.000000 0.000000
vt 0.388602 0.186329
v 0.183513 0.422443 0.848292
vn -0.000000 1.000000 0.000000
vt 0.503840 0.082629
v -0.183514 0.422443 0.848292
vn -0.000000 1.000000 0.000000
vt 0.414105 0.082629
v 0.013237 0.422443 1.178107
vn -0.000000 1.000000 0.000000
vt 0.462208 0.001992
v -0.013237 0.422443 1.178107
vn -0.000000 1.000000 0.000000
vt 0.455736 0.001992
v -0.048460 0.731636 -0.214876
vn -0.880883 -0.000000 0.473334
vt 0.813416 0.367799
v -0.030954 0.731636 -0.195652
vn -0.739385 -0.000000 0.673283
vt 0.813416 0.363099
v -0.030954 0.941632 -0.195652
vn -0.739385 -0.000000 0.673283
vt 0.864758 0.363099
v -0.048460 0.941632 -0.214876
vn -0.880883 -0.000000 0.473334
vt 0.864758 0.367799
v -0.055057 0.731636 -0.240986
vn -0.999978 -0.000000 -0.006590
vt 0.813416 0.374183
v -0.055058 0.941632 -0.240986
vn -0.999978 -0.000000 -0.006590
vt 0.864758 0.374183
v -0.047762 0.731636 -0.268337
vn -0.867820 -0.000000 -0.496879
vt 0.813416 0.380870
v -0.047762 0.941632 -0.268337
vn -0.867820 -0.000000 -0.496879
vt 0.864758 0.380870
v -0.028553 0.731636 -0.287781
vn -0.711397 0.000000 -0.702790
vt 0.813416 0.385624
v -0.028553 0.941632 -0.287780
vn -0.711397 0.000000 -0.702790
vt 0.864758 0.385624
v -0.049666 0.421741 -0.027175
vn -0.416831 0.000000 -0.908984
vt 0.385423 0.928245
v -0.130608 0.421741 0.066827
vn -0.904737 -0.000000 -0.425972
vt 0.365633 0.928245
v -0.130608 0.629865 0.066827
vn -0.904737 -0.000000 -0.425972
vt 0.365633 0.877361
v -0.049666 0.629865 -0.027175
vn -0.416831 0.000000 -0.908984
vt 0.385423 0.877361
v 0.049666 0.421741 -0.027175
vn 0.416831 0.000001 -0.908984
vt 0.409709 0.928245
v 0.049666 0.629865 -0.027175
vn 0.416831 0.000001 -0.908984
vt 0.409709 0.877361
v 0.049078 0.563591 0.742202
vn 1.000000 0.000000 0.000000
vt 0.123338 0.827891
v 0.024539 0.604821 0.731879
vn 0.500000 0.840089 -0.210357
vt 0.133418 0.825366
v 0.024539 0.658985 0.948189
vn 0.500000 0.840089 -0.210357
vt 0.146661 0.878252
v 0.049078 0.617755 0.958513
vn 1.000000 0.000000 0.000000
vt 0.136580 0.880776
v 0.024539 0.522361 0.752526
vn 0.500000 -0.840089 0.210357
vt 0.113257 0.830415
v 0.024539 0.576525 0.968836
vn 0.500000 -0.840089 0.210357
vt 0.126500 0.883300
v 0.104175 1.144258 -0.440560
vn 0.367897 -0.929866 0.000000
vt 0.337289 0.884010
v -0.000001 1.144258 -0.440560
vn 0.000000 -1.000000 -0.000001
vt 0.337289 0.909480
v 0.052087 1.144258 -0.530779
vn 0.183949 -0.929867 -0.318606
vt 0.315231 0.896745
v -0.052088 1.144258 -0.530779
vn -0.183948 -0.929867 -0.318606
vt 0.315231 0.922215
v -0.104176 1.144258 -0.440560
vn -0.367896 -0.929867 0.000000
vt 0.337289 0.934950
v -0.052088 1.144258 -0.350342
vn -0.183948 -0.929867 0.318607
vt 0.359347 0.922215
v 0.052087 1.144258 -0.350342
vn 0.183949 -0.929867 0.318607
vt 0.359347 0.896745
v -0.094682 0.663087 -0.787190
vn 0.000000 1.000000 0.000000
vt 0.754883 0.390975
v -0.000000 0.663087 -0.710470
vn -0.000000 1.000000 0.000001
vt 0.778032 0.372218
v -0.062926 0.663087 -0.818946
vn 0.000000 1.000000 0.000000
vt 0.762647 0.398739
v -0.013955 0.663087 -0.832210
vn 0.000000 1.000000 0.000001
vt 0.774620 0.401982
v 0.013954 0.663087 -0.832210
vn -0.000000 1.000000 0.000001
vt 0.781444 0.401982
v 0.062925 0.663087 -0.818946
vn -0.000000 1.000000 0.000000
vt 0.793417 0.398739
v 0.094682 0.663087 -0.787190
vn -0.000000 1.000000 0.000001
vt 0.801181 0.390975
v 0.107945 0.663087 -0.738219
vn -0.000000 1.000000 0.000001
vt 0.804424 0.379002
v 0.107945 0.663087 -0.682721
vn -0.000000 1.000000 -0.000001
vt 0.804424 0.365434
v 0.094682 0.663087 -0.633750
vn 0.000000 1.000000 -0.000001
vt 0.801181 0.353461
v 0.062925 0.663087 -0.601994
vn -0.000001 1.000000 0.000001
vt 0.793417 0.345696
v 0.013954 0.663087 -0.588730
vn -0.000001 1.000000 0.000001
vt 0.781444 0.342454
v -0.013955 0.663087 -0.588730
vn -0.000000 1.000000 0.000002
vt 0.774620 0.342454
v -0.062926 0.663087 -0.601994
vn -0.000000 1.000000 0.000002
vt 0.762647 0.345696
v -0.094682 0.663087 -0.633750
vn -0.000000 1.000000 0.000000
vt 0.754883 0.353461
v -0.107946 0.663087 -0.682721
vn 0.000000 1.000000 -0.000001
vt 0.751640 0.365434
v -0.107946 0.663087 -0.738219
vn -0.000000 1.000000 0.000001
vt 0.751640 0.379002
v -0.000000 0.705934 0.042548
vn -0.000000 0.630209 0.776426
vt 0.309580 0.699367
v 0.186853 0.705934 0.042548
vn -0.000000 0.630209 0.776426
vt 0.355265 0.699367
v 0.186853 0.825934 -0.054853
vn -0.000000 0.630209 0.776426
vt 0.355265 0.728706
v -0.000000 0.825934 -0.054853
vn -0.000000 0.630209 0.776426
vt 0.309580 0.728706
v -0.186854 0.825934 -0.054853
vn -0.000000 0.630209 0.776426
vt 0.263896 0.728706
v -0.186854 0.705934 0.042548
vn -0.000000 0.630209 0.776426
vt 0.263896 0.699367
v 0.128555 0.218619 -1.099777
vn 0.940250 0.000001 -0.340484
vt 0.134845 0.974975
v 0.091974 0.218619 -1.021662
vn 0.905616 0.000001 0.424100
vt 0.125902 0.994074
v 0.071207 0.157627 -1.079010
vn 0.664858 -0.707106 -0.240759
vt 0.120824 0.980052
v 0.034078 0.476143 -0.837552
vn 1.000000 0.000000 0.000000
vt 0.152995 0.940817
v 0.017039 0.447636 -0.845190
vn 0.500000 -0.836516 -0.224144
vt 0.146025 0.938949
v 0.017039 0.501468 -1.046091
vn 0.500000 -0.836516 -0.224144
vt 0.159186 0.889831
v 0.034078 0.529975 -1.038453
vn 1.000000 0.000000 0.000000
vt 0.166156 0.891698
v 0.017039 0.504650 -0.829913
vn 0.500000 0.836516 0.224144
vt 0.159965 0.942684
v 0.017039 0.558482 -1.030814
vn 0.500000 0.836516 0.224144
vt 0.173126 0.893566
v 0.137945 0.633087 -0.742210
vn 0.697852 0.710201 -0.092832
vt 0.895793 0.297917
v 0.121548 0.633087 -0.802749
vn 0.601311 0.719130 -0.348249
vt 0.895793 0.283115
v 0.094682 0.663087 -0.787190
vn 0.601311 0.719130 -0.348249
vt 0.903128 0.286920
v 0.107945 0.663087 -0.738219
vn 0.697852 0.710201 -0.092832
vt 0.903128 0.298892
v 0.137945 0.633087 -0.678730
vn 0.697852 0.710201 0.092832
vt 0.895793 0.313437
v 0.107945 0.663087 -0.682721
vn 0.697852 0.710201 0.092832
vt 0.903128 0.312461
v 0.121548 0.633087 -0.618190
vn 0.601311 0.719130 0.348250
vt 0.895793 0.328238
v 0.094682 0.663087 -0.633750
vn 0.601311 0.719130 0.348250
vt 0.903128 0.324434
v 0.121548 0.423091 -0.802750
vn 0.865350 0.000000 -0.501168
vt 0.844451 0.283115
v 0.078485 0.423091 -0.845813
vn 0.501168 0.000001 -0.865350
vt 0.844451 0.272587
v 0.078485 0.633087 -0.845813
vn 0.501168 0.000001 -0.865350
vt 0.895793 0.272587
v 0.121548 0.633087 -0.802749
vn 0.865350 0.000000 -0.501168
vt 0.895793 0.283115
v 0.137945 0.423091 -0.742210
vn 0.991268 0.000000 -0.131864
vt 0.844451 0.297917
v 0.137945 0.633087 -0.742210
vn 0.991268 0.000000 -0.131864
vt 0.895793 0.297917
v 0.137945 0.423091 -0.678730
vn 0.991268 0.000000 0.131864
vt 0.844451 0.313437
v 0.137945 0.633087 -0.678730
vn 0.991268 0.000000 0.131864
vt 0.895793 0.313437
v 0.121548 0.423091 -0.618191
vn 0.865350 -0.000000 0.501169
vt 0.844451 0.328238
v 0.121548 0.633087 -0.618190
vn 0.865350 -0.000000 0.501169
vt 0.895793 0.328238
v 0.078485 0.423091 -0.575127
vn 0.501168 -0.000000 0.865350
vt 0.844451 0.338767
v 0.078485 0.633087 -0.575127
vn 0.501168 -0.000000 0.865350
vt 0.895793 0.338767
v 0.099270 0.615780 0.027850
vn 0.940819 0.000000 -0.338911
vt 0.676337 0.164998
v 0.058162 0.615780 -0.038991
vn 0.487922 0.000000 -0.872887
vt 0.676337 0.148656
v 0.058162 0.800457 -0.038991
vn 0.487922 0.000000 -0.872887
vt 0.721489 0.148656
v 0.099270 0.800457 0.027850
vn 0.940819 0.000000 -0.338911
vt 0.721489 0.164998
v 0.114526 0.615780 0.136001
vn 0.995626 0.000000 0.093428
vt 0.676337 0.191440
v 0.114526 0.800457 0.136001
vn 0.995626 0.000000 0.093428
vt 0.721489 0.191440
v 0.077811 0.615780 0.244152
vn 0.876407 0.000000 0.481571
vt 0.676337 0.217882
v 0.077811 0.800457 0.244152
vn 0.876407 0.000000 0.481571
vt 0.721489 0.217882
v 0.024021 0.615780 0.310993
vn 0.431887 -0.000000 0.901928
vt 0.676337 0.234224
v 0.024021 0.800457 0.310993
vn 0.431887 -0.000000 0.901928
vt 0.721489 0.234224
v 0.187118 0.838823 0.066827
vn 0.932178 0.000000 -0.362000
vt 0.730869 0.174527
v 0.081796 0.838823 -0.039376
vn 0.384607 0.000001 -0.923080
vt 0.730869 0.148562
v 0.081796 0.938566 -0.039376
vn 0.384607 0.000001 -0.923080
vt 0.755255 0.148562
v 0.187118 0.938566 0.066827
vn 0.932178 0.000000 -0.362000
vt 0.755255 0.174527
v 0.180969 0.838823 0.218925
vn 0.963668 0.000000 0.267102
vt 0.730869 0.211714
v 0.180969 0.938566 0.218925
vn 0.963668 0.000000 0.267102
vt 0.755255 0.211714
v 0.109430 0.838823 0.349763
vn 0.831499 -0.000000 0.555526
vt 0.730869 0.243703
v 0.109430 0.938565 0.349763
vn 0.831499 -0.000000 0.555526
vt 0.755255 0.243703
v 0.033783 0.838823 0.443765
vn 0.431887 -0.000000 0.901928
vt 0.730869 0.266686
v 0.033783 0.938566 0.443765
vn 0.431887 -0.000000 0.901928
vt 0.755255 0.266686
v 0.121548 0.633087 0.513259
vn 0.601311 0.719129 -0.348250
vt 0.766189 0.283115
v 0.078485 0.633087 0.470195
vn 0.348250 0.719129 -0.601311
vt 0.766189 0.272587
v 0.062925 0.663087 0.497062
vn 0.348250 0.719129 -0.601311
vt 0.773523 0.279155
v 0.094682 0.663087 0.528818
vn 0.601311 0.719129 -0.348250
vt 0.773523 0.286920
v 0.137945 0.633087 0.573798
vn 0.697851 0.710201 -0.092832
vt 0.766189 0.297917
v 0.107945 0.663087 0.577789
vn 0.697851 0.710201 -0.092832
vt 0.773523 0.298892
v 0.137945 0.633087 0.637278
vn 0.697851 0.710201 0.092833
vt 0.766189 0.313437
v 0.107945 0.663087 0.633287
vn 0.697851 0.710201 0.092833
vt 0.773523 0.312461
v 0.121548 0.633087 0.697818
vn 0.601310 0.719130 0.348250
vt 0.766189 0.328238
v 0.094682 0.663087 0.682258
vn 0.601310 0.719130 0.348250
vt 0.773523 0.324434
v 0.078485 0.633087 0.740881
vn 0.348250 0.719130 0.601310
vt 0.766189 0.338767
v 0.062925 0.663087 0.714015
vn 0.348250 0.719130 0.601310
vt 0.773523 0.332198
v 0.269441 0.218619 -0.764886
vn 0.965433 0.000000 -0.260650
vt 0.155022 0.979056
v 0.226455 0.218619 -0.690105
vn 0.866972 -0.000001 0.498357
vt 0.144512 0.997340
v 0.210557 0.157626 -0.748989
vn 0.682665 -0.707107 -0.184307
vt 0.140625 0.982943
v 0.128555 0.218619 -1.099777
vn 0.940250 0.000001 -0.340484
vt 0.744063 0.506465
v 0.071207 0.279611 -1.079010
vn 0.664857 0.707108 -0.240758
vt 0.730042 0.491553
v 0.091974 0.218619 -1.021662
vn 0.905616 0.000001 0.424100
vt 0.735120 0.506465
v 0.213460 0.218619 -0.928504
vn 0.896645 0.000001 -0.442750
vt 0.769703 0.470050
v 0.158771 0.279611 -0.901499
vn 0.634023 0.707108 -0.313071
vt 0.756332 0.455138
v 0.185775 0.218619 -0.846811
vn 0.947095 0.000001 0.320952
vt 0.762935 0.470050
v 0.213460 0.218619 -0.928504
vn 0.896645 0.000001 -0.442750
vt 0.030746 0.941438
v 0.185775 0.218619 -0.846811
vn 0.947095 0.000001 0.320952
vt 0.023977 0.961411
v 0.158771 0.157627 -0.901500
vn 0.634024 -0.707106 -0.313072
vt 0.017375 0.948040
g Schlachtschiff_Low_part_0
# Submesh 0: 934 triangles
f 1/1/1 2/2/2 3/3/3
f 4/4/4 5/5/5 6/6/6
f 4/4/4 6/6/6 7/7/7
f 8/8/8 9/9/9 10/10/10
f 8/8/8 10/10/10 11/11/11
f 12/12/12 13/13/13 14/14/14
f 12/12/12 14/14/14 15/15/15
f 16/16/16 17/17/17 18/18/18
f 16/16/16 18/18/18 19/19/19
f 20/20/20 21/21/21 22/22/22
f 20/20/20 22/22/22 23/23/23
f 24/24/24 25/25/25 26/26/26
f 24/24/24 26/26/26 27/27/27
f 28/28/28 29/29/29 30/30/30
f 28/28/28 30/30/30 31/31/31
f 32/32/32 33/33/33 34/34/34
f 32/32/32 34/34/34 35/35/35
f 36/36/36 37/37/37 38/38/38
f 36/36/36 38/38/38 39/39/39
f 40/40/40 41/41/41 42/42/42
f 40/40/40 42/42/42 43/43/43
f 44/44/44 45/45/45 46/46/46
f 44/44/44 46/46/46 47/47/47
f 48/48/48 49/49/49 50/50/50
f 48/48/48 50/50/50 51/51/51
f 52/52/52 53/53/53 54/54/54
f 52/52/52 54/54/54 55/55/55
f 56/56/56 57/57/57 58/58/58
f 56/56/56 58/58/58 59/59/59
f 60/60/60 61/61/61 62/62/62
f 60/60/60 62/62/62 63/63/63
f 64/64/64 60/60/60 63/63/63
f 64/64/64 63/63/63 65/65/65
f 66/66/66 67/67/67 68/68/68
f 69/69/69 70/70/70 71/71/71
f 69/69/69 71/71/71 72/72/72
f 73/73/73 74/74/74 75/75/75
f 73/73/73 75/75/75 76/76/76
f 73/73/73 76/76/76 77/77/77
f 73/73/73 77/77/77 78/78/78
f 79/79/79 80/80/80 81/81/81
f 79/79/79 81/81/81 82/82/82
f 83/83/83 84/84/84 85/85/85
f 83/83/83 85/85/85 86/86/86
f 87/87/87 83/83/83 86/86/86
f 87/87/87 86/86/86 88/88/88
f 89/89/89 90/90/90 91/91/91
f 92/92/92 93/93/93 94/94/94
f 92/92/92 94/94/94 95/95/95
f 96/96/96 97/97/97 98/98/98
f 96/96/96 98/98/98 99/99/99
f 100/100/100 96/96/96 99/99/99
f 100/100/100 99/99/99 101/101/101
f 102/102/102 100/100/100 101/101/101
f 102/102/102 101/101/101 103/103/103
f 104/104/104 105/105/105 106/106/106
f 107/107/107 108/108/108 109/109/109
f 107/107/107 109/109/109 110/110/110
f 111/111/111 112/112/112 113/113/113
f 111/111/111 113/113/113 114/114/114
f 115/115/115 116/116/116 117/117/117
f 115/115/115 117/117/117 118/118/118
f 119/119/119 120/120/120 121/121/121
f 119/119/119 121/121/121 122/122/122
f 123/123/123 119/119/119 122/122/122
f 123/123/123 122/122/122 124/124/124
f 125/125/125 126/126/126 127/127/127
f 128/128/128 129/129/129 130/130/130
f 128/128/128 130/130/130 131/131/131
f 132/132/132 133/133/133 134/134/134
f 132/132/132 134/134/134 135/135/135
f 136/136/136 137/137/137 138/138/138
f 136/136/136 138/138/138 139/139/139
f 138/138/138 140/140/140 141/141/141
f 138/138/138 141/141/141 142/142/142
f 139/139/139 138/138/138 142/142/142
f 139/139/139 142/142/142 143/143/143
f 144/144/144 145/145/145 146/146/146
f 144/144/144 146/146/146 147/147/147
f 148/148/148 144/144/144 147/147/147
f 148/148/148 147/147/147 149/149/149
f 150/150/150 148/148/148 149/149/149
f 150/150/150 149/149/149 151/151/151
f 152/152/152 153/153/153 154/154/154
f 155/155/155 156/156/156 157/157/157
f 155/155/155 157/157/157 158/158/158
f 159/159/159 155/155/155 158/158/158
f 159/159/159 158/158/158 160/160/160
f 161/161/161 162/162/162 163/163/163
f 164/164/164 165/165/165 166/166/166
f 164/164/164 166/166/166 167/167/167
f 168/168/168 164/164/164 167/167/167
f 168/168/168 167/167/167 169/169/169
f 170/170/170 168/168/168 169/169/169
f 170/170/170 169/169/169 171/171/171
f 172/172/172 173/173/173 174/174/174
f 175/175/175 176/176/176 177/177/177
f 175/175/175 177/177/177 178/178/178
f 179/179/179 175/175/175 178/178/178
f 179/179/179 178/178/178 180/180/180
f 181/181/181 179/179/179 180/180/180
f 181/181/181 180/180/180 182/182/182
f 183/183/183 181/181/181 182/182/182
f 183/183/183 182/182/182 184/184/184
f 185/185/185 186/186/186 187/187/187
f 188/188/188 189/189/189 190/190/190
f 188/188/188 190/190/190 191/191/191
f 192/192/192 193/193/193 194/194/194
f 192/192/192 194/194/194 195/195/195
f 196/196/196 197/197/197 198/198/198
f 196/196/196 198/198/198 199/199/199
f 200/200/200 201/201/201 202/202/202
f 200/200/200 202/202/202 203/203/203
f 204/204/204 205/205/205 206/206/206
f 204/204/204 206/206/206 207/207/207
f 208/208/208 209/209/209 210/210/210
f 208/208/208 210/210/210 211/211/211
f 212/212/212 208/208/208 211/211/211
f 212/212/212 211/211/211 213/213/213
f 214/214/214 212/212/212 213/213/213
f 214/214/214 213/213/213 215/215/215
f 216/216/216 214/214/214 215/215/215
f 216/216/216 215/215/215 217/217/217
f 218/218/218 216/216/216 217/217/217
f 218/218/218 217/217/217 219/219/219
f 220/220/220 218/218/218 219/219/219
f 220/220/220 221/221/221 218/218/218
f 222/222/222 223/223/223 224/224/224
f 222/222/222 224/224/224 225/225/225
f 222/222/222 225/225/225 226/226/226
f 222/222/222 226/226/226 227/227/227
f 222/222/222 227/227/227 228/228/228
f 222/222/222 228/228/228 223/223/223
f 228/228/228 229/229/229 223/223/223
f 223/223/223 229/229/229 230/230/230
f 223/223/223 230/230/230 224/224/224
f 224/224/224 230/230/230 231/231/231
f 224/224/224 231/231/231 225/225/225
f 225/225/225 231/231/231 232/232/232
f 225/225/225 232/232/232 226/226/226
f 226/226/226 232/232/232 233/233/233
f 226/226/226 233/233/233 227/227/227
f 227/227/227 233/233/233 234/234/234
f 227/227/227 234/234/234 228/228/228
f 228/228/228 234/234/234 229/229/229
f 235/235/235 236/236/236 237/237/237
f 235/235/235 237/237/237 238/238/238
f 239/239/239 240/240/240 241/241/241
f 239/239/239 241/241/241 242/242/242
f 243/243/243 244/244/244 245/245/245
f 243/243/243 245/245/245 246/246/246
f 247/247/247 248/248/248 249/249/249
f 247/247/247 249/249/249 250/250/250
f 251/251/251 252/252/252 253/253/253
f 251/251/251 253/253/253 254/254/254
f 255/255/255 256/256/256 257/257/257
f 255/255/255 257/257/257 258/258/258
f 259/259/259 260/260/260 261/261/261
f 259/259/259 261/261/261 262/262/262
f 263/263/263 264/264/264 265/265/265
f 263/263/263 265/265/265 266/266/266
f 267/267/267 268/268/268 269/269/269
f 267/267/267 269/269/269 270/270/270
f 271/271/271 272/272/272 273/273/273
f 271/271/271 273/273/273 274/274/274
f 275/275/275 276/276/276 277/277/277
f 275/275/275 277/277/277 278/278/278
f 279/279/279 280/280/280 281/281/281
f 279/279/279 281/281/281 282/282/282
f 283/283/283 284/284/284 285/285/285
f 283/283/283 285/285/285 286/286/286
f 287/287/287 288/288/288 289/289/289
f 287/287/287 289/289/289 290/290/290
f 291/291/291 292/292/292 293/293/293
f 291/291/291 293/293/293 294/294/294
f 295/295/295 296/296/296 297/297/297
f 295/295/295 297/297/297 298/298/298
f 299/299/299 300/300/300 301/301/301
f 299/299/299 301/301/301 302/302/302
f 303/303/303 304/304/304 305/305/305
f 303/303/303 305/305/305 306/306/306
f 307/307/307 308/308/308 309/309/309
f 307/307/307 309/309/309 310/310/310
f 311/311/311 312/312/312 313/313/313
f 311/311/311 313/313/313 314/314/314
f 315/315/315 311/311/311 314/314/314
f 315/315/315 314/314/314 316/316/316
f 317/317/317 315/315/315 316/316/316
f 317/317/317 316/316/316 318/318/318
f 319/319/319 317/317/317 318/318/318
f 319/319/319 318/318/318 320/320/320
f 321/321/321 319/319/319 320/320/320
f 321/321/321 320/320/320 322/322/322
f 323/323/323 321/321/321 322/322/322
f 323/323/323 322/322/322 324/324/324
f 325/325/325 326/326/326 327/327/327
f 328/328/328 329/329/329 330/330/330
f 328/328/328 330/330/330 331/331/331
f 332/332/332 333/333/333 334/334/334
f 332/332/332 334/334/334 335/335/335
f 336/336/336 337/337/337 338/338/338
f 336/336/336 338/338/338 339/339/339
f 340/340/340 341/341/341 342/342/342
f 340/340/340 342/342/342 343/343/343
f 343/343/343 342/342/342 344/344/344
f 343/343/343 344/344/344 345/345/345
f 345/345/345 344/344/344 346/346/346
f 345/345/345 346/346/346 347/347/347
f 347/347/347 346/346/346 348/348/348
f 347/347/347 348/348/348 349/349/349
f 349/349/349 348/348/348 350/350/350
f 349/349/349 350/350/350 351/351/351
f 351/351/351 350/350/350 352/352/352
f 351/351/351 352/352/352 353/353/353
f 354/354/354 355/355/355 356/356/356
f 354/354/354 356/356/356 357/357/357
f 358/358/358 359/359/359 360/360/360
f 358/358/358 360/360/360 361/361/361
f 362/362/362 363/363/363 364/364/364
f 362/362/362 364/364/364 365/365/365
f 366/366/366 362/362/362 365/365/365
f 366/366/366 365/365/365 367/367/367
f 368/368/368 366/366/366 367/367/367
f 368/368/368 367/367/367 369/369/369
f 370/370/370 368/368/368 369/369/369
f 370/370/370 369/369/369 371/371/371
f 372/372/372 373/373/373 374/374/374
f 375/375/375 376/376/376 377/377/377
f 375/375/375 377/377/377 378/378/378
f 379/379/379 375/375/375 378/378/378
f 379/379/379 378/378/378 380/380/380
f 381/381/381 379/379/379 380/380/380
f 381/381/381 380/380/380 382/382/382
f 383/383/383 381/381/381 382/382/382
f 383/383/383 382/382/382 384/384/384
f 385/385/385 386/386/386 387/387/387
f 388/388/388 389/389/389 390/390/390
f 388/388/388 390/390/390 391/391/391
f 392/392/392 388/388/388 391/391/391
f 392/392/392 391/391/391 393/393/393
f 394/394/394 392/392/392 393/393/393
f 394/394/394 393/393/393 395/395/395
f 396/396/396 397/397/397 398/398/398
f 399/399/399 400/400/400 401/401/401
f 399/399/399 401/401/401 402/402/402
f 403/403/403 399/399/399 402/402/402
f 403/403/403 402/402/402 404/404/404
f 405/405/405 403/403/403 404/404/404
f 405/405/405 404/404/404 406/406/406
f 407/407/407 408/408/408 409/409/409
f 410/410/410 411/411/411 412/412/412
f 410/410/410 412/412/412 413/413/413
f 414/414/414 410/410/410 413/413/413
f 414/414/414 413/413/413 415/415/415
f 416/416/416 414/414/414 415/415/415
f 416/416/416 415/415/415 417/417/417
f 418/418/418 416/416/416 417/417/417
f 418/418/418 417/417/417 419/419/419
f 420/420/420 418/418/418 419/419/419
f 420/420/420 419/419/419 421/421/421
f 422/422/422 423/423/423 424/424/424
f 425/425/425 426/426/426 427/427/427
f 425/425/425 427/427/427 428/428/428
f 429/429/429 425/425/425 428/428/428
f 429/429/429 428/428/428 430/430/430
f 431/431/431 429/429/429 430/430/430
f 431/431/431 430/430/430 432/432/432
f 433/433/433 434/434/434 435/435/435
f 436/436/436 437/437/437 438/438/438
f 436/436/436 438/438/438 439/439/439
f 440/440/440 441/441/441 442/442/442
f 440/440/440 442/442/442 443/443/443
f 444/444/444 440/440/440 443/443/443
f 444/444/444 443/443/443 445/445/445
f 446/446/446 447/447/447 448/448/448
f 449/449/449 450/450/450 451/451/451
f 449/449/449 451/451/451 452/452/452
f 453/453/453 454/454/454 455/455/455
f 453/453/453 455/455/455 456/456/456
f 457/457/457 453/453/453 456/456/456
f 457/457/457 456/456/456 458/458/458
f 459/459/459 457/457/457 458/458/458
f 459/459/459 458/458/458 460/460/460
f 461/461/461 462/462/462 463/463/463
f 464/464/464 465/465/465 466/466/466
f 464/464/464 466/466/466 467/467/467
f 468/468/468 469/469/469 470/470/470
f 468/468/468 470/470/470 471/471/471
f 468/468/468 471/471/471 472/472/472
f 468/468/468 472/472/472 473/473/473
f 468/468/468 473/473/473 474/474/474
f 468/468/468 474/474/474 475/475/475
f 468/468/468 475/475/475 476/476/476
f 468/468/468 476/476/476 477/477/477
f 478/478/478 479/479/479 480/480/480
f 478/478/478 480/480/480 481/481/481
f 482/482/482 478/478/478 481/481/481
f 482/482/482 481/481/481 483/483/483
f 484/484/484 485/485/485 486/486/486
f 487/487/487 488/488/488 489/489/489
f 487/487/487 489/489/489 490/490/490
f 491/491/491 487/487/487 490/490/490
f 491/491/491 490/490/490 492/492/492
f 493/493/493 491/491/491 492/492/492
f 493/493/493 492/492/492 494/494/494
f 495/495/495 496/496/496 497/497/497
f 498/498/498 499/499/499 500/500/500
f 498/498/498 500/500/500 501/501/501
f 502/502/502 503/503/503 504/504/504
f 502/502/502 504/504/504 505/505/505
f 502/502/502 505/505/505 506/506/506
f 502/502/502 506/506/506 507/507/507
f 502/502/502 507/507/507 508/508/508
f 502/502/502 508/508/508 509/509/509
f 502/502/502 509/509/509 510/510/510
f 502/502/502 510/510/510 511/511/511
f 512/512/512 513/513/513 514/514/514
f 512/512/512 514/514/514 515/515/515
f 512/512/512 515/515/515 516/516/516
f 512/512/512 516/516/516 517/517/517
f 512/512/512 517/517/517 518/518/518
f 512/512/512 518/518/518 519/519/519
f 512/512/512 519/519/519 520/520/520
f 512/512/512 520/520/520 521/521/521
f 522/522/522 523/523/523 524/524/524
f 522/522/522 524/524/524 525/525/525
f 526/526/526 522/522/522 525/525/525
f 526/526/526 525/525/525 527/527/527
f 528/528/528 529/529/529 530/530/530
f 528/528/528 530/530/530 531/531/531
f 532/532/532 528/528/528 531/531/531
f 532/532/532 531/531/531 533/533/533
f 534/534/534 535/535/535 536/536/536
f 534/534/534 536/536/536 537/537/537
f 538/538/538 534/534/534 537/537/537
f 538/538/538 537/537/537 539/539/539
f 540/540/540 541/541/541 542/542/542
f 540/540/540 542/542/542 543/543/543
f 544/544/544 540/540/540 543/543/543
f 544/544/544 543/543/543 545/545/545
f 546/546/546 547/547/547 548/548/548
f 549/549/549 550/550/550 551/551/551
f 550/550/550 552/552/552 551/551/551
f 553/553/553 552/552/552 550/550/550
f 554/554/554 552/552/552 553/553/553
f 555/555/555 552/552/552 554/554/554
f 547/547/547 552/552/552 555/555/555
f 551/551/551 552/552/552 547/547/547
f 546/546/546 551/551/551 547/547/547
f 549/549/549 551/551/551 546/546/546
f 556/556/556 557/557/557 558/558/558
f 556/556/556 558/558/558 559/559/559
f 560/560/560 556/556/556 559/559/559
f 560/560/560 559/559/559 561/561/561
f 562/562/562 560/560/560 561/561/561
f 562/562/562 561/561/561 563/563/563
f 564/564/564 565/565/565 566/566/566
f 567/567/567 568/568/568 569/569/569
f 567/567/567 570/570/570 568/568/568
f 571/571/571 570/570/570 567/567/567
f 571/571/571 564/564/564 570/570/570
f 564/564/564 566/566/566 570/570/570
f 570/570/570 566/566/566 572/572/572
f 570/570/570 572/572/572 568/568/568
f 573/573/573 574/574/574 575/575/575
f 576/576/576 577/577/577 574/574/574
f 573/573/573 576/576/576 574/574/574
f 578/578/578 576/576/576 573/573/573
f 578/578/578 579/579/579 576/576/576
f 579/579/579 580/580/580 576/576/576
f 579/579/579 581/581/581 580/580/580
f 582/582/582 581/581/581 579/579/579
f 582/582/582 583/583/583 581/581/581
f 576/576/576 580/580/580 577/577/577
f 584/584/584 585/585/585 586/586/586
f 584/584/584 586/586/586 587/587/587
f 588/588/588 589/589/589 590/590/590
f 588/588/588 590/590/590 591/591/591
f 592/592/592 588/588/588 591/591/591
f 592/592/592 591/591/591 593/593/593
f 594/594/594 595/595/595 596/596/596
f 597/597/597 598/598/598 599/599/599
f 597/597/597 599/599/599 600/600/600
f 601/601/601 602/602/602 603/603/603
f 601/601/601 603/603/603 604/604/604
f 603/603/603 605/605/605 606/606/606
f 603/603/603 606/606/606 607/607/607
f 604/604/604 603/603/603 607/607/607
f 604/604/604 607/607/607 608/608/608
f 608/608/608 607/607/607 609/609/609
f 608/608/608 609/609/609 610/610/610
f 611/611/611 612/612/612 613/613/613
f 614/614/614 615/615/615 616/616/616
f 614/614/614 616/616/616 617/617/617
f 615/615/615 618/618/618 619/619/619
f 615/615/615 619/619/619 616/616/616
f 616/616/616 619/619/619 620/620/620
f 616/616/616 620/620/620 621/621/621
f 622/622/622 623/623/623 624/624/624
f 622/622/622 624/624/624 625/625/625
f 625/625/625 624/624/624 626/626/626
f 625/625/625 626/626/626 627/627/627
f 628/628/628 625/625/625 627/627/627
f 628/628/628 627/627/627 629/629/629
f 630/630/630 631/631/631 632/632/632
f 633/633/633 634/634/634 635/635/635
f 633/633/633 635/635/635 636/636/636
f 637/637/637 633/633/633 636/636/636
f 637/637/637 636/636/636 638/638/638
f 639/639/639 640/640/640 641/641/641
f 642/642/642 643/643/643 644/644/644
f 642/642/642 644/644/644 645/645/645
f 644/644/644 646/646/646 647/647/647
f 644/644/644 647/647/647 648/648/648
f 645/645/645 644/644/644 648/648/648
f 645/645/645 648/648/648 649/649/649
f 649/649/649 648/648/648 650/650/650
f 649/649/649 650/650/650 651/651/651
f 652/652/652 653/653/653 654/654/654
f 655/655/655 656/656/656 657/657/657
f 655/655/655 657/657/657 658/658/658
f 656/656/656 659/659/659 660/660/660
f 656/656/656 660/660/660 657/657/657
f 657/657/657 660/660/660 661/661/661
f 657/657/657 661/661/661 662/662/662
f 663/663/663 664/664/664 665/665/665
f 663/663/663 665/665/665 666/666/666
f 667/667/667 668/668/668 664/664/664
f 667/667/667 664/664/664 663/663/663
f 669/669/669 667/667/667 663/663/663
f 669/669/669 663/663/663 670/670/670
f 670/670/670 663/663/663 666/666/666
f 670/670/670 666/666/666 671/671/671
f 671/671/671 666/666/666 672/672/672
f 671/671/671 672/672/672 673/673/673
f 674/674/674 675/675/675 676/676/676
f 677/677/677 678/678/678 679/679/679
f 677/677/677 679/679/679 680/680/680
f 681/681/681 682/682/682 683/683/683
f 681/681/681 683/683/683 684/684/684
f 685/685/685 686/686/686 687/687/687
f 685/685/685 687/687/687 688/688/688
f 689/689/689 690/690/690 691/691/691
f 689/689/689 691/691/691 692/692/692
f 693/693/693 694/694/694 695/695/695
f 693/693/693 695/695/695 696/696/696
f 697/697/697 698/698/698 699/699/699
f 697/697/697 699/699/699 700/700/700
f 701/701/701 702/702/702 703/703/703
f 701/701/701 703/703/703 704/704/704
f 705/705/705 701/701/701 704/704/704
f 705/705/705 704/704/704 706/706/706
f 707/707/707 705/705/705 706/706/706
f 707/707/707 706/706/706 708/708/708
f 709/709/709 707/707/707 708/708/708
f 709/709/709 708/708/708 710/710/710
f 711/711/711 712/712/712 713/713/713
f 714/714/714 715/715/715 716/716/716
f 714/714/714 716/716/716 717/717/717
f 718/718/718 714/714/714 717/717/717
f 718/718/718 717/717/717 719/719/719
f 720/720/720 718/718/718 719/719/719
f 720/720/720 719/719/719 721/721/721
f 722/722/722 720/720/720 721/721/721
f 722/722/722 721/721/721 723/723/723
f 724/724/724 725/725/725 726/726/726
f 727/727/727 728/728/728 729/729/729
f 727/727/727 729/729/729 730/730/730
f 731/731/731 727/727/727 730/730/730
f 731/731/731 730/730/730 732/732/732
f 733/733/733 731/731/731 732/732/732
f 733/733/733 732/732/732 734/734/734
f 735/735/735 736/736/736 737/737/737
f 737/737/737 736/736/736 738/738/738
f 738/738/738 736/736/736 739/739/739
f 739/739/739 736/736/736 740/740/740
f 740/740/740 736/736/736 741/741/741
f 741/741/741 736/736/736 735/735/735
f 742/742/742 743/743/743 744/744/744
f 743/743/743 745/745/745 744/744/744
f 743/743/743 746/746/746 745/745/745
f 743/743/743 747/747/747 746/746/746
f 743/743/743 748/748/748 747/747/747
f 743/743/743 749/749/749 748/748/748
f 743/743/743 750/750/750 749/749/749
f 743/743/743 751/751/751 750/750/750
f 752/752/752 751/751/751 743/743/743
f 752/752/752 743/743/743 753/753/753
f 753/753/753 743/743/743 754/754/754
f 754/754/754 743/743/743 755/755/755
f 755/755/755 743/743/743 756/756/756
f 756/756/756 743/743/743 757/757/757
f 757/757/757 743/743/743 758/758/758
f 758/758/758 743/743/743 742/742/742
f 759/759/759 760/760/760 761/761/761
f 762/762/762 763/763/763 764/764/764
f 762/762/762 764/764/764 765/765/765
f 766/766/766 767/767/767 768/768/768
f 766/766/766 768/768/768 769/769/769
f 770/770/770 766/766/766 769/769/769
f 770/770/770 769/769/769 771/771/771
f 772/772/772 770/770/770 771/771/771
f 772/772/772 771/771/771 773/773/773
f 774/774/774 772/772/772 773/773/773
f 774/774/774 773/773/773 775/775/775
f 776/776/776 777/777/777 778/778/778
f 779/779/779 780/780/780 781/781/781
f 779/779/779 781/781/781 782/782/782
f 783/783/783 779/779/779 782/782/782
f 783/783/783 782/782/782 784/784/784
f 785/785/785 783/783/783 784/784/784
f 785/785/785 784/784/784 786/786/786
f 787/787/787 785/785/785 786/786/786
f 787/787/787 786/786/786 788/788/788
f 789/789/789 790/790/790 791/791/791
f 792/792/792 793/793/793 794/794/794
f 792/792/792 794/794/794 795/795/795
f 796/796/796 792/792/792 795/795/795
f 796/796/796 795/795/795 797/797/797
f 798/798/798 796/796/796 797/797/797
f 798/798/798 797/797/797 799/799/799
f 800/800/800 798/798/798 799/799/799
f 800/800/800 799/799/799 801/801/801
f 802/802/802 803/803/803 804/804/804
f 805/805/805 806/806/806 807/807/807
f 805/805/805 807/807/807 808/808/808
f 809/809/809 810/810/810 811/811/811
f 809/809/809 811/811/811 812/812/812
f 813/813/813 809/809/809 812/812/812
f 813/813/813 812/812/812 814/814/814
f 815/815/815 816/816/816 817/817/817
f 818/818/818 819/819/819 820/820/820
f 818/818/818 820/820/820 821/821/821
f 822/822/822 823/823/823 824/824/824
f 822/822/822 824/824/824 825/825/825
f 822/822/822 825/825/825 826/826/826
f 822/822/822 826/826/826 827/827/827
f 828/828/828 829/829/829 830/830/830
f 828/828/828 830/830/830 831/831/831
f 832/832/832 831/831/831 830/830/830
f 832/832/832 830/830/830 833/833/833
f 834/834/834 835/835/835 836/836/836
f 837/837/837 838/838/838 839/839/839
f 837/837/837 839/839/839 840/840/840
f 841/841/841 842/842/842 843/843/843
f 841/841/841 843/843/843 844/844/844
f 845/845/845 846/846/846 847/847/847
f 845/845/845 847/847/847 848/848/848
f 849/849/849 850/850/850 851/851/851
f 849/849/849 851/851/851 852/852/852
f 853/853/853 854/854/854 855/855/855
f 853/853/853 855/855/855 856/856/856
f 857/857/857 858/858/858 859/859/859
f 857/857/857 859/859/859 860/860/860
f 861/861/861 862/862/862 863/863/863
f 861/861/861 863/863/863 864/864/864
f 865/865/865 866/866/866 867/867/867
f 865/865/865 867/867/867 868/868/868
f 869/869/869 870/870/870 871/871/871
f 869/869/869 871/871/871 872/872/872
f 873/873/873 874/874/874 875/875/875
f 873/873/873 875/875/875 876/876/876
f 877/877/877 878/878/878 879/879/879
f 877/877/877 879/879/879 880/880/880
f 881/881/881 882/882/882 883/883/883
f 881/881/881 883/883/883 884/884/884
f 885/885/885 886/886/886 887/887/887
f 885/885/885 887/887/887 888/888/888
f 889/889/889 890/890/890 891/891/891
f 889/889/889 891/891/891 892/892/892
f 893/893/893 894/894/894 895/895/895
f 893/893/893 895/895/895 896/896/896
f 897/897/897 898/898/898 899/899/899
f 897/897/897 899/899/899 900/900/900
f 901/901/901 902/902/902 903/903/903
f 901/901/901 903/903/903 904/904/904
f 905/905/905 906/906/906 907/907/907
f 905/905/905 907/907/907 908/908/908
f 909/909/909 910/910/910 911/911/911
f 909/909/909 911/911/911 912/912/912
f 913/913/913 914/914/914 915/915/915
f 913/913/913 915/915/915 916/916/916
f 917/917/917 918/918/918 919/919/919
f 917/917/917 919/919/919 920/920/920
f 921/921/921 922/922/922 923/923/923
f 921/921/921 923/923/923 924/924/924
f 925/925/925 926/926/926 927/927/927
f 925/925/925 927/927/927 928/928/928
f 929/929/929 930/930/930 931/931/931
f 929/929/929 931/931/931 932/932/932
f 933/933/933 934/934/934 935/935/935
f 933/933/933 935/935/935 936/936/936
f 937/937/937 938/938/938 939/939/939
f 937/937/937 939/939/939 940/940/940
f 941/941/941 942/942/942 943/943/943
f 941/941/941 943/943/943 944/944/944
f 945/945/945 946/946/946 947/947/947
f 945/945/945 947/947/947 948/948/948
f 949/949/949 950/950/950 951/951/951
f 949/949/949 951/951/951 952/952/952
f 953/953/953 954/954/954 955/955/955
f 953/953/953 955/955/955 956/956/956
f 957/957/957 958/958/958 959/959/959
f 957/957/957 959/959/959 960/960/960
f 961/961/961 962/962/962 963/963/963
f 961/961/961 963/963/963 964/964/964
f 965/965/965 966/966/966 967/967/967
f 965/965/965 967/967/967 968/968/968
f 968/968/968 967/967/967 969/969/969
f 968/968/968 969/969/969 970/970/970
f 971/971/971 972/972/972 973/973/973
f 971/971/971 973/973/973 974/974/974
f 974/974/974 973/973/973 975/975/975
f 974/974/974 975/975/975 976/976/976
f 977/977/977 978/978/978 979/979/979
f 977/977/977 979/979/979 980/980/980
f 981/981/981 982/982/982 983/983/983
f 981/981/981 983/983/983 984/984/984
f 981/981/981 984/984/984 985/985/985
f 981/981/981 985/985/985 986/986/986
f 981/981/981 986/986/986 987/987/987
f 981/981/981 987/987/987 988/988/988
f 981/981/981 988/988/988 989/989/989
f 981/981/981 989/989/989 990/990/990
f 981/981/981 990/990/990 991/991/991
f 981/981/981 991/991/991 982/982/982
f 992/992/992 993/993/993 994/994/994
f 992/992/992 994/994/994 995/995/995
f 992/992/992 995/995/995 996/996/996
f 992/992/992 996/996/996 997/997/997
f 992/992/992 997/997/997 998/998/998
f 992/992/992 998/998/998 999/999/999
f 992/992/992 999/999/999 1000/1000/1000
f 992/992/992 1000/1000/1000 1001/1001/1001
f 992/992/992 1001/1001/1001 1002/1002/1002
f 992/992/992 1002/1002/1002 993/993/993
f 1002/1002/1002 1003/1003/1003 993/993/993
f 993/993/993 1003/1003/1003 1004/1004/1004
f 993/993/993 1004/1004/1004 994/994/994
f 994/994/994 1004/1004/1004 1005/1005/1005
f 994/994/994 1005/1005/1005 995/995/995
f 995/995/995 1005/1005/1005 1006/1006/1006
f 995/995/995 1006/1006/1006 996/996/996
f 996/996/996 1006/1006/1006 1007/1007/1007
f 996/996/996 1007/1007/1007 997/997/997
f 997/997/997 1007/1007/1007 1008/1008/1008
f 997/997/997 1008/1008/1008 998/998/998
f 998/998/998 1008/1008/1008 1009/1009/1009
f 998/998/998 1009/1009/1009 999/999/999
f 999/999/999 1009/1009/1009 1010/1010/1010
f 999/999/999 1010/1010/1010 1000/1000/1000
f 1000/1000/1000 1010/1010/1010 1011/1011/1011
f 1000/1000/1000 1011/1011/1011 1001/1001/1001
f 1001/1001/1001 1011/1011/1011 1012/1012/1012
f 1001/1001/1001 1012/1012/1012 1002/1002/1002
f 1002/1002/1002 1012/1012/1012 1003/1003/1003
f 1013/1013/1013 1014/1014/1014 1015/1015/1015
f 1013/1013/1013 1015/1015/1015 1016/1016/1016
f 1013/1013/1013 1016/1016/1016 1017/1017/1017
f 1013/1013/1013 1017/1017/1017 1018/1018/1018
f 1013/1013/1013 1018/1018/1018 1019/1019/1019
f 1013/1013/1013 1019/1019/1019 1014/1014/1014
f 1019/1019/1019 1020/1020/1020 1014/1014/1014
f 1014/1014/1014 1020/1020/1020 1021/1021/1021
f 1014/1014/1014 1021/1021/1021 1015/1015/1015
f 1015/1015/1015 1021/1021/1021 1022/1022/1022
f 1015/1015/1015 1022/1022/1022 1016/1016/1016
f 1016/1016/1016 1022/1022/1022 1023/1023/1023
f 1016/1016/1016 1023/1023/1023 1017/1017/1017
f 1017/1017/1017 1023/1023/1023 1024/1024/1024
f 1017/1017/1017 1024/1024/1024 1018/1018/1018
f 1018/1018/1018 1024/1024/1024 1025/1025/1025
f 1018/1018/1018 1025/1025/1025 1019/1019/1019
f 1019/1019/1019 1025/1025/1025 1020/1020/1020
f 1026/1026/1026 1027/1027/1027 1028/1028/1028
f 1026/1026/1026 1028/1028/1028 1029/1029/1029
f 1026/1026/1026 1029/1029/1029 1030/1030/1030
f 1026/1026/1026 1030/1030/1030 1031/1031/1031
f 1032/1032/1032 1033/1033/1033 1034/1034/1034
f 1032/1032/1032 1034/1034/1034 1035/1035/1035
f 1032/1032/1032 1035/1035/1035 1036/1036/1036
f 1032/1032/1032 1036/1036/1036 1037/1037/1037
f 1032/1032/1032 1037/1037/1037 1038/1038/1038
f 1032/1032/1032 1038/1038/1038 1039/1039/1039
f 1032/1032/1032 1039/1039/1039 1040/1040/1040
f 1032/1032/1032 1040/1040/1040 1041/1041/1041
f 1042/1042/1042 1043/1043/1043 1044/1044/1044
f 1042/1042/1042 1044/1044/1044 1045/1045/1045
f 1046/1046/1046 1042/1042/1042 1045/1045/1045
f 1046/1046/1046 1045/1045/1045 1047/1047/1047
f 1048/1048/1048 1046/1046/1046 1047/1047/1047
f 1048/1048/1048 1047/1047/1047 1049/1049/1049
f 1050/1050/1050 1048/1048/1048 1049/1049/1049
f 1050/1050/1050 1049/1049/1049 1051/1051/1051
f 1052/1052/1052 1053/1053/1053 1054/1054/1054
f 1052/1052/1052 1054/1054/1054 1055/1055/1055
f 1052/1052/1052 1055/1055/1055 1056/1056/1056
f 1057/1057/1057 1058/1058/1058 1059/1059/1059
f 1057/1057/1057 1059/1059/1059 1060/1060/1060
f 1060/1060/1060 1059/1059/1059 1061/1061/1061
f 1060/1060/1060 1061/1061/1061 1062/1062/1062
f 1063/1063/1063 1060/1060/1060 1062/1062/1062
f 1063/1063/1063 1062/1062/1062 1064/1064/1064
f 1065/1065/1065 1066/1066/1066 1067/1067/1067
f 1068/1068/1068 1069/1069/1069 1070/1070/1070
f 1068/1068/1068 1070/1070/1070 1071/1071/1071
f 1072/1072/1072 1068/1068/1068 1071/1071/1071
f 1072/1072/1072 1071/1071/1071 1073/1073/1073
f 1074/1074/1074 1075/1075/1075 1076/1076/1076
f 1074/1074/1074 1076/1076/1076 1077/1077/1077
f 1074/1074/1074 1077/1077/1077 1078/1078/1078
f 1079/1079/1079 1080/1080/1080 1081/1081/1081
f 1079/1079/1079 1081/1081/1081 1082/1082/1082
f 1083/1083/1083 1079/1079/1079 1082/1082/1082
f 1083/1083/1083 1082/1082/1082 1084/1084/1084
f 1085/1085/1085 1083/1083/1083 1084/1084/1084
f 1085/1085/1085 1084/1084/1084 1086/1086/1086
f 1087/1087/1087 1088/1088/1088 1089/1089/1089
f 1090/1090/1090 1091/1091/1091 1092/1092/1092
f 1090/1090/1090 1092/1092/1092 1093/1093/1093
f 1094/1094/1094 1090/1090/1090 1093/1093/1093
f 1094/1094/1094 1093/1093/1093 1095/1095/1095
f 1096/1096/1096 1097/1097/1097 1098/1098/1098
f 1096/1096/1096 1098/1098/1098 1099/1099/1099
f 1096/1096/1096 1099/1099/1099 1100/1100/1100
f 1101/1101/1101 1102/1102/1102 1103/1103/1103
f 1101/1101/1101 1103/1103/1103 1104/1104/1104
f 1105/1105/1105 1106/1106/1106 1107/1107/1107
f 1105/1105/1105 1107/1107/1107 1108/1108/1108
f 1108/1108/1108 1107/1107/1107 1102/1102/1102
f 1108/1108/1108 1102/1102/1102 1101/1101/1101
f 1109/1109/1109 1108/1108/1108 1101/1101/1101
f 1109/1109/1109 1101/1101/1101 1110/1110/1110
f 1111/1111/1111 1112/1112/1112 1113/1113/1113
f 1114/1114/1114 1115/1115/1115 1116/1116/1116
f 1114/1114/1114 1116/1116/1116 1117/1117/1117
f 1118/1118/1118 1114/1114/1114 1117/1117/1117
f 1118/1118/1118 1117/1117/1117 1119/1119/1119
f 1119/1119/1119 1117/1117/1117 1120/1120/1120
f 1119/1119/1119 1120/1120/1120 1121/1121/1121
f 1122/1122/1122 1123/1123/1123 1124/1124/1124
f 1122/1122/1122 1124/1124/1124 1125/1125/1125
f 1126/1126/1126 1122/1122/1122 1125/1125/1125
f 1126/1126/1126 1125/1125/1125 1127/1127/1127
f 1128/1128/1128 1126/1126/1126 1127/1127/1127
f 1128/1128/1128 1127/1127/1127 1129/1129/1129
f 1130/1130/1130 1131/1131/1131 1132/1132/1132
f 1130/1130/1130 1132/1132/1132 1133/1133/1133
f 1130/1130/1130 1133/1133/1133 1134/1134/1134
f 1135/1135/1135 1136/1136/1136 1137/1137/1137
f 1135/1135/1135 1137/1137/1137 1138/1138/1138
f 1138/1138/1138 1137/1137/1137 1139/1139/1139
f 1138/1138/1138 1139/1139/1139 1140/1140/1140
f 1137/1137/1137 1141/1141/1141 1142/1142/1142
f 1137/1137/1137 1142/1142/1142 1139/1139/1139
f 1139/1139/1139 1142/1142/1142 1143/1143/1143
f 1139/1139/1139 1143/1143/1143 1144/1144/1144
f 1140/1140/1140 1139/1139/1139 1144/1144/1144
f 1140/1140/1140 1144/1144/1144 1145/1145/1145
f 1145/1145/1145 1144/1144/1144 1146/1146/1146
f 1145/1145/1145 1146/1146/1146 1147/1147/1147
f 1148/1148/1148 1149/1149/1149 1150/1150/1150
f 1151/1151/1151 1152/1152/1152 1153/1153/1153
f 1151/1151/1151 1153/1153/1153 1154/1154/1154
f 1154/1154/1154 1153/1153/1153 1155/1155/1155
f 1154/1154/1154 1155/1155/1155 1156/1156/1156
f 1156/1156/1156 1155/1155/1155 1157/1157/1157
f 1156/1156/1156 1157/1157/1157 1158/1158/1158
f 1158/1158/1158 1157/1157/1157 1159/1159/1159
f 1158/1158/1158 1159/1159/1159 1160/1160/1160
f 1160/1160/1160 1159/1159/1159 1161/1161/1161
f 1160/1160/1160 1161/1161/1161 1162/1162/1162
f 1162/1162/1162 1161/1161/1161 1152/1152/1152
f 1162/1162/1162 1152/1152/1152 1151/1151/1151
f 1163/1163/1163 1162/1162/1162 1151/1151/1151
f 1163/1163/1163 1151/1151/1151 1154/1154/1154
f 1163/1163/1163 1154/1154/1154 1156/1156/1156
f 1163/1163/1163 1156/1156/1156 1158/1158/1158
f 1163/1163/1163 1158/1158/1158 1160/1160/1160
f 1163/1163/1163 1160/1160/1160 1162/1162/1162
f 1164/1164/1164 1165/1165/1165 1166/1166/1166
f 1164/1164/1164 1166/1166/1166 1167/1167/1167
f 1164/1164/1164 1167/1167/1167 1168/1168/1168
f 1164/1164/1164 1168/1168/1168 1169/1169/1169
f 1164/1164/1164 1170/1170/1170 1171/1171/1171
f 1164/1164/1164 1171/1171/1171 1172/1172/1172
f 1164/1164/1164 1172/1172/1172 1173/1173/1173
f 1164/1164/1164 1173/1173/1173 1174/1174/1174
f 1164/1164/1164 1174/1174/1174 1175/1175/1175
f 1164/1164/1164 1175/1175/1175 1176/1176/1176
f 1164/1164/1164 1176/1176/1176 1177/1177/1177
f 1164/1164/1164 1177/1177/1177 1178/1178/1178
f 1164/1164/1164 1178/1178/1178 1179/1179/1179
f 1164/1164/1164 1179/1179/1179 1180/1180/1180
f 1164/1164/1164 1180/1180/1180 1181/1181/1181
f 1164/1164/1164 1181/1181/1181 1182/1182/1182
f 1164/1164/1164 1182/1182/1182 1183/1183/1183
f 1164/1164/1164 1183/1183/1183 1184/1184/1184
f 1164/1164/1164 1184/1184/1184 1185/1185/1185
f 1164/1164/1164 1185/1185/1185 1186/1186/1186
f 1164/1164/1164 1186/1186/1186 1187/1187/1187
f 1164/1164/1164 1187/1187/1187 1165/1165/1165
f 1188/1188/1188 1189/1189/1189 1190/1190/1190
f 1188/1188/1188 1190/1190/1190 1191/1191/1191
f 1188/1188/1188 1191/1191/1191 1192/1192/1192
f 1193/1193/1193 1194/1194/1194 1195/1195/1195
f 1193/1193/1193 1195/1195/1195 1196/1196/1196
f 1197/1197/1197 1193/1193/1193 1196/1196/1196
f 1197/1197/1197 1196/1196/1196 1198/1198/1198
f 1199/1199/1199 1197/1197/1197 1198/1198/1198
f 1199/1199/1199 1198/1198/1198 1200/1200/1200
f 1201/1201/1201 1199/1199/1199 1200/1200/1200
f 1201/1201/1201 1200/1200/1200 1202/1202/1202
f 1203/1203/1203 1201/1201/1201 1202/1202/1202
f 1203/1203/1203 1202/1202/1202 1204/1204/1204
f 1205/1205/1205 1203/1203/1203 1204/1204/1204
f 1205/1205/1205 1204/1204/1204 1206/1206/1206
f 1207/1207/1207 1205/1205/1205 1206/1206/1206
f 1207/1207/1207 1206/1206/1206 1208/1208/1208
f 1209/1209/1209 1210/1210/1210 1211/1211/1211
f 1209/1209/1209 1211/1211/1211 1212/1212/1212
f 1213/1213/1213 1209/1209/1209 1212/1212/1212
f 1213/1213/1213 1212/1212/1212 1214/1214/1214
f 1215/1215/1215 1213/1213/1213 1214/1214/1214
f 1215/1215/1215 1214/1214/1214 1216/1216/1216
f 1217/1217/1217 1215/1215/1215 1216/1216/1216
f 1217/1217/1217 1216/1216/1216 1218/1218/1218
f 1219/1219/1219 1217/1217/1217 1218/1218/1218
f 1219/1219/1219 1218/1218/1218 1220/1220/1220
f 1221/1221/1221 1222/1222/1222 1223/1223/1223
f 1221/1221/1221 1223/1223/1223 1224/1224/1224
f 1225/1225/1225 1221/1221/1221 1224/1224/1224
f 1225/1225/1225 1224/1224/1224 1226/1226/1226
f 1227/1227/1227 1225/1225/1225 1226/1226/1226
f 1227/1227/1227 1226/1226/1226 1228/1228/1228
f 1229/1229/1229 1227/1227/1227 1228/1228/1228
f 1229/1229/1229 1228/1228/1228 1230/1230/1230
f 1231/1231/1231 1229/1229/1229 1230/1230/1230
f 1231/1231/1231 1230/1230/1230 1232/1232/1232
f 1233/1233/1233 1231/1231/1231 1232/1232/1232
f 1233/1233/1233 1232/1232/1232 1234/1234/1234
f 1235/1235/1235 1236/1236/1236 1237/1237/1237
f 1235/1235/1235 1237/1237/1237 1238/1238/1238
f 1239/1239/1239 1235/1235/1235 1238/1238/1238
f 1239/1239/1239 1238/1238/1238 1240/1240/1240
f 1241/1241/1241 1239/1239/1239 1240/1240/1240
f 1241/1241/1241 1240/1240/1240 1242/1242/1242
f 1243/1243/1243 1241/1241/1241 1242/1242/1242
f 1243/1243/1243 1242/1242/1242 1244/1244/1244
f 1245/1245/1245 1246/1246/1246 1247/1247/1247
f 1245/1245/1245 1247/1247/1247 1248/1248/1248
f 1249/1249/1249 1245/1245/1245 1248/1248/1248
f 1249/1249/1249 1248/1248/1248 1250/1250/1250
f 1251/1251/1251 1252/1252/1252 1253/1253/1253
f 1251/1251/1251 1253/1253/1253 1254/1254/1254
f 1255/1255/1255 1251/1251/1251 1254/1254/1254
f 1255/1255/1255 1254/1254/1254 1256/1256/1256
f 1257/1257/1257 1258/1258/1258 1259/1259/1259
f 1259/1259/1259 1258/1258/1258 1260/1260/1260
f 1260/1260/1260 1258/1258/1258 1261/1261/1261
f 1261/1261/1261 1258/1258/1258 1262/1262/1262
f 1262/1262/1262 1258/1258/1258 1263/1263/1263
f 1263/1263/1263 1258/1258/1258 1257/1257/1257
f 1264/1264/1264 1265/1265/1265 1266/1266/1266
f 1265/1265/1265 1267/1267/1267 1266/1266/1266
f 1265/1265/1265 1268/1268/1268 1267/1267/1267
f 1265/1265/1265 1269/1269/1269 1268/1268/1268
f 1265/1265/1265 1270/1270/1270 1269/1269/1269
f 1265/1265/1265 1271/1271/1271 1270/1270/1270
f 1265/1265/1265 1272/1272/1272 1271/1271/1271
f 1265/1265/1265 1273/1273/1273 1272/1272/1272
f 1274/1274/1274 1273/1273/1273 1265/1265/1265
f 1274/1274/1274 1265/1265/1265 1275/1275/1275
f 1275/1275/1275 1265/1265/1265 1276/1276/1276
f 1276/1276/1276 1265/1265/1265 1277/1277/1277
f 1277/1277/1277 1265/1265/1265 1278/1278/1278
f 1278/1278/1278 1265/1265/1265 1279/1279/1279
f 1279/1279/1279 1265/1265/1265 1280/1280/1280
f 1280/1280/1280 1265/1265/1265 1264/1264/1264
f 1281/1281/1281 1282/1282/1282 1283/1283/1283
f 1281/1281/1281 1283/1283/1283 1284/1284/1284
f 1281/1281/1281 1284/1284/1284 1285/1285/1285
f 1281/1281/1281 1285/1285/1285 1286/1286/1286
f 1287/1287/1287 1288/1288/1288 1289/1289/1289
f 1290/1290/1290 1291/1291/1291 1292/1292/1292
f 1290/1290/1290 1292/1292/1292 1293/1293/1293
f 1294/1294/1294 1290/1290/1290 1293/1293/1293
f 1294/1294/1294 1293/1293/1293 1295/1295/1295
f 1296/1296/1296 1297/1297/1297 1298/1298/1298
f 1296/1296/1296 1298/1298/1298 1299/1299/1299
f 1300/1300/1300 1296/1296/1296 1299/1299/1299
f 1300/1300/1300 1299/1299/1299 1301/1301/1301
f 1302/1302/1302 1300/1300/1300 1301/1301/1301
f 1302/1302/1302 1301/1301/1301 1303/1303/1303
f 1304/1304/1304 1305/1305/1305 1306/1306/1306
f 1304/1304/1304 1306/1306/1306 1307/1307/1307
f 1308/1308/1308 1304/1304/1304 1307/1307/1307
f 1308/1308/1308 1307/1307/1307 1309/1309/1309
f 1310/1310/1310 1308/1308/1308 1309/1309/1309
f 1310/1310/1310 1309/1309/1309 1311/1311/1311
f 1312/1312/1312 1310/1310/1310 1311/1311/1311
f 1312/1312/1312 1311/1311/1311 1313/1313/1313
f 1314/1314/1314 1312/1312/1312 1313/1313/1313
f 1314/1314/1314 1313/1313/1313 1315/1315/1315
f 1316/1316/1316 1317/1317/1317 1318/1318/1318
f 1316/1316/1316 1318/1318/1318 1319/1319/1319
f 1320/1320/1320 1316/1316/1316 1319/1319/1319
f 1320/1320/1320 1319/1319/1319 1321/1321/1321
f 1322/1322/1322 1320/1320/1320 1321/1321/1321
f 1322/1322/1322 1321/1321/1321 1323/1323/1323
f 1324/1324/1324 1322/1322/1322 1323/1323/1323
f 1324/1324/1324 1323/1323/1323 1325/1325/1325
f 1326/1326/1326 1327/1327/1327 1328/1328/1328
f 1326/1326/1326 1328/1328/1328 1329/1329/1329
f 1330/1330/1330 1326/1326/1326 1329/1329/1329
f 1330/1330/1330 1329/1329/1329 1331/1331/1331
f 1332/1332/1332 1330/1330/1330 1331/1331/1331
f 1332/1332/1332 1331/1331/1331 1333/1333/1333
f 1334/1334/1334 1332/1332/1332 1333/1333/1333
f 1334/1334/1334 1333/1333/1333 1335/1335/1335
f 1336/1336/1336 1337/1337/1337 1338/1338/1338
f 1336/1336/1336 1338/1338/1338 1339/1339/1339
f 1340/1340/1340 1336/1336/1336 1339/1339/1339
f 1340/1340/1340 1339/1339/1339 1341/1341/1341
f 1342/1342/1342 1340/1340/1340 1341/1341/1341
f 1342/1342/1342 1341/1341/1341 1343/1343/1343
f 1344/1344/1344 1342/1342/1342 1343/1343/1343
f 1344/1344/1344 1343/1343/1343 1345/1345/1345
f 1346/1346/1346 1344/1344/1344 1345/1345/1345
f 1346/1346/1346 1345/1345/1345 1347/1347/1347
f 1348/1348/1348 1349/1349/1349 1350/1350/1350
f 1351/1351/1351 1352/1352/1352 1353/1353/1353
f 1354/1354/1354 1355/1355/1355 1356/1356/1356
f 1357/1357/1357 1358/1358/1358 1359/1359/1359
